운영우선순위,최종순위,채널ID,채널명,대표상위세그먼트,대표하위세그먼트,채널구독자수,최근영상조회수평균,최근영상참여율평균,최종점수,채널력점수,성장성점수,팬밀도점수,라이브친화점수,실전성점수,액션버킷,shortlist_선정여부,shortlist_유형,추천사유,주의사유,자동판정근거,변화요약
1,1,UCZBZhgVjq0OEPb34SEsLi6g,하나츠,음악·보이스형,성우더빙,16500.0,4658.1,0.0554550266913652,0.8231027617678528,0.6862850971922245,0.7932277409553068,0.8228941684665226,0.926530372369616,1.0,즉시검토,True,즉시검토형,최종점수 상위 10% / 성장성 상위권 / 팬밀도 상위권 / 라이브친화도 상위권 / 실전성 리스크 낮음 / 성장성 신뢰도 양호,주요 자동 리스크 낮음,"최종=0.823, 채널력=0.686, 성장성=0.793, 팬밀도=0.823, 라이브=0.927, 실전성=1.000, 운영제외리스크=0.000, 검증필요리스크=0.000",최종점수 +0.014 / 성장성 -0.000 / shortlist 신규 선정
2,2,UCYcb6BrBDHsFW0jtDu26yYg,노래짱 비쥬,,음악기타,97800.0,42819.7,0.0433420994853761,0.7956314060498622,0.8756209503239741,0.6738145350082614,0.7321814254859611,0.8764880904624213,0.99272,즉시검토,True,즉시검토형,최종점수 상위 10% / 성장성 상위권 / 라이브친화도 상위권 / 성장성 신뢰도 양호,상위 세그먼트 불명확,"최종=0.796, 채널력=0.876, 성장성=0.674, 팬밀도=0.732, 라이브=0.876, 실전성=0.993, 운영제외리스크=0.000, 검증필요리스크=0.091",최종점수 -0.001 / 성장성 +0.000 / shortlist 신규 선정
3,3,UCQmcltnre6aG9SkDRYZqFIg,아오쿠모 린 AOKUMO RIN,,음악기타,247000.0,110063.8,0.0437722374624464,0.7888453756190146,0.9158882289416844,0.6107208140924406,0.734341252699784,0.886796411413387,0.99272,즉시검토,True,즉시검토형,최종점수 상위 10% / 성장성 상위권 / 라이브친화도 상위권 / 성장성 신뢰도 양호,상위 세그먼트 불명확,"최종=0.789, 채널력=0.916, 성장성=0.611, 팬밀도=0.734, 라이브=0.887, 실전성=0.993, 운영제외리스크=0.000, 검증필요리스크=0.091",최종점수 -0.002 / 성장성 -0.001 / shortlist 신규 선정
4,4,UC7xoX101Wne0VDqzA_9Tg6g,썰허브,버츄얼 퍼포먼스형,버튜버,35900.0,5300.0,0.099377117989948,0.783273591386648,0.5463687904967602,0.6825323736538687,0.9573434125269978,0.8756522806555861,1.0,즉시검토,True,즉시검토형,최종점수 상위 10% / 성장성 상위권 / 팬밀도 상위권 / 라이브친화도 상위권 / 실전성 리스크 낮음 / 성장성 신뢰도 양호,주요 자동 리스크 낮음,"최종=0.783, 채널력=0.546, 성장성=0.683, 팬밀도=0.957, 라이브=0.876, 실전성=1.000, 운영제외리스크=0.000, 검증필요리스크=0.000",순위 6단계 상승 / 최종점수 +0.032 / 성장성 +0.000 / shortlist 신규 선정
5,5,UC5D9FY9lb_CUuLKt-icFkAw,홍불이,버츄얼 퍼포먼스형,버튜버,3020.0,7324.3,0.0412390389379537,0.7753201372370729,0.561231101511879,0.8091886205500233,0.7154427645788337,0.9191938196207304,1.0,즉시검토,True,즉시검토형,최종점수 상위 10% / 성장성 상위권 / 라이브친화도 상위권 / 실전성 리스크 낮음 / 성장성 신뢰도 양호,주요 자동 리스크 낮음,"최종=0.775, 채널력=0.561, 성장성=0.809, 팬밀도=0.715, 라이브=0.919, 실전성=1.000, 운영제외리스크=0.000, 검증필요리스크=0.000",순위 1단계 하락 / 최종점수 +0.000 / 성장성 +0.001 / shortlist 신규 선정
6,6,UC46k3AC4Q0IHdSu228AVX6Q,68summerberryblue썸베블,음악·보이스형,애니송커버,1220.0,401.6,0.1222291526103992,0.7729059072132366,0.2984341252699783,0.8137416954189439,0.9740820734341252,0.9006977918735297,1.0,즉시검토,True,즉시검토형,최종점수 상위 10% / 성장성 상위권 / 팬밀도 상위권 / 라이브친화도 상위권 / 실전성 리스크 낮음 / 성장성 신뢰도 양호,주요 자동 리스크 낮음,"최종=0.773, 채널력=0.298, 성장성=0.814, 팬밀도=0.974, 라이브=0.901, 실전성=1.000, 운영제외리스크=0.000, 검증필요리스크=0.000",순위 1단계 하락 / 최종점수 -0.000 / 성장성 +0.000 / shortlist 신규 선정
7,7,UCrOAVNbR8vAAo7SZUfkVjhQ,오토 레이니,,커버기타,72900.0,20551.2,0.0937279665645262,0.7722608381095497,0.8279427645788338,0.4304285705998688,0.9487041036717062,0.9273661821764512,0.99272,즉시검토,True,즉시검토형,최종점수 상위 10% / 팬밀도 상위권 / 라이브친화도 상위권 / 성장성 신뢰도 양호,상위 세그먼트 불명확,"최종=0.772, 채널력=0.828, 성장성=0.430, 팬밀도=0.949, 라이브=0.927, 실전성=0.993, 운영제외리스크=0.000, 검증필요리스크=0.091",최종점수 +0.006 / 성장성 -0.000 / shortlist 신규 선정
8,8,UC7-m6jQLinZQWIbwm9W-1iw,아카네 리제 AKANE LIZE,,게임기타,321000.0,153149.1,0.0486136963345998,0.7673171872115481,0.9402132829373652,0.5508069836269779,0.7742980561555075,0.8475009146370818,0.89272,즉시검토,True,즉시검토형,최종점수 상위 10% / 라이브친화도 상위권 / 성장성 신뢰도 양호,상위 세그먼트 불명확,"최종=0.767, 채널력=0.940, 성장성=0.551, 팬밀도=0.774, 라이브=0.848, 실전성=0.893, 운영제외리스크=0.000, 검증필요리스크=0.091",순위 1단계 상승 / 최종점수 +0.012 / 성장성 +0.000 / shortlist 신규 선정
9,9,UCOgJrwmNBq_gUcF9unLLJuw,라빈 라비린스,창작·비주얼형,코스프레,8370.0,20742.2,0.0705473053775311,0.7664844191673548,0.7496490280777537,0.516487552948416,0.8990280777537797,0.8610596070590728,1.0,즉시검토,True,즉시검토형,최종점수 상위 10% / 팬밀도 상위권 / 라이브친화도 상위권 / 실전성 리스크 낮음,주요 자동 리스크 낮음,"최종=0.766, 채널력=0.750, 성장성=0.516, 팬밀도=0.899, 라이브=0.861, 실전성=1.000, 운영제외리스크=0.000, 검증필요리스크=0.000",순위 3단계 하락 / 최종점수 +0.000 / 성장성 +0.000 / shortlist 신규 선정
10,11,UCYHHkrDQ37X_F86ALm3f54g,플뽀리,음악·보이스형,성우더빙,1690.0,6716.4,0.1287846119386173,0.7503868039177758,0.5853671706263499,0.7605194900964171,0.9800215982721382,0.4203721168874098,1.0,즉시검토,True,즉시검토형,최종점수 상위 10% / 성장성 상위권 / 팬밀도 상위권 / 실전성 리스크 낮음 / 성장성 신뢰도 양호,주요 자동 리스크 낮음,"최종=0.750, 채널력=0.585, 성장성=0.761, 팬밀도=0.980, 라이브=0.420, 실전성=1.000, 운영제외리스크=0.000, 검증필요리스크=0.000",순위 1단계 상승 / 최종점수 +0.000 / 성장성 +0.000 / shortlist 신규 선정
11,12,UCl23-Cci_SMqyGXE1T_LYUg,성시경 SUNG SI KYUNG,,커버기타,2260000.0,119622.3,22.817902007436416,0.7492209479545077,0.8502969762419006,0.4680536392558638,1.0,0.6821799612643172,0.89272,즉시검토,True,즉시검토형,최종점수 상위 10% / 팬밀도 상위권 / 라이브친화도 상위권 / 성장성 신뢰도 양호,상위 세그먼트 불명확,"최종=0.749, 채널력=0.850, 성장성=0.468, 팬밀도=1.000, 라이브=0.682, 실전성=0.893, 운영제외리스크=0.000, 검증필요리스크=0.091",순위 319단계 상승 / 최종점수 +0.125 / 성장성 -0.000 / 버킷 변경: 검증필요 → 즉시검토 / shortlist 신규 선정
12,13,UCG_gzMGTAnxOXxTU1LMIRNw,깨쓰통 대폭발,,서브컬쳐게임,35500.0,13024.2,0.0317641681872338,0.7484781697781944,0.6981641468682505,0.7829780722443586,0.576133909287257,0.8475009146370818,0.99272,즉시검토,True,즉시검토형,최종점수 상위 10% / 성장성 상위권 / 라이브친화도 상위권 / 성장성 신뢰도 양호,상위 세그먼트 불명확,"최종=0.748, 채널력=0.698, 성장성=0.783, 팬밀도=0.576, 라이브=0.848, 실전성=0.993, 운영제외리스크=0.000, 검증필요리스크=0.091",순위 2단계 하락 / 최종점수 -0.002 / 성장성 +0.000 / shortlist 신규 선정
13,15,UCXcYndGVH3VDYZqBrPa8iMQ,밤빼미 bamowl,,서브컬쳐게임,1490.0,9587.3,0.0328500057790874,0.7420076519349464,0.4671301295896328,0.8801382972973663,0.5950323974082073,0.9341304850143936,0.99272,즉시검토,True,즉시검토형,최종점수 상위 10% / 성장성 상위권 / 라이브친화도 상위권 / 성장성 신뢰도 양호,상위 세그먼트 불명확,"최종=0.742, 채널력=0.467, 성장성=0.880, 팬밀도=0.595, 라이브=0.934, 실전성=0.993, 운영제외리스크=0.000, 검증필요리스크=0.091",순위 5단계 상승 / 최종점수 +0.016 / 성장성 +0.000 / shortlist 신규 선정
14,16,UCxV6HwAqpzkAN1J2s9LolgQ,중국어로 [路],창작·비주얼형,코스프레,471000.0,95725.4,0.040703367999456,0.7391433410502171,0.7600836933045356,0.8416414562513105,0.7100431965442765,0.4203721168874098,0.9,즉시검토,True,즉시검토형,최종점수 상위 10% / 성장성 상위권 / 성장성 신뢰도 양호,주요 자동 리스크 낮음,"최종=0.739, 채널력=0.760, 성장성=0.842, 팬밀도=0.710, 라이브=0.420, 실전성=0.900, 운영제외리스크=0.000, 검증필요리스크=0.000",순위 2단계 하락 / 최종점수 -0.001 / 성장성 -0.000 / shortlist 신규 선정
15,17,UC8Dbhw5zIkAudAcWB8dTZyw,홍갱우,창작·비주얼형,코스프레,5310.0,83389.9,0.0762675854774325,0.7380456641139171,0.7357721382289417,0.6496031237805692,0.9146868250539956,0.4203721168874098,1.0,즉시검토,True,즉시검토형,최종점수 상위 10% / 성장성 상위권 / 팬밀도 상위권 / 실전성 리스크 낮음 / 성장성 신뢰도 양호,주요 자동 리스크 낮음,"최종=0.738, 채널력=0.736, 성장성=0.650, 팬밀도=0.915, 라이브=0.420, 실전성=1.000, 운영제외리스크=0.000, 검증필요리스크=0.000",순위 257단계 상승 / 최종점수 +0.103 / 성장성 +0.001 / 버킷 변경: 성장관찰 → 즉시검토 / shortlist 신규 선정
16,18,UCGb2JVNRX6iVnWqgmiFlFXg,박봉팔 Sue2,창작·비주얼형,코스프레,39300.0,6426.9,0.0312488775002356,0.7377707778850882,0.6389443844492441,0.8249611550676118,0.5701943844492441,0.738474168723263,1.0,즉시검토,True,즉시검토형,최종점수 상위 10% / 성장성 상위권 / 라이브친화도 상위권 / 실전성 리스크 낮음 / 성장성 신뢰도 양호,주요 자동 리스크 낮음,"최종=0.738, 채널력=0.639, 성장성=0.825, 팬밀도=0.570, 라이브=0.738, 실전성=1.000, 운영제외리스크=0.000, 검증필요리스크=0.000",순위 7단계 상승 / 최종점수 +0.013 / 성장성 +0.000 / shortlist 신규 선정
17,19,UCzwnpe_nXs4g3KfWCOZJn5g,배고판,음악·보이스형,성우더빙,2870.0,1443.2,0.0354270238822065,0.7348373500566585,0.4269168466522678,0.8516669253970729,0.6398488120950324,0.8778811068071464,1.0,즉시검토,True,즉시검토형,최종점수 상위 10% / 성장성 상위권 / 라이브친화도 상위권 / 실전성 리스크 낮음 / 성장성 신뢰도 양호,주요 자동 리스크 낮음,"최종=0.735, 채널력=0.427, 성장성=0.852, 팬밀도=0.640, 라이브=0.878, 실전성=1.000, 운영제외리스크=0.000, 검증필요리스크=0.000",순위 4단계 하락 / 최종점수 +0.001 / 성장성 +0.000 / shortlist 신규 선정
18,21,UCGQEzAvR0kOH5pj7aLI2f3w,경제적자유민족,버츄얼 퍼포먼스형,버튜버,113000.0,8845.5,0.0693084890754817,0.7300464020103923,0.6842602591792657,0.5491300239139337,0.892548596112311,0.662613647668959,1.0,즉시검토,True,즉시검토형,최종점수 상위 10% / 팬밀도 상위권 / 라이브친화도 상위권 / 실전성 리스크 낮음 / 성장성 신뢰도 양호,주요 자동 리스크 낮음,"최종=0.730, 채널력=0.684, 성장성=0.549, 팬밀도=0.893, 라이브=0.663, 실전성=1.000, 운영제외리스크=0.000, 검증필요리스크=0.000",순위 3단계 상승 / 최종점수 +0.005 / 성장성 -0.000 / shortlist 신규 선정
19,22,UC3XwA9aaZdWfojyo9wKaFtw,Awesome World 어썸월드,음악·보이스형,애니송커버,1380000.0,92460.7,0.050795152552359,0.7293514925057522,0.8416306695464363,0.6151509391970341,0.7926565874730022,0.5371068865753741,0.9,즉시검토,True,즉시검토형,최종점수 상위 10% / 성장성 상위권 / 성장성 신뢰도 양호,주요 자동 리스크 낮음,"최종=0.729, 채널력=0.842, 성장성=0.615, 팬밀도=0.793, 라이브=0.537, 실전성=0.900, 운영제외리스크=0.000, 검증필요리스크=0.000",순위 3단계 하락 / 최종점수 -0.001 / 성장성 +0.000 / shortlist 신규 선정
20,23,UCeHC6l3ufHq0TOLc10kQXAg,찌누의 금밤 ASMR,음악·보이스형,ASMR,33000.0,2985.3,0.0280537449543244,0.7265957564155757,0.669951403887689,0.7264254460269791,0.5086393088552916,0.892711164830439,1.0,즉시검토,True,즉시검토형,최종점수 상위 10% / 성장성 상위권 / 라이브친화도 상위권 / 실전성 리스크 낮음 / 성장성 신뢰도 양호,주요 자동 리스크 낮음,"최종=0.727, 채널력=0.670, 성장성=0.726, 팬밀도=0.509, 라이브=0.893, 실전성=1.000, 운영제외리스크=0.000, 검증필요리스크=0.000",순위 2단계 하락 / 최종점수 +0.000 / 성장성 +0.000 / shortlist 신규 선정
21,24,UCGvOF1ZO_j-645M0iuuXp_w,웃서공,버츄얼 퍼포먼스형,버튜버,27600.0,657.4,0.0533241319192766,0.7250800076549956,0.5384854211663066,0.5435552455443994,0.8072354211663066,0.978839690595926,1.0,즉시검토,True,즉시검토형,최종점수 상위 10% / 팬밀도 상위권 / 라이브친화도 상위권 / 실전성 리스크 낮음 / 성장성 신뢰도 양호,주요 자동 리스크 낮음,"최종=0.725, 채널력=0.538, 성장성=0.544, 팬밀도=0.807, 라이브=0.979, 실전성=1.000, 운영제외리스크=0.000, 검증필요리스크=0.000",순위 2단계 하락 / 최종점수 -0.000 / 성장성 -0.000 / shortlist 신규 선정
22,25,UChVe4AfyJQgtBkXCHnWJ-BA,은아지,버츄얼 퍼포먼스형,버튜버,5440.0,4622.0,0.0299195374434251,0.7250169290911669,0.5509719222462203,0.7905801760536378,0.5453563714902808,0.8830817011607868,1.0,즉시검토,True,즉시검토형,최종점수 상위 10% / 성장성 상위권 / 라이브친화도 상위권 / 실전성 리스크 낮음 / 성장성 신뢰도 양호,주요 자동 리스크 낮음,"최종=0.725, 채널력=0.551, 성장성=0.791, 팬밀도=0.545, 라이브=0.883, 실전성=1.000, 운영제외리스크=0.000, 검증필요리스크=0.000",순위 7단계 하락 / 최종점수 -0.006 / 성장성 +0.000 / shortlist 신규 선정
23,26,UC0xJkTrb53qtAaGDxS2HSUw,🍭비타츄🎗️,창작·비주얼형,코스프레,11200.0,4789.1,0.0412802361332223,0.7248585958445087,0.5815874730021598,0.6346820966387781,0.7159827213822895,0.8778811068071464,1.0,즉시검토,True,즉시검토형,최종점수 상위 10% / 성장성 상위권 / 라이브친화도 상위권 / 실전성 리스크 낮음 / 성장성 신뢰도 양호,주요 자동 리스크 낮음,"최종=0.725, 채널력=0.582, 성장성=0.635, 팬밀도=0.716, 라이브=0.878, 실전성=1.000, 운영제외리스크=0.000, 검증필요리스크=0.000",순위 1단계 상승 / 최종점수 +0.002 / 성장성 +0.001 / shortlist 신규 선정
24,27,UC_1YEM3iC_0HWKy03QHdw2Q,아델 포드 Adel Pord,창작·비주얼형,일러스트리깅,1460.0,12019.5,0.0451487423754547,0.7247950345757322,0.5598812095032397,0.6024635992351842,0.7467602591792657,0.9242940245315292,1.0,즉시검토,True,즉시검토형,최종점수 상위 10% / 성장성 상위권 / 라이브친화도 상위권 / 실전성 리스크 낮음 / 성장성 신뢰도 양호,주요 자동 리스크 낮음,"최종=0.725, 채널력=0.560, 성장성=0.602, 팬밀도=0.747, 라이브=0.924, 실전성=1.000, 운영제외리스크=0.000, 검증필요리스크=0.000",순위 4단계 하락 / 최종점수 -0.000 / 성장성 +0.000 / shortlist 신규 선정
25,28,UCvZX-kBOoY8fEVM43pLA-jA,프나가나라다,음악·보이스형,보컬로이드JPOP커버,3910.0,76571.0,0.0570733979024984,0.72303657349139,0.6430750539956803,0.730349159277098,0.8363930885529157,0.4203721168874098,1.0,즉시검토,True,즉시검토형,최종점수 상위 10% / 성장성 상위권 / 팬밀도 상위권 / 실전성 리스크 낮음 / 성장성 신뢰도 양호,주요 자동 리스크 낮음,"최종=0.723, 채널력=0.643, 성장성=0.730, 팬밀도=0.836, 라이브=0.420, 실전성=1.000, 운영제외리스크=0.000, 검증필요리스크=0.000",순위 2단계 하락 / 최종점수 +0.000 / 성장성 +0.000 / shortlist 신규 선정
26,29,UCT_sjfnjNsryvivCXUKGzVg,비욘드 BEYOND,창작·비주얼형,코스프레,15800.0,659.9,0.3355469193364627,0.7206559134684347,0.4424676025917926,0.5861775805528304,0.9983801295896328,0.7302645988915241,1.0,즉시검토,True,즉시검토형,최종점수 상위 10% / 성장성 상위권 / 팬밀도 상위권 / 라이브친화도 상위권 / 실전성 리스크 낮음 / 성장성 신뢰도 양호,주요 자동 리스크 낮음,"최종=0.721, 채널력=0.442, 성장성=0.586, 팬밀도=0.998, 라이브=0.730, 실전성=1.000, 운영제외리스크=0.000, 검증필요리스크=0.000",최종점수 +0.000 / 성장성 +0.000 / shortlist 신규 선정
27,30,UCfeRNnLPjkSJHWZpa3IhF9w,쏘민ssomin,게임 실황형,롤,44300.0,3705.8,0.0392712912006785,0.7191346436691923,0.6007019438444925,0.5751459345605437,0.693304535637149,0.956082376708526,1.0,즉시검토,True,즉시검토형,최종점수 상위 10% / 성장성 상위권 / 라이브친화도 상위권 / 실전성 리스크 낮음 / 성장성 신뢰도 양호,주요 자동 리스크 낮음,"최종=0.719, 채널력=0.601, 성장성=0.575, 팬밀도=0.693, 라이브=0.956, 실전성=1.000, 운영제외리스크=0.000, 검증필요리스크=0.000",순위 2단계 하락 / 최종점수 -0.002 / 성장성 +0.001 / shortlist 신규 선정
28,31,UC2DH2DShXCf-3YXOQiX2_Lw,원붕이즈굿,,서브컬쳐게임,160000.0,26504.3,0.0509537389672513,0.7170294790529605,0.7683855291576673,0.4451606690355166,0.7937365010799136,0.8462936338049867,0.99272,즉시검토,True,즉시검토형,최종점수 상위 10% / 라이브친화도 상위권 / 성장성 신뢰도 양호,상위 세그먼트 불명확,"최종=0.717, 채널력=0.768, 성장성=0.445, 팬밀도=0.794, 라이브=0.846, 실전성=0.993, 운영제외리스크=0.000, 검증필요리스크=0.091",순위 29단계 상승 / 최종점수 +0.016 / 성장성 +0.001 / shortlist 신규 선정
29,33,UCLLTq5nDGMGQwEmqeD3Yezw,마지나이 쿠로카 Majinai Kuroka,음악·보이스형,보컬로이드JPOP커버,3740.0,1430.5,0.1122486226736446,0.7151061593516024,0.4397138228941684,0.5311588495985906,0.968682505399568,0.8435632615958332,1.0,즉시검토,True,즉시검토형,최종점수 상위 10% / 팬밀도 상위권 / 라이브친화도 상위권 / 실전성 리스크 낮음,주요 자동 리스크 낮음,"최종=0.715, 채널력=0.440, 성장성=0.531, 팬밀도=0.969, 라이브=0.844, 실전성=1.000, 운영제외리스크=0.000, 검증필요리스크=0.000",최종점수 +0.000 / 성장성 -0.000 / shortlist 신규 선정
30,34,UCi8tpvAj_R9GzdzH0B493tQ,디핏,창작·비주얼형,코스프레,14000.0,21374.3,0.0257514492797349,0.7147982427194426,0.780048596112311,0.7614635202860957,0.4643628509719222,0.6521195912053632,1.0,즉시검토,True,즉시검토형,최종점수 상위 10% / 성장성 상위권 / 라이브친화도 상위권 / 실전성 리스크 낮음 / 성장성 신뢰도 양호,주요 자동 리스크 낮음,"최종=0.715, 채널력=0.780, 성장성=0.761, 팬밀도=0.464, 라이브=0.652, 실전성=1.000, 운영제외리스크=0.000, 검증필요리스크=0.000",순위 4단계 하락 / 최종점수 -0.002 / 성장성 -0.000 / shortlist 신규 선정
31,36,UC7lbDCeOCeYC11Rt5B-ZNyQ,므엥이,음악·보이스형,성우더빙,31000.0,9869.9,0.0824867410622317,0.7138774451201954,0.6741360691144709,0.598564590965904,0.9314254859611232,0.4203721168874098,1.0,즉시검토,True,즉시검토형,최종점수 상위 10% / 성장성 상위권 / 팬밀도 상위권 / 실전성 리스크 낮음 / 성장성 신뢰도 양호,주요 자동 리스크 낮음,"최종=0.714, 채널력=0.674, 성장성=0.599, 팬밀도=0.931, 라이브=0.420, 실전성=1.000, 운영제외리스크=0.000, 검증필요리스크=0.000",순위 1단계 하락 / 최종점수 +0.000 / 성장성 +0.000 / shortlist 신규 선정
32,37,UCQCiZz3vs45zA2HkLFaSdZw,유튜버 정조,버츄얼 퍼포먼스형,버튜버,21100.0,4848.0,0.0334409699751769,0.7128207018325047,0.6050755939524837,0.6295383577967036,0.6025917926565875,0.9390875773028796,1.0,즉시검토,True,즉시검토형,최종점수 상위 10% / 성장성 상위권 / 라이브친화도 상위권 / 실전성 리스크 낮음 / 성장성 신뢰도 양호,주요 자동 리스크 낮음,"최종=0.713, 채널력=0.605, 성장성=0.630, 팬밀도=0.603, 라이브=0.939, 실전성=1.000, 운영제외리스크=0.000, 검증필요리스크=0.000",순위 24단계 상승 / 최종점수 +0.012 / 성장성 +0.000 / shortlist 신규 선정
33,38,UCx7_eUpKsq3rJ6IpFMVBe0w,쿠냥울켈 KooNyang,음악·보이스형,성우,34100.0,22648.9,0.0582344416223899,0.7116544219020401,0.7351511879049676,0.6131105663592558,0.841792656587473,0.4203721168874098,1.0,즉시검토,True,즉시검토형,최종점수 상위 10% / 성장성 상위권 / 팬밀도 상위권 / 실전성 리스크 낮음 / 성장성 신뢰도 양호,주요 자동 리스크 낮음,"최종=0.712, 채널력=0.735, 성장성=0.613, 팬밀도=0.842, 라이브=0.420, 실전성=1.000, 운영제외리스크=0.000, 검증필요리스크=0.000",순위 1단계 상승 / 최종점수 -0.000 / 성장성 +0.001 / shortlist 신규 선정
34,40,UC7hXVHFmyaDT3SNAiQJ4j7Q,짜몽소다,음악·보이스형,커버,21800.0,8928.6,0.0713977721185169,0.7105142425186479,0.65542656587473,0.437253650634861,0.9017278617710583,0.7700616417254227,1.0,즉시검토,True,즉시검토형,최종점수 상위 10% / 팬밀도 상위권 / 라이브친화도 상위권 / 실전성 리스크 낮음,주요 자동 리스크 낮음,"최종=0.711, 채널력=0.655, 성장성=0.437, 팬밀도=0.902, 라이브=0.770, 실전성=1.000, 운영제외리스크=0.000, 검증필요리스크=0.000",순위 4단계 상승 / 최종점수 +0.001 / 성장성 +0.000 / shortlist 신규 선정
35,41,UC_SdD1NeV-4HSRJY6ESZq8A,김 츄,버츄얼 퍼포먼스형,버튜버,8530.0,5824.0,0.1266628514432435,0.7101466399730475,0.508139848812095,0.6791802359587348,0.9778617710583152,0.4203721168874098,1.0,즉시검토,True,즉시검토형,최종점수 상위 10% / 성장성 상위권 / 팬밀도 상위권 / 실전성 리스크 낮음 / 성장성 신뢰도 양호,주요 자동 리스크 낮음,"최종=0.710, 채널력=0.508, 성장성=0.679, 팬밀도=0.978, 라이브=0.420, 실전성=1.000, 운영제외리스크=0.000, 검증필요리스크=0.000",순위 7단계 하락 / 최종점수 -0.004 / 성장성 +0.000 / shortlist 신규 선정
36,42,UCEuLCV70Fm4Ua3zn-261HhQ,키미도리_메로 KIMIDORI MERO,음악·보이스형,ASMR,57800.0,30455.2,0.0401147361839855,0.7093124745677047,0.535407667386609,0.6981426692092613,0.7041036717062635,0.8759308839245311,0.98208,즉시검토,True,즉시검토형,최종점수 상위 10% / 성장성 상위권 / 라이브친화도 상위권 / 성장성 신뢰도 양호,수집 영상 수 부족,"최종=0.709, 채널력=0.535, 성장성=0.698, 팬밀도=0.704, 라이브=0.876, 실전성=0.982, 운영제외리스크=0.000, 검증필요리스크=0.224",순위 8단계 상승 / 최종점수 +0.004 / 성장성 +0.001 / shortlist 신규 선정
37,43,UChTByHpahEOxVXzp8csERhg,현서라이브,창작·비주얼형,코스프레,58400.0,9921.1,0.0343757569692569,0.709045180640674,0.6857991360691145,0.816935938898499,0.6198704103671706,0.4203721168874098,1.0,즉시검토,True,즉시검토형,최종점수 상위 10% / 성장성 상위권 / 실전성 리스크 낮음 / 성장성 신뢰도 양호,주요 자동 리스크 낮음,"최종=0.709, 채널력=0.686, 성장성=0.817, 팬밀도=0.620, 라이브=0.420, 실전성=1.000, 운영제외리스크=0.000, 검증필요리스크=0.000",순위 27단계 하락 / 최종점수 -0.025 / 성장성 +0.000 / shortlist 신규 선정
38,44,UCtVEAvDBs8JxAdKmbIGW0aA,"Key joon - 더빙,OST",음악·보이스형,애니송커버,6520.0,6048.3,0.0750140064068466,0.7079410349682991,0.3509854211663066,0.6632109610198073,0.9114470842332614,0.8983760979656544,0.98208,즉시검토,True,즉시검토형,최종점수 상위 10% / 성장성 상위권 / 팬밀도 상위권 / 라이브친화도 상위권 / 성장성 신뢰도 양호,수집 영상 수 부족,"최종=0.708, 채널력=0.351, 성장성=0.663, 팬밀도=0.911, 라이브=0.898, 실전성=0.982, 운영제외리스크=0.000, 검증필요리스크=0.224",순위 1단계 상승 / 최종점수 +0.000 / 성장성 +0.000 / shortlist 신규 선정
39,45,UCTVkjiEiaiSbEq0Qwd5XTPA,불법스님,창작·비주얼형,코스프레,68900.0,5543.5,0.0444290034828378,0.7071186528803634,0.6359611231101512,0.590356719996446,0.7408207343412527,0.7261784176136638,1.0,즉시검토,True,즉시검토형,최종점수 상위 10% / 성장성 상위권 / 라이브친화도 상위권 / 실전성 리스크 낮음 / 성장성 신뢰도 양호,주요 자동 리스크 낮음,"최종=0.707, 채널력=0.636, 성장성=0.590, 팬밀도=0.741, 라이브=0.726, 실전성=1.000, 운영제외리스크=0.000, 검증필요리스크=0.000",순위 8단계 하락 / 최종점수 -0.006 / 성장성 -0.000 / shortlist 신규 선정
40,46,UCV9WL7sW6_KjanYkUUaIDfQ,고세구 GOSEGU,,배그,544000.0,162595.8,0.0785985716013334,0.7067994640802023,0.9201133909287256,0.4634632949036029,0.92170626349892,0.4203721168874098,0.89272,즉시검토,True,즉시검토형,최종점수 상위 10% / 팬밀도 상위권 / 성장성 신뢰도 양호,상위 세그먼트 불명확,"최종=0.707, 채널력=0.920, 성장성=0.463, 팬밀도=0.922, 라이브=0.420, 실전성=0.893, 운영제외리스크=0.000, 검증필요리스크=0.091",순위 298단계 상승 / 최종점수 +0.085 / 성장성 +0.000 / 버킷 변경: 검증필요 → 즉시검토 / shortlist 신규 선정
41,47,UCRQU85B3ux0lzGHWByEWAfw,로보 프로스터,버츄얼 퍼포먼스형,버튜버,63100.0,4983.3,0.046739142411114,0.7058669399062147,0.6272138228941685,0.5042578460255077,0.7580993520518359,0.8660389635396776,1.0,즉시검토,True,즉시검토형,최종점수 상위 10% / 라이브친화도 상위권 / 실전성 리스크 낮음 / 성장성 신뢰도 양호,주요 자동 리스크 낮음,"최종=0.706, 채널력=0.627, 성장성=0.504, 팬밀도=0.758, 라이브=0.866, 실전성=1.000, 운영제외리스크=0.000, 검증필요리스크=0.000",최종점수 -0.001 / 성장성 +0.000 / shortlist 신규 선정
42,48,UChvTqi62fYg7i0PFBSEGh5A,정아선,,커버기타,29300.0,54.1,0.0946226290076554,0.7055058015802254,0.4097462203023757,0.7909319331519108,0.9503239740820736,0.4203721168874098,0.99272,즉시검토,True,즉시검토형,최종점수 상위 10% / 성장성 상위권 / 팬밀도 상위권 / 성장성 신뢰도 양호,상위 세그먼트 불명확,"최종=0.706, 채널력=0.410, 성장성=0.791, 팬밀도=0.950, 라이브=0.420, 실전성=0.993, 운영제외리스크=0.000, 검증필요리스크=0.091",순위 2단계 하락 / 최종점수 -0.002 / 성장성 +0.000 / shortlist 신규 선정
43,49,UC_f4u9MjD2lWX6plu92AVtg,힐리아,음악·보이스형,커버,93100.0,61222.3,0.0561375030385897,0.7053709123262378,0.8668736501079913,0.498203786556753,0.8277537796976242,0.4203721168874098,1.0,즉시검토,True,즉시검토형,최종점수 상위 10% / 팬밀도 상위권 / 실전성 리스크 낮음 / 성장성 신뢰도 양호,주요 자동 리스크 낮음,"최종=0.705, 채널력=0.867, 성장성=0.498, 팬밀도=0.828, 라이브=0.420, 실전성=1.000, 운영제외리스크=0.000, 검증필요리스크=0.000",순위 1단계 하락 / 최종점수 -0.001 / 성장성 +0.001 / shortlist 신규 선정
44,50,UCCpevjShz4VagGJRUKan_aQ,김가비 GABI,음악·보이스형,커버,6120.0,8191.4,0.0809606279089081,0.7047055214094072,0.6814389848812095,0.5617667224215129,0.9292656587473002,0.4203721168874098,1.0,즉시검토,True,즉시검토형,최종점수 상위 10% / 팬밀도 상위권 / 실전성 리스크 낮음 / 성장성 신뢰도 양호,주요 자동 리스크 낮음,"최종=0.705, 채널력=0.681, 성장성=0.562, 팬밀도=0.929, 라이브=0.420, 실전성=1.000, 운영제외리스크=0.000, 검증필요리스크=0.000",순위 1단계 상승 / 최종점수 +0.000 / 성장성 +0.001 / shortlist 신규 선정
45,51,UCfTczWpcDVfzT40hZ6kITGw,코코잡덕집사,게임 실황형,롤,1570.0,272.8,0.1459240276210943,0.7041674402464121,0.3989065874730021,0.7368640567437379,0.9865010799136068,0.4203721168874098,1.0,즉시검토,True,즉시검토형,최종점수 상위 10% / 성장성 상위권 / 팬밀도 상위권 / 실전성 리스크 낮음 / 성장성 신뢰도 양호,주요 자동 리스크 낮음,"최종=0.704, 채널력=0.399, 성장성=0.737, 팬밀도=0.987, 라이브=0.420, 실전성=1.000, 운영제외리스크=0.000, 검증필요리스크=0.000",순위 2단계 상승 / 최종점수 +0.000 / 성장성 +0.000 / shortlist 신규 선정
46,52,UCNKFX8Kwk0LgX8VqyWFqF3Q,미르 MIR,게임 실황형,롤,38000.0,11458.3,0.0579829991546745,0.7039397637906443,0.6907937365010799,0.6221075063039009,0.8396328293736501,0.4203721168874098,1.0,즉시검토,True,즉시검토형,최종점수 상위 10% / 성장성 상위권 / 팬밀도 상위권 / 실전성 리스크 낮음 / 성장성 신뢰도 양호,주요 자동 리스크 낮음,"최종=0.704, 채널력=0.691, 성장성=0.622, 팬밀도=0.840, 라이브=0.420, 실전성=1.000, 운영제외리스크=0.000, 검증필요리스크=0.000",순위 3단계 상승 / 최종점수 +0.001 / 성장성 +0.000 / shortlist 신규 선정
47,53,UC0AQtGtkfd0jOIcJ_gZKGjg,김유잼 Kim Yu Jaem,음악·보이스형,성우더빙,18100.0,7619.2,0.038386894372904,0.7038791298828018,0.6364470842332614,0.5386032579688176,0.6819654427645788,0.886796411413387,1.0,즉시검토,True,즉시검토형,최종점수 상위 10% / 라이브친화도 상위권 / 실전성 리스크 낮음,주요 자동 리스크 낮음,"최종=0.704, 채널력=0.636, 성장성=0.539, 팬밀도=0.682, 라이브=0.887, 실전성=1.000, 운영제외리스크=0.000, 검증필요리스크=0.000",순위 4단계 하락 / 최종점수 -0.001 / 성장성 -0.000 / shortlist 신규 선정
48,54,UCHexpJz2t4ZOP8leiHktJSQ,IRO(아이로),,기타 연주,12900.0,3007.3,0.0704438314383223,0.7036680338770562,0.6143088552915766,0.3980384610813535,0.8984881209503239,0.9175222000070604,0.99272,즉시검토,True,즉시검토형,최종점수 상위 10% / 팬밀도 상위권 / 라이브친화도 상위권 / 성장성 신뢰도 양호,상위 세그먼트 불명확,"최종=0.704, 채널력=0.614, 성장성=0.398, 팬밀도=0.898, 라이브=0.918, 실전성=0.993, 운영제외리스크=0.000, 검증필요리스크=0.091",순위 2단계 상승 / 최종점수 +0.001 / 성장성 +0.000 / shortlist 신규 선정
49,55,UCdGOhFcKgCxXf1kKsJBfFpA,선순환시대 인문학 힐링타운 방송,음악·보이스형,ASMR보이스,3350.0,308.6,0.1722177416026403,0.7032283474697146,0.3544546436285097,0.5390621951864827,0.9897408207343412,0.8437862043844815,1.0,즉시검토,True,즉시검토형,최종점수 상위 10% / 팬밀도 상위권 / 라이브친화도 상위권 / 실전성 리스크 낮음 / 성장성 신뢰도 양호,주요 자동 리스크 낮음,"최종=0.703, 채널력=0.354, 성장성=0.539, 팬밀도=0.990, 라이브=0.844, 실전성=1.000, 운영제외리스크=0.000, 검증필요리스크=0.000",순위 1단계 하락 / 최종점수 -0.000 / 성장성 +0.000 / shortlist 신규 선정
50,57,UCV9JerG8vhy1GZZoWBi84rg,와이랩 아카데미,창작·비주얼형,일러스트리깅,17900.0,8779.8,0.0965990725301335,0.7020297850329634,0.5337203023758099,0.5140835533202054,0.9546436285097192,0.738474168723263,0.99104,즉시검토,True,즉시검토형,최종점수 상위 10% / 팬밀도 상위권 / 라이브친화도 상위권 / 성장성 신뢰도 양호,주요 자동 리스크 낮음,"최종=0.702, 채널력=0.534, 성장성=0.514, 팬밀도=0.955, 라이브=0.738, 실전성=0.991, 운영제외리스크=0.000, 검증필요리스크=0.112",순위 6단계 상승 / 최종점수 +0.002 / 성장성 -0.000 / shortlist 신규 선정
51,58,UCJiYZT8QrPKpsV8VqhL5lmQ,로버찌의 게임튜브,음악·보이스형,성우더빙,12100.0,35311.8,0.0504485564201781,0.7016678492335428,0.6553860691144708,0.6825420061501059,0.7877969762419006,0.4203721168874098,1.0,즉시검토,True,즉시검토형,최종점수 상위 10% / 성장성 상위권 / 실전성 리스크 낮음 / 성장성 신뢰도 양호,주요 자동 리스크 낮음,"최종=0.702, 채널력=0.655, 성장성=0.683, 팬밀도=0.788, 라이브=0.420, 실전성=1.000, 운영제외리스크=0.000, 검증필요리스크=0.000",순위 6단계 하락 / 최종점수 -0.003 / 성장성 +0.000 / shortlist 신규 선정
52,59,UCkmb3uZxHAx10m7QR8XJSpQ,하시요 HaSiyo,,게임기타,17200.0,89709.4,0.0299737128743581,0.7007280869209488,0.8474082073434125,0.5773441563295947,0.5458963282937365,0.738474168723263,0.99272,즉시검토,True,즉시검토형,최종점수 상위 10% / 성장성 상위권 / 라이브친화도 상위권,상위 세그먼트 불명확,"최종=0.701, 채널력=0.847, 성장성=0.577, 팬밀도=0.546, 라이브=0.738, 실전성=0.993, 운영제외리스크=0.000, 검증필요리스크=0.091",순위 1단계 하락 / 최종점수 -0.001 / 성장성 +0.000 / shortlist 신규 선정
53,61,UCRWgm-fW_02svpuH3wZjDXg,유니의그긴거,음악·보이스형,성우더빙,3220.0,31312.8,0.0550836383745952,0.6992620981411389,0.7665496760259181,0.5615763492866144,0.8196544276457883,0.4203721168874098,1.0,즉시검토,True,즉시검토형,최종점수 상위 10% / 팬밀도 상위권 / 실전성 리스크 낮음 / 성장성 신뢰도 양호,주요 자동 리스크 낮음,"최종=0.699, 채널력=0.767, 성장성=0.562, 팬밀도=0.820, 라이브=0.420, 실전성=1.000, 운영제외리스크=0.000, 검증필요리스크=0.000",순위 18단계 하락 / 최종점수 -0.012 / 성장성 +0.000 / shortlist 신규 선정
54,62,UCxhu_SyqGjbd2dL6y_l5dIQ,왕클세종,버츄얼 퍼포먼스형,버튜버,660000.0,153392.6,0.0258177464892716,0.6990081388222599,0.854157667386609,0.6296628143850334,0.4649028077753779,0.7700616417254227,0.9,즉시검토,True,즉시검토형,최종점수 상위 10% / 성장성 상위권 / 라이브친화도 상위권 / 성장성 신뢰도 양호,주요 자동 리스크 낮음,"최종=0.699, 채널력=0.854, 성장성=0.630, 팬밀도=0.465, 라이브=0.770, 실전성=0.900, 운영제외리스크=0.000, 검증필요리스크=0.000",순위 5단계 상승 / 최종점수 +0.002 / 성장성 +0.001 / shortlist 신규 선정
55,63,UCptlCVZcQYIxyNqgEltVfbw,블릿 Bullet,,서브컬쳐게임,27700.0,9390.3,0.0297003685196064,0.69797352318196,0.6667386609071275,0.6070786690881494,0.5377969762419006,0.9414670377632792,0.99272,즉시검토,True,즉시검토형,최종점수 상위 10% / 성장성 상위권 / 라이브친화도 상위권 / 성장성 신뢰도 양호,상위 세그먼트 불명확,"최종=0.698, 채널력=0.667, 성장성=0.607, 팬밀도=0.538, 라이브=0.941, 실전성=0.993, 운영제외리스크=0.000, 검증필요리스크=0.091",순위 1단계 상승 / 최종점수 -0.002 / 성장성 +0.001 / shortlist 신규 선정
56,64,UCt_LORDeiBvQKN8EerXbNww,오니차니,음악·보이스형,보컬로이드JPOP커버,6330.0,85.5,0.1219760616957413,0.6967640878918094,0.3623920086393088,0.7492955814260809,0.9735421166306696,0.4203721168874098,1.0,즉시검토,True,즉시검토형,최종점수 상위 10% / 성장성 상위권 / 팬밀도 상위권 / 실전성 리스크 낮음 / 성장성 신뢰도 양호,주요 자동 리스크 낮음,"최종=0.697, 채널력=0.362, 성장성=0.749, 팬밀도=0.974, 라이브=0.420, 실전성=1.000, 운영제외리스크=0.000, 검증필요리스크=0.000",순위 1409단계 상승 / 최종점수 +0.215 / 성장성 +0.000 / 버킷 변경: 보류 → 즉시검토 / shortlist 신규 선정
57,65,UCqPZn9vOHesJYA5bJBXU4hg,현도현 원신,,서브컬쳐게임,1550.0,512.1,0.0487203332909239,0.6962542340203366,0.3256479481641467,0.7284771118385999,0.775377969762419,0.8552089384112274,0.99272,즉시검토,True,즉시검토형,최종점수 상위 10% / 성장성 상위권 / 라이브친화도 상위권 / 성장성 신뢰도 양호,상위 세그먼트 불명확,"최종=0.696, 채널력=0.326, 성장성=0.728, 팬밀도=0.775, 라이브=0.855, 실전성=0.993, 운영제외리스크=0.000, 검증필요리스크=0.091",최종점수 -0.002 / 성장성 -0.002 / shortlist 신규 선정
58,66,UCcfBNuUp4NBgGszA_h7kzRQ,유빈,음악·보이스형,ASMR보이스,16800.0,1828.9,0.0672587681082963,0.6960262985046256,0.5200593952483801,0.4142391316958519,0.8849892008639308,0.9395243365671906,1.0,즉시검토,True,즉시검토형,최종점수 상위 10% / 팬밀도 상위권 / 라이브친화도 상위권 / 실전성 리스크 낮음 / 성장성 신뢰도 양호,주요 자동 리스크 낮음,"최종=0.696, 채널력=0.520, 성장성=0.414, 팬밀도=0.885, 라이브=0.940, 실전성=1.000, 운영제외리스크=0.000, 검증필요리스크=0.000",순위 3단계 상승 / 최종점수 +0.000 / 성장성 +0.000 / shortlist 신규 선정
59,68,UCNU8VMjVkYK9INB_rMy0nyg,나기농의 하루나기,버츄얼 퍼포먼스형,버튜버,2600.0,123.7,0.1389159900870135,0.6953280981323036,0.3273488120950323,0.4855007248318653,0.984341252699784,0.938773872830144,1.0,즉시검토,True,즉시검토형,최종점수 상위 10% / 팬밀도 상위권 / 라이브친화도 상위권 / 실전성 리스크 낮음 / 성장성 신뢰도 양호,주요 자동 리스크 낮음,"최종=0.695, 채널력=0.327, 성장성=0.486, 팬밀도=0.984, 라이브=0.939, 실전성=1.000, 운영제외리스크=0.000, 검증필요리스크=0.000",순위 3단계 상승 / 최종점수 +0.000 / 성장성 -0.000 / shortlist 신규 선정
60,69,UCRsaWGh4p0WgazHjzymWbDw,병우쌤의 다락방 BW's Darakbang,,서브컬쳐게임,31100.0,6785.1,0.0547477527779131,0.6950216688990791,0.6412526997840173,0.6763808421971843,0.8169546436285097,0.4203721168874098,0.99272,즉시검토,True,즉시검토형,최종점수 상위 10% / 성장성 상위권 / 팬밀도 상위권 / 성장성 신뢰도 양호,상위 세그먼트 불명확,"최종=0.695, 채널력=0.641, 성장성=0.676, 팬밀도=0.817, 라이브=0.420, 실전성=0.993, 운영제외리스크=0.000, 검증필요리스크=0.091",순위 10단계 하락 / 최종점수 -0.006 / 성장성 +0.001 / shortlist 신규 선정
61,70,UCNHV3_QQE3IICiLGK6P31Fw,내 안에 머물러라,음악·보이스형,애니송커버,95800.0,5698.6,0.1901309944299218,0.694646096075595,0.6435475161987041,0.505974614047901,0.99244060475162,0.4203721168874098,1.0,즉시검토,True,즉시검토형,최종점수 상위 10% / 팬밀도 상위권 / 실전성 리스크 낮음 / 성장성 신뢰도 양호,주요 자동 리스크 낮음,"최종=0.695, 채널력=0.644, 성장성=0.506, 팬밀도=0.992, 라이브=0.420, 실전성=1.000, 운영제외리스크=0.000, 검증필요리스크=0.000",순위 4단계 하락 / 최종점수 -0.003 / 성장성 +0.000 / shortlist 신규 선정
62,71,UC3kYy4y56E1A1VmkmfftBUw,흑우수달,,서브컬쳐게임,34900.0,4701.3,0.1356816614381272,0.6938151524056022,0.6143628509719222,0.5625300466365567,0.9832613390928726,0.4203721168874098,0.99272,즉시검토,True,즉시검토형,최종점수 상위 10% / 팬밀도 상위권 / 성장성 신뢰도 양호,상위 세그먼트 불명확,"최종=0.694, 채널력=0.614, 성장성=0.563, 팬밀도=0.983, 라이브=0.420, 실전성=0.993, 운영제외리스크=0.000, 검증필요리스크=0.091",순위 35단계 하락 / 최종점수 -0.019 / 성장성 +0.000 / shortlist 신규 선정
63,72,UC6PYFhIvrcpapUhOS9C30tw,주디타임 Judy Time,창작·비주얼형,코스프레,3630.0,1190.2,0.0631155051134227,0.6931625269978402,0.422975161987041,0.5,0.8628509719222462,0.9352051835853132,1.0,즉시검토,True,즉시검토형,최종점수 상위 10% / 팬밀도 상위권 / 라이브친화도 상위권 / 실전성 리스크 낮음 / 성장성 신뢰도 양호,주요 자동 리스크 낮음,"최종=0.693, 채널력=0.423, 성장성=0.500, 팬밀도=0.863, 라이브=0.935, 실전성=1.000, 운영제외리스크=0.000, 검증필요리스크=0.000",최종점수 +0.000 / shortlist 신규 선정
64,73,UC3aOl8L_1GM_AWamzEaqdEw,매운 플리,,커버기타,25600.0,27959.8,0.078869975742897,0.6910397426738584,0.8177645788336932,0.4398941726331828,0.9233261339092872,0.4203721168874098,0.99272,즉시검토,True,즉시검토형,최종점수 상위 10% / 팬밀도 상위권 / 성장성 신뢰도 양호,상위 세그먼트 불명확,"최종=0.691, 채널력=0.818, 성장성=0.440, 팬밀도=0.923, 라이브=0.420, 실전성=0.993, 운영제외리스크=0.000, 검증필요리스크=0.091",최종점수 -0.000 / 성장성 +0.001 / shortlist 신규 선정
65,74,UCbGVj7UvFM1uRU6nB4Vs9Rw,인디 노래 부르는 사람,,커버기타,3540.0,5298.0,0.0774850587301413,0.6906751619895967,0.5403077753779697,0.4904245771625472,0.91792656587473,0.738474168723263,0.99272,즉시검토,True,즉시검토형,최종점수 상위 10% / 팬밀도 상위권 / 라이브친화도 상위권 / 성장성 신뢰도 양호,상위 세그먼트 불명확,"최종=0.691, 채널력=0.540, 성장성=0.490, 팬밀도=0.918, 라이브=0.738, 실전성=0.993, 운영제외리스크=0.000, 검증필요리스크=0.091",최종점수 -0.000 / 성장성 +0.001 / shortlist 신규 선정
66,75,UCTM6nJ6EJ0ay2E3p6dXcb9A,플사모:플덕플덕 plave fangirl,창작·비주얼형,코스프레,1090.0,4125.6,0.1324486268045291,0.6895462376153342,0.4500269978401727,0.7411548480258342,0.9816414686825052,0.4203721168874098,0.8,즉시검토,True,즉시검토형,최종점수 상위 10% / 성장성 상위권 / 팬밀도 상위권 / 성장성 신뢰도 양호,주요 자동 리스크 낮음,"최종=0.690, 채널력=0.450, 성장성=0.741, 팬밀도=0.982, 라이브=0.420, 실전성=0.800, 운영제외리스크=0.000, 검증필요리스크=0.000",순위 2단계 상승 / 최종점수 +0.000 / 성장성 +0.001 / shortlist 신규 선정
67,76,UCETfz_5ER_pscDD5QdfJ0zA,김시원,,음악기타,17900.0,16635.7,0.0744487699328616,0.6890800692503327,0.7916441684665227,0.4644490646796776,0.9092872570194384,0.4203721168874098,0.99272,즉시검토,True,즉시검토형,최종점수 상위 10% / 팬밀도 상위권 / 성장성 신뢰도 양호,상위 세그먼트 불명확,"최종=0.689, 채널력=0.792, 성장성=0.464, 팬밀도=0.909, 라이브=0.420, 실전성=0.993, 운영제외리스크=0.000, 검증필요리스크=0.091",순위 1단계 하락 / 최종점수 -0.001 / 성장성 -0.000 / shortlist 신규 선정
68,77,UCRvnG9wMIiCBYGxaXLUIrQg,토꽁 ToKkong,버츄얼 퍼포먼스형,버튜버,1870.0,3005.6,0.0605309540829111,0.6890291576673866,0.4636069114470841,0.5,0.8531317494600432,0.8623110151187904,1.0,즉시검토,True,즉시검토형,최종점수 상위 10% / 팬밀도 상위권 / 라이브친화도 상위권 / 실전성 리스크 낮음,주요 자동 리스크 낮음,"최종=0.689, 채널력=0.464, 성장성=0.500, 팬밀도=0.853, 라이브=0.862, 실전성=1.000, 운영제외리스크=0.000, 검증필요리스크=0.000",순위 1단계 상승 / 최종점수 +0.000 / shortlist 신규 선정
69,79,UC1fE1LR61f1zJsLRbFZW8VQ,댕동딩,창작·비주얼형,일러스트리깅,2840.0,8298.1,0.0482914082693201,0.6874354209988018,0.4534017278617711,0.8388771891747501,0.7721382289416847,0.4203721168874098,0.99104,즉시검토,True,즉시검토형,최종점수 상위 10% / 성장성 상위권 / 성장성 신뢰도 양호,주요 자동 리스크 낮음,"최종=0.687, 채널력=0.453, 성장성=0.839, 팬밀도=0.772, 라이브=0.420, 실전성=0.991, 운영제외리스크=0.000, 검증필요리스크=0.112",순위 11단계 하락 / 최종점수 -0.010 / 성장성 +0.000 / shortlist 신규 선정
70,81,UCfErRnESYXp86XRZVNZYK_g,유우양,게임 실황형,발로란트,48900.0,1776.1,0.0417251971618063,0.6868288282350505,0.5434935205183585,0.6067633520877507,0.7197624190064795,0.7267918863667726,1.0,즉시검토,True,즉시검토형,최종점수 상위 10% / 성장성 상위권 / 라이브친화도 상위권 / 실전성 리스크 낮음 / 성장성 신뢰도 양호,주요 자동 리스크 낮음,"최종=0.687, 채널력=0.543, 성장성=0.607, 팬밀도=0.720, 라이브=0.727, 실전성=1.000, 운영제외리스크=0.000, 검증필요리스크=0.000",순위 5단계 하락 / 최종점수 -0.003 / 성장성 +0.000 / shortlist 신규 선정
71,82,UCGVc5JQ4nvwBQVn613AgROA,묘진,음악·보이스형,커버,3250.0,201.2,0.1053545291402731,0.6864018255503573,0.344438444924406,0.5636185915765568,0.9638228941684666,0.738474168723263,1.0,즉시검토,True,즉시검토형,최종점수 상위 10% / 팬밀도 상위권 / 라이브친화도 상위권 / 실전성 리스크 낮음 / 성장성 신뢰도 양호,주요 자동 리스크 낮음,"최종=0.686, 채널력=0.344, 성장성=0.564, 팬밀도=0.964, 라이브=0.738, 실전성=1.000, 운영제외리스크=0.000, 검증필요리스크=0.000",순위 1단계 하락 / 최종점수 -0.001 / 성장성 +0.000 / shortlist 신규 선정
72,84,UCjxC1wF9rHxwsRm3sYe0cRw,Camelllia카멜리아,음악·보이스형,애니송커버,3660.0,1674.4,0.0451161500567566,0.6856991605286062,0.4528347732181425,0.5812432244252705,0.7462203023758099,0.8610596070590728,1.0,즉시검토,True,즉시검토형,최종점수 상위 10% / 성장성 상위권 / 라이브친화도 상위권 / 실전성 리스크 낮음 / 성장성 신뢰도 양호,주요 자동 리스크 낮음,"최종=0.686, 채널력=0.453, 성장성=0.581, 팬밀도=0.746, 라이브=0.861, 실전성=1.000, 운영제외리스크=0.000, 검증필요리스크=0.000",순위 1단계 하락 / 최종점수 -0.001 / 성장성 +0.000 / shortlist 신규 선정
73,85,UCKb3MHlDxMtgC1bawtLrlQA,우데조셉축스,버츄얼 퍼포먼스형,버튜버,31300.0,18840.4,0.0303801335346367,0.6854476221003528,0.7226241900647947,0.4893992971833286,0.5550755939524838,0.9154791093681304,1.0,즉시검토,True,즉시검토형,최종점수 상위 10% / 라이브친화도 상위권 / 실전성 리스크 낮음 / 성장성 신뢰도 양호,주요 자동 리스크 낮음,"최종=0.685, 채널력=0.723, 성장성=0.489, 팬밀도=0.555, 라이브=0.915, 실전성=1.000, 운영제외리스크=0.000, 검증필요리스크=0.000",순위 1단계 하락 / 최종점수 -0.001 / 성장성 -0.000 / shortlist 신규 선정
74,86,UCvqaWntfsfUayQGHSH_wsBw,위도 W2RDØ,음악·보이스형,성우더빙,28400.0,23433.6,0.0409186975055816,0.6848552986697966,0.7337742980561555,0.6198774280028173,0.712742980561555,0.4203721168874098,1.0,즉시검토,True,즉시검토형,최종점수 상위 10% / 성장성 상위권 / 실전성 리스크 낮음 / 성장성 신뢰도 양호,주요 자동 리스크 낮음,"최종=0.685, 채널력=0.734, 성장성=0.620, 팬밀도=0.713, 라이브=0.420, 실전성=1.000, 운영제외리스크=0.000, 검증필요리스크=0.000",순위 5단계 상승 / 최종점수 -0.000 / 성장성 +0.001 / shortlist 신규 선정
75,87,UCvd5VF4-mcNVLltNSQPe4kg,봄이 오는 길목에서,음악·보이스형,ASMR보이스,1550.0,3798.8,0.1223937939121994,0.684591742710181,0.4716792656587472,0.6191058574281331,0.974622030237581,0.4203721168874098,1.0,즉시검토,True,즉시검토형,최종점수 상위 10% / 성장성 상위권 / 팬밀도 상위권 / 실전성 리스크 낮음 / 성장성 신뢰도 양호,주요 자동 리스크 낮음,"최종=0.685, 채널력=0.472, 성장성=0.619, 팬밀도=0.975, 라이브=0.420, 실전성=1.000, 운영제외리스크=0.000, 검증필요리스크=0.000",순위 6단계 상승 / 최종점수 +0.000 / 성장성 -0.000 / shortlist 신규 선정
76,88,UCJmP02aKPhIfIjffycFaE1Q,솜,음악·보이스형,JPOP커버,5510.0,23301.5,0.0467667406832658,0.6843716646554477,0.7399568034557235,0.5768068282755454,0.7591792656587473,0.4203721168874098,1.0,즉시검토,True,즉시검토형,최종점수 상위 10% / 성장성 상위권 / 실전성 리스크 낮음 / 성장성 신뢰도 양호,주요 자동 리스크 낮음,"최종=0.684, 채널력=0.740, 성장성=0.577, 팬밀도=0.759, 라이브=0.420, 실전성=1.000, 운영제외리스크=0.000, 검증필요리스크=0.000",순위 2단계 하락 / 최종점수 -0.002 / 성장성 +0.000 / shortlist 신규 선정
77,89,UCLMu34PKskkqvflRz0dBQxQ,6시 내고향,창작·비주얼형,코스프레,112000.0,3465.1,0.0373495756149812,0.6838159930440244,0.6090442764578834,0.4624692562627991,0.6663066954643628,0.9583159164503094,1.0,즉시검토,True,즉시검토형,최종점수 상위 10% / 라이브친화도 상위권 / 실전성 리스크 낮음 / 성장성 신뢰도 양호,주요 자동 리스크 낮음,"최종=0.684, 채널력=0.609, 성장성=0.462, 팬밀도=0.666, 라이브=0.958, 실전성=1.000, 운영제외리스크=0.000, 검증필요리스크=0.000",순위 4단계 하락 / 최종점수 -0.002 / 성장성 -0.000 / shortlist 신규 선정
78,92,UCnB2d939085ACsYjzPEbqmw,멜랑 Melang,음악·보이스형,커버,4380.0,1007.8,0.1852954914600475,0.6829014836790537,0.4187634989200863,0.4706580216412468,0.991900647948164,0.738474168723263,1.0,즉시검토,True,즉시검토형,최종점수 상위 10% / 팬밀도 상위권 / 라이브친화도 상위권 / 실전성 리스크 낮음,주요 자동 리스크 낮음,"최종=0.683, 채널력=0.419, 성장성=0.471, 팬밀도=0.992, 라이브=0.738, 실전성=1.000, 운영제외리스크=0.000, 검증필요리스크=0.000",순위 29단계 상승 / 최종점수 +0.008 / 성장성 +0.001 / shortlist 신규 선정
79,94,UCb08r5yPoH-AqM7_XCL4Uhg,유이 yui,음악·보이스형,커버,127000.0,37621.7,0.0507917973232874,0.6819864070665609,0.7855291576673866,0.3598980919562516,0.7915766738660908,0.6950110558763025,1.0,즉시검토,True,즉시검토형,최종점수 상위 10% / 라이브친화도 상위권 / 실전성 리스크 낮음 / 성장성 신뢰도 양호,주요 자동 리스크 낮음,"최종=0.682, 채널력=0.786, 성장성=0.360, 팬밀도=0.792, 라이브=0.695, 실전성=1.000, 운영제외리스크=0.000, 검증필요리스크=0.000",순위 6단계 상승 / 최종점수 +0.000 / 성장성 +0.000 / shortlist 신규 선정
80,97,UCy5MKYqvHREz0TsRgm-gB1g,유봄냥 U_BomNyang,게임 실황형,롤,26100.0,5827.5,0.0340918011587479,0.6813114519155877,0.6225971922246221,0.5362942877526796,0.6177105831533477,0.8552089384112274,1.0,즉시검토,True,즉시검토형,최종점수 상위 10% / 라이브친화도 상위권 / 실전성 리스크 낮음 / 성장성 신뢰도 양호,주요 자동 리스크 낮음,"최종=0.681, 채널력=0.623, 성장성=0.536, 팬밀도=0.618, 라이브=0.855, 실전성=1.000, 운영제외리스크=0.000, 검증필요리스크=0.000",순위 2단계 상승 / 최종점수 -0.001 / 성장성 +0.000 / shortlist 신규 선정
81,98,UCw7aQ_Y0a_gK781XxC00egA,(도라+도리)도도리,,서브컬쳐게임,1240.0,225.1,0.0579995998621379,0.6803294376155785,0.2886069114470841,0.6115426656155214,0.8401727861771058,0.9266157184394046,0.99272,즉시검토,True,즉시검토형,최종점수 상위 10% / 성장성 상위권 / 팬밀도 상위권 / 라이브친화도 상위권 / 성장성 신뢰도 양호,상위 세그먼트 불명확,"최종=0.680, 채널력=0.289, 성장성=0.612, 팬밀도=0.840, 라이브=0.927, 실전성=0.993, 운영제외리스크=0.000, 검증필요리스크=0.091",순위 4단계 상승 / 최종점수 -0.000 / 성장성 +0.000 / shortlist 신규 선정
82,99,UCNwaq8z8pwFl7ZzSAs0b5UQ,세상사연,창작·비주얼형,코스프레,72600.0,60408.9,0.0262002384909907,0.680241383654069,0.7975971922246221,0.7424688916538363,0.4719222462203024,0.4203721168874098,1.0,즉시검토,True,즉시검토형,최종점수 상위 10% / 성장성 상위권 / 실전성 리스크 낮음 / 성장성 신뢰도 양호,주요 자동 리스크 낮음,"최종=0.680, 채널력=0.798, 성장성=0.742, 팬밀도=0.472, 라이브=0.420, 실전성=1.000, 운영제외리스크=0.000, 검증필요리스크=0.000",순위 12단계 하락 / 최종점수 -0.006 / 성장성 +0.000 / shortlist 신규 선정
83,100,UCIPSyiBBm9VtWGj-Q7trkKw,SUNBA선바,게임 실황형,원신,712000.0,55834.8,0.0377463460049819,0.6798830535979741,0.8201133909287257,0.6150745163377923,0.6690064794816415,0.4203721168874098,0.9,즉시검토,True,즉시검토형,최종점수 상위 10% / 성장성 상위권 / 성장성 신뢰도 양호,주요 자동 리스크 낮음,"최종=0.680, 채널력=0.820, 성장성=0.615, 팬밀도=0.669, 라이브=0.420, 실전성=0.900, 운영제외리스크=0.000, 검증필요리스크=0.000",순위 76단계 상승 / 최종점수 +0.021 / 성장성 +0.000 / shortlist 신규 선정
84,101,UC6kkeIf_Dzgmm65KoC-Lx9Q,키마리오,,서브컬쳐게임,13100.0,74.3,0.0445479983281703,0.6796996655392173,0.4515118790496759,0.5977962035392396,0.7419006479481641,0.8532824840580361,0.99272,즉시검토,True,즉시검토형,최종점수 상위 10% / 성장성 상위권 / 라이브친화도 상위권 / 성장성 신뢰도 양호,상위 세그먼트 불명확,"최종=0.680, 채널력=0.452, 성장성=0.598, 팬밀도=0.742, 라이브=0.853, 실전성=0.993, 운영제외리스크=0.000, 검증필요리스크=0.091",순위 6단계 하락 / 최종점수 -0.003 / 성장성 -0.000 / shortlist 신규 선정
85,102,UCg0OOY_lDzIEwOL3za-SpfQ,쇼카,버츄얼 퍼포먼스형,버튜버,2050.0,2255.0,0.07988622805393,0.6795982850421084,0.2203428725701943,0.6795388249828874,0.926025917926566,0.8491725342507518,0.98208,즉시검토,True,즉시검토형,최종점수 상위 10% / 성장성 상위권 / 팬밀도 상위권 / 라이브친화도 상위권 / 성장성 신뢰도 양호,수집 영상 수 부족,"최종=0.680, 채널력=0.220, 성장성=0.680, 팬밀도=0.926, 라이브=0.849, 실전성=0.982, 운영제외리스크=0.000, 검증필요리스크=0.224",순위 1단계 하락 / 최종점수 -0.002 / 성장성 +0.001 / shortlist 신규 선정
86,103,UCUU6So85HLLBUAw8rWZwfnA,캐니즈,게임 실황형,마인크래프트,6230.0,3149.5,0.0564677228300986,0.6793720757590685,0.3003914686825053,0.6652628857504819,0.8315334773218143,0.8954971975198893,0.98208,즉시검토,True,즉시검토형,최종점수 상위 10% / 성장성 상위권 / 팬밀도 상위권 / 라이브친화도 상위권 / 성장성 신뢰도 양호,수집 영상 수 부족,"최종=0.679, 채널력=0.300, 성장성=0.665, 팬밀도=0.832, 라이브=0.895, 실전성=0.982, 운영제외리스크=0.000, 검증필요리스크=0.224",순위 5단계 상승 / 최종점수 +0.001 / 성장성 -0.001 / shortlist 신규 선정
87,104,UCJBua-2nOeDOgOS7Ivie9sA,서수 ASMR SEOSU,음악·보이스형,ASMR보이스,4100.0,885.1,0.0636450051321656,0.678696417731241,0.4046166306695464,0.7360178023120482,0.8660907127429806,0.4203721168874098,1.0,즉시검토,True,즉시검토형,최종점수 상위 10% / 성장성 상위권 / 팬밀도 상위권 / 실전성 리스크 낮음 / 성장성 신뢰도 양호,주요 자동 리스크 낮음,"최종=0.679, 채널력=0.405, 성장성=0.736, 팬밀도=0.866, 라이브=0.420, 실전성=1.000, 운영제외리스크=0.000, 검증필요리스크=0.000",순위 2단계 상승 / 최종점수 +0.000 / 성장성 +0.002 / shortlist 신규 선정
88,105,UCR2ewkvkLCgtZxlgPc9z1OQ,다이쿠,버츄얼 퍼포먼스형,버튜버,7490.0,1180.5,0.0798833100490401,0.6785205903204649,0.4529967602591792,0.6507091931544633,0.92548596112311,0.4203721168874098,1.0,즉시검토,True,즉시검토형,최종점수 상위 10% / 성장성 상위권 / 팬밀도 상위권 / 실전성 리스크 낮음 / 성장성 신뢰도 양호,주요 자동 리스크 낮음,"최종=0.679, 채널력=0.453, 성장성=0.651, 팬밀도=0.925, 라이브=0.420, 실전성=1.000, 운영제외리스크=0.000, 검증필요리스크=0.000",순위 1단계 하락 / 최종점수 -0.001 / 성장성 +0.000 / shortlist 신규 선정
89,106,UCqH042cdLE6J5-tFuMfTDuQ,라라소원,창작·비주얼형,코스프레,1340.0,410.3,0.0965630038245746,0.6782153696442845,0.3067224622030237,0.5033134844760342,0.9541036717062636,0.8660389635396776,1.0,즉시검토,True,즉시검토형,최종점수 상위 10% / 팬밀도 상위권 / 라이브친화도 상위권 / 실전성 리스크 낮음 / 성장성 신뢰도 양호,주요 자동 리스크 낮음,"최종=0.678, 채널력=0.307, 성장성=0.503, 팬밀도=0.954, 라이브=0.866, 실전성=1.000, 운영제외리스크=0.000, 검증필요리스크=0.000",순위 3단계 상승 / 최종점수 -0.000 / 성장성 +0.000 / shortlist 신규 선정
90,110,UCWiDLauCGg_D6j9HQ8dIqkw,하루,음악·보이스형,애니송커버,5340.0,8757.9,0.0381607219194668,0.6761563691053294,0.4879589632829373,0.8486565703327436,0.673866090712743,0.4203721168874098,0.99104,즉시검토,True,즉시검토형,최종점수 상위 10% / 성장성 상위권 / 성장성 신뢰도 양호,주요 자동 리스크 낮음,"최종=0.676, 채널력=0.488, 성장성=0.849, 팬밀도=0.674, 라이브=0.420, 실전성=0.991, 운영제외리스크=0.000, 검증필요리스크=0.112",순위 3단계 하락 / 최종점수 -0.003 / 성장성 +0.000 / shortlist 신규 선정
91,113,UCwFVc6rmAE_hF5ivrXMSYsw,작업용,음악·보이스형,보컬로이드JPOP커버,39800.0,2043.7,0.0640793683420969,0.6753262331785994,0.5494330453563714,0.6072273406653881,0.8698704103671706,0.4203721168874098,1.0,즉시검토,True,즉시검토형,최종점수 상위 10% / 성장성 상위권 / 팬밀도 상위권 / 실전성 리스크 낮음 / 성장성 신뢰도 양호,주요 자동 리스크 낮음,"최종=0.675, 채널력=0.549, 성장성=0.607, 팬밀도=0.870, 라이브=0.420, 실전성=1.000, 운영제외리스크=0.000, 검증필요리스크=0.000",순위 3단계 하락 / 최종점수 -0.003 / 성장성 -0.001 / shortlist 신규 선정
92,114,UChx6DS1RX77EHwPHRbmwyVw,어땩,음악·보이스형,보컬로이드JPOP커버,2810.0,415.7,0.1018527845595256,0.6752609384806406,0.3519978401727862,0.6921202637974851,0.958963282937365,0.4203721168874098,1.0,즉시검토,True,즉시검토형,최종점수 상위 10% / 성장성 상위권 / 팬밀도 상위권 / 실전성 리스크 낮음 / 성장성 신뢰도 양호,주요 자동 리스크 낮음,"최종=0.675, 채널력=0.352, 성장성=0.692, 팬밀도=0.959, 라이브=0.420, 실전성=1.000, 운영제외리스크=0.000, 검증필요리스크=0.000",순위 3단계 상승 / 최종점수 -0.000 / 성장성 -0.000 / shortlist 신규 선정
93,115,UC7qboELytbRNJzaKlxXGV7A,진상고객,음악·보이스형,보컬로이드JPOP커버,10900.0,25761.1,0.098055048398603,0.6751809939459812,0.5611636069114471,0.4590639126475024,0.956803455723542,0.6187676308332184,0.99104,즉시검토,True,즉시검토형,최종점수 상위 10% / 팬밀도 상위권,주요 자동 리스크 낮음,"최종=0.675, 채널력=0.561, 성장성=0.459, 팬밀도=0.957, 라이브=0.619, 실전성=0.991, 운영제외리스크=0.000, 검증필요리스크=0.112",순위 3단계 상승 / 최종점수 -0.000 / 성장성 +0.000 / shortlist 신규 선정
94,116,UC0YQnenKBCu5sGb7H61n6HA,사키하네 후야 SAKIHANE HUYA,음악·보이스형,JPOP커버,115000.0,115799.5,0.0512700006287663,0.6743202310294113,0.6022543196544277,0.5230112291637368,0.7948164146868251,0.738474168723263,0.98208,즉시검토,True,즉시검토형,최종점수 상위 10% / 라이브친화도 상위권 / 성장성 신뢰도 양호,수집 영상 수 부족,"최종=0.674, 채널력=0.602, 성장성=0.523, 팬밀도=0.795, 라이브=0.738, 실전성=0.982, 운영제외리스크=0.000, 검증필요리스크=0.224",순위 3단계 상승 / 최종점수 -0.001 / 성장성 +0.001 / shortlist 신규 선정
95,118,UCejcBxLZKkOm6ikSdDJzzBw,성우지망생 연,음악·보이스형,성우더빙,1030.0,529.1,0.1543623812248385,0.6736799132569143,0.3845302375809934,0.6384272317195366,0.9875809935205184,0.4203721168874098,1.0,즉시검토,True,즉시검토형,최종점수 상위 10% / 성장성 상위권 / 팬밀도 상위권 / 실전성 리스크 낮음 / 성장성 신뢰도 양호,주요 자동 리스크 낮음,"최종=0.674, 채널력=0.385, 성장성=0.638, 팬밀도=0.988, 라이브=0.420, 실전성=1.000, 운영제외리스크=0.000, 검증필요리스크=0.000",순위 6단계 상승 / 최종점수 -0.000 / 성장성 -0.001 / shortlist 신규 선정
96,121,UC9aEZnUfB5dj1HzwYma3eog,이너,,배그,7840.0,3785.5,0.0547673753640357,0.6711839303857627,0.6147678185745139,0.611631359540092,0.8174946004319654,0.4203721168874098,0.99272,즉시검토,True,즉시검토형,최종점수 상위 10% / 성장성 상위권 / 팬밀도 상위권 / 성장성 신뢰도 양호,상위 세그먼트 불명확,"최종=0.671, 채널력=0.615, 성장성=0.612, 팬밀도=0.817, 라이브=0.420, 실전성=0.993, 운영제외리스크=0.000, 검증필요리스크=0.091",순위 9단계 상승 / 최종점수 +0.000 / 성장성 +0.000 / shortlist 신규 선정
97,122,UCeiPyTMyMNYDQXNipxVvZiQ,서현샤인SeoHyeon,게임 실황형,니케,181000.0,72057.8,0.0578990869361109,0.6710565552786731,0.5913201943844493,0.509436519414826,0.8390928725701944,0.6931537007500024,0.98208,즉시검토,True,즉시검토형,최종점수 상위 10% / 팬밀도 상위권 / 라이브친화도 상위권 / 성장성 신뢰도 양호,수집 영상 수 부족,"최종=0.671, 채널력=0.591, 성장성=0.509, 팬밀도=0.839, 라이브=0.693, 실전성=0.982, 운영제외리스크=0.000, 검증필요리스크=0.224",순위 4단계 상승 / 최종점수 -0.000 / 성장성 +0.000 / shortlist 신규 선정
98,123,UC1IX083pPBnLiRDxfYeKjcg,밍턴 Mingturn,음악·보이스형,성우더빙,39300.0,27262.9,0.0390210685607476,0.6710358121294838,0.8149298056155507,0.5241514000163559,0.6906047516198704,0.4203721168874098,1.0,즉시검토,True,즉시검토형,최종점수 상위 10% / 실전성 리스크 낮음 / 성장성 신뢰도 양호,주요 자동 리스크 낮음,"최종=0.671, 채널력=0.815, 성장성=0.524, 팬밀도=0.691, 라이브=0.420, 실전성=1.000, 운영제외리스크=0.000, 검증필요리스크=0.000",순위 4단계 상승 / 최종점수 -0.000 / 성장성 +0.001 / shortlist 신규 선정
99,125,UCghvDX4F6tgYnU-HMUeJazA,정민이의 음악세상,음악·보이스형,애니송커버,1300.0,141.9,0.1162089811412563,0.670269356512155,0.2872300215982721,0.7166971501642793,0.9697624190064796,0.4203721168874098,1.0,즉시검토,True,즉시검토형,최종점수 상위 10% / 성장성 상위권 / 팬밀도 상위권 / 실전성 리스크 낮음 / 성장성 신뢰도 양호,주요 자동 리스크 낮음,"최종=0.670, 채널력=0.287, 성장성=0.717, 팬밀도=0.970, 라이브=0.420, 실전성=1.000, 운영제외리스크=0.000, 검증필요리스크=0.000",최종점수 -0.001 / 성장성 -0.001 / shortlist 신규 선정
100,128,UCFvTtNE4CE-bmiknU6wW2kQ,딸기마켓픽DAY,음악·보이스형,ASMR보이스,16700.0,6713.1,0.0242048905851889,0.6691595320004593,0.6214092872570194,0.6877143814395504,0.4330453563714903,0.9289298906607532,0.976,즉시검토,True,즉시검토형,최종점수 상위 10% / 성장성 상위권 / 라이브친화도 상위권 / 성장성 신뢰도 양호,상업/판매/브랜드 채널 의심,"최종=0.669, 채널력=0.621, 성장성=0.688, 팬밀도=0.433, 라이브=0.929, 실전성=0.976, 운영제외리스크=0.120, 검증필요리스크=0.000",순위 6단계 상승 / 최종점수 -0.001 / 성장성 -0.000 / shortlist 신규 선정
101,131,UCtC8Nm-lSGROLqvLKN1bdgg,순진한 콩순이,창작·비주얼형,코스프레,1980.0,3050.2,0.0610890523010783,0.6688918265483594,0.3217197624190064,0.5432123011735118,0.8542116630669546,0.9214151240857642,0.99104,즉시검토,True,즉시검토형,최종점수 상위 10% / 팬밀도 상위권 / 라이브친화도 상위권 / 성장성 신뢰도 양호,주요 자동 리스크 낮음,"최종=0.669, 채널력=0.322, 성장성=0.543, 팬밀도=0.854, 라이브=0.921, 실전성=0.991, 운영제외리스크=0.000, 검증필요리스크=0.112",순위 11단계 하락 / 최종점수 -0.006 / 성장성 -0.000 / shortlist 신규 선정
102,132,UCY6SVGjNsJubhuUI7sQGHTQ,미사키 하루 (MISAKI HARU),음악·보이스형,커버,3950.0,8360.0,0.0389270603522274,0.6687946166948974,0.6717872570194385,0.629889031255067,0.6889848812095032,0.4203721168874098,1.0,즉시검토,True,즉시검토형,최종점수 상위 10% / 성장성 상위권 / 실전성 리스크 낮음 / 성장성 신뢰도 양호,주요 자동 리스크 낮음,"최종=0.669, 채널력=0.672, 성장성=0.630, 팬밀도=0.689, 라이브=0.420, 실전성=1.000, 운영제외리스크=0.000, 검증필요리스크=0.000",순위 4단계 하락 / 최종점수 -0.002 / 성장성 +0.000 / shortlist 신규 선정
103,133,UCffxJaFTjmFvNmC0HapniHA,깡담비,,게임기타,13400.0,19230.0,0.0364697279707469,0.6683974994302959,0.7805750539956804,0.5995267426596449,0.6544276457883369,0.4203721168874098,0.99272,즉시검토,True,즉시검토형,최종점수 상위 10% / 성장성 상위권 / 성장성 신뢰도 양호,상위 세그먼트 불명확,"최종=0.668, 채널력=0.781, 성장성=0.600, 팬밀도=0.654, 라이브=0.420, 실전성=0.993, 운영제외리스크=0.000, 검증필요리스크=0.091",순위 41단계 상승 / 최종점수 +0.009 / 성장성 +0.000 / shortlist 신규 선정
104,135,UClIjvKVIc6-xb5x_14Fce_w,림쌤화람,게임 실황형,원신,6360.0,25087.4,0.0162199399036798,0.6682804001006784,0.6867710583153348,0.7163896619988609,0.2667386609071274,0.8527943767470372,1.0,즉시검토,True,즉시검토형,최종점수 상위 10% / 성장성 상위권 / 라이브친화도 상위권 / 실전성 리스크 낮음 / 성장성 신뢰도 양호,주요 자동 리스크 낮음,"최종=0.668, 채널력=0.687, 성장성=0.716, 팬밀도=0.267, 라이브=0.853, 실전성=1.000, 운영제외리스크=0.000, 검증필요리스크=0.000",순위 7단계 상승 / 최종점수 -0.001 / 성장성 +0.000 / shortlist 신규 선정
105,137,UCZdjmdhsUqLLWOm_gLtS8Dg,아일씨,게임 실황형,원신,8700.0,5451.1,0.0381893042368721,0.6682111108984119,0.3527402807775377,0.7336631539510058,0.6749460043196545,0.8462936338049867,0.98208,즉시검토,True,즉시검토형,최종점수 상위 10% / 성장성 상위권 / 라이브친화도 상위권 / 성장성 신뢰도 양호,수집 영상 수 부족,"최종=0.668, 채널력=0.353, 성장성=0.734, 팬밀도=0.675, 라이브=0.846, 실전성=0.982, 운영제외리스크=0.000, 검증필요리스크=0.224",순위 21단계 하락 / 최종점수 -0.008 / 성장성 +0.000 / shortlist 신규 선정
106,138,UCko-d8LGFjSiPD7Ifx_vHug,김어제,음악·보이스형,JPOP커버,3490.0,2858.5,0.0770891333950652,0.6677428995247391,0.2632154427645787,0.8404393610160721,0.9168466522678186,0.4203721168874098,0.98208,즉시검토,True,즉시검토형,최종점수 상위 10% / 성장성 상위권 / 팬밀도 상위권 / 성장성 신뢰도 양호,수집 영상 수 부족,"최종=0.668, 채널력=0.263, 성장성=0.840, 팬밀도=0.917, 라이브=0.420, 실전성=0.982, 운영제외리스크=0.000, 검증필요리스크=0.224",순위 14단계 상승 / 최종점수 +0.001 / 성장성 -0.000 / shortlist 신규 선정
107,141,UCXPeJufdBsud4FlMtPwoNfw,F킬라,버츄얼 퍼포먼스형,버튜버,106000.0,9234.3,0.0477908984533556,0.666695827569639,0.6879589632829374,0.545624997276398,0.7705183585313174,0.4203721168874098,1.0,즉시검토,True,즉시검토형,최종점수 상위 10% / 실전성 리스크 낮음 / 성장성 신뢰도 양호,주요 자동 리스크 낮음,"최종=0.667, 채널력=0.688, 성장성=0.546, 팬밀도=0.771, 라이브=0.420, 실전성=1.000, 운영제외리스크=0.000, 검증필요리스크=0.000",순위 7단계 상승 / 최종점수 -0.001 / 성장성 +0.000 / shortlist 신규 선정
108,143,UCiQfGhuKZ-pwhGp-QgLtFVA,조종,창작·비주얼형,코스프레,70100.0,10135.7,0.0269899057207704,0.6661679026063035,0.6902267818574515,0.5009754836197621,0.4886609071274298,0.9102631707739754,1.0,즉시검토,True,즉시검토형,최종점수 상위 10% / 라이브친화도 상위권 / 실전성 리스크 낮음 / 성장성 신뢰도 양호,주요 자동 리스크 낮음,"최종=0.666, 채널력=0.690, 성장성=0.501, 팬밀도=0.489, 라이브=0.910, 실전성=1.000, 운영제외리스크=0.000, 검증필요리스크=0.000",순위 38단계 하락 / 최종점수 -0.013 / 성장성 -0.000 / shortlist 신규 선정
109,144,UC48CkjltIEpJ_Ky1JoHWwTw,하냥,창작·비주얼형,코스프레,66500.0,274868.0,0.0250917230775942,0.6659631635125763,0.9083693304535636,0.6214100677915168,0.4503239740820734,0.4203721168874098,1.0,즉시검토,True,즉시검토형,최종점수 상위 10% / 성장성 상위권 / 실전성 리스크 낮음 / 성장성 신뢰도 양호,주요 자동 리스크 낮음,"최종=0.666, 채널력=0.908, 성장성=0.621, 팬밀도=0.450, 라이브=0.420, 실전성=1.000, 운영제외리스크=0.000, 검증필요리스크=0.000",순위 2단계 상승 / 최종점수 -0.002 / 성장성 +0.001 / shortlist 신규 선정
110,146,UC0WptSQzCzYuKfje0Uzfs4g,오진중,음악·보이스형,애니송커버,7030.0,85.6,0.0927526833687369,0.6657933988470194,0.367278617710583,0.65648333962002,0.9460043196544276,0.4203721168874098,1.0,즉시검토,True,즉시검토형,최종점수 상위 10% / 성장성 상위권 / 팬밀도 상위권 / 실전성 리스크 낮음 / 성장성 신뢰도 양호,주요 자동 리스크 낮음,"최종=0.666, 채널력=0.367, 성장성=0.656, 팬밀도=0.946, 라이브=0.420, 실전성=1.000, 운영제외리스크=0.000, 검증필요리스크=0.000",순위 1단계 하락 / 최종점수 -0.002 / 성장성 -0.000 / shortlist 신규 선정
111,147,UCgqQP0yNETRZlb0Edhk0luw,머쿨,,서브컬쳐게임,13500.0,7766.1,0.0297248740165611,0.6657115927746297,0.6268628509719223,0.6752842622773615,0.5383369330453563,0.6567629790211136,0.99272,즉시검토,True,즉시검토형,최종점수 상위 10% / 성장성 상위권 / 라이브친화도 상위권 / 성장성 신뢰도 양호,상위 세그먼트 불명확,"최종=0.666, 채널력=0.627, 성장성=0.675, 팬밀도=0.538, 라이브=0.657, 실전성=0.993, 운영제외리스크=0.000, 검증필요리스크=0.091",순위 75단계 상승 / 최종점수 +0.019 / 성장성 -0.000 / 버킷 변경: 성장관찰 → 즉시검토 / shortlist 신규 선정
112,148,UCIf9gYpmmIJV7flBhUhuqYQ,명일방주: 엔드필드,,서브컬쳐게임,103000.0,97921.2,0.0256453715432926,0.6656371286133353,0.8221922246220302,0.7075784497851255,0.462742980561555,0.4203721168874098,0.99272,즉시검토,True,즉시검토형,최종점수 상위 10% / 성장성 상위권 / 성장성 신뢰도 양호,상위 세그먼트 불명확,"최종=0.666, 채널력=0.822, 성장성=0.708, 팬밀도=0.463, 라이브=0.420, 실전성=0.993, 운영제외리스크=0.000, 검증필요리스크=0.091",순위 4단계 하락 / 최종점수 -0.003 / 성장성 +0.000 / shortlist 신규 선정
113,149,UCW-3VqcY18Qm2rp2rSjxGXA,코코,,서브컬쳐게임,5340.0,18246.2,0.0333340153701654,0.6655647658615331,0.6588822894168467,0.7261780027465229,0.6020518358531317,0.4203721168874098,0.99272,즉시검토,True,즉시검토형,최종점수 상위 10% / 성장성 상위권 / 성장성 신뢰도 양호,상위 세그먼트 불명확,"최종=0.666, 채널력=0.659, 성장성=0.726, 팬밀도=0.602, 라이브=0.420, 실전성=0.993, 운영제외리스크=0.000, 검증필요리스크=0.091",순위 61단계 하락 / 최종점수 -0.020 / 성장성 +0.001 / shortlist 신규 선정
114,150,UCGsIXGE_SgAPyTW0aULBrUA,트호,음악·보이스형,음악,5400.0,382.2,0.0458770010156947,0.6654502250969355,0.4456803455723541,0.4849086522258691,0.7510799136069114,0.9092569696950248,1.0,즉시검토,True,즉시검토형,최종점수 상위 10% / 라이브친화도 상위권 / 실전성 리스크 낮음 / 성장성 신뢰도 양호,주요 자동 리스크 낮음,"최종=0.665, 채널력=0.446, 성장성=0.485, 팬밀도=0.751, 라이브=0.909, 실전성=1.000, 운영제외리스크=0.000, 검증필요리스크=0.000",순위 17단계 하락 / 최종점수 -0.005 / 성장성 +0.001 / shortlist 신규 선정
115,151,UCgFFSkBq8_XE3ZbB8_ma8nQ,감성공방,음악·보이스형,애니송커버,1060.0,144.5,0.2450231668112849,0.6652264789182346,0.1586933045356371,0.6446398574615237,0.99622030237581,0.738474168723263,0.99104,즉시검토,True,즉시검토형,최종점수 상위 10% / 성장성 상위권 / 팬밀도 상위권 / 라이브친화도 상위권 / 성장성 신뢰도 양호,주요 자동 리스크 낮음,"최종=0.665, 채널력=0.159, 성장성=0.645, 팬밀도=0.996, 라이브=0.738, 실전성=0.991, 운영제외리스크=0.000, 검증필요리스크=0.112",순위 5단계 상승 / 최종점수 -0.000 / 성장성 -0.000 / shortlist 신규 선정
116,152,UCgIFF0MqJD_TbfIkGLYxoew,안녕나는두벼리,,게임기타,15600.0,21302.8,0.0465581248037799,0.6651372609071274,0.8074919006479482,0.5,0.755939524838013,0.3960583153347732,0.99272,즉시검토,True,즉시검토형,최종점수 상위 10% / 성장성 신뢰도 양호,상위 세그먼트 불명확,"최종=0.665, 채널력=0.807, 성장성=0.500, 팬밀도=0.756, 라이브=0.396, 실전성=0.993, 운영제외리스크=0.000, 검증필요리스크=0.091",순위 2단계 상승 / 최종점수 -0.001 / shortlist 신규 선정
117,153,UCv_nTOKgkUYX7iy9ldHY2ww,쿄시,버츄얼 퍼포먼스형,버튜버,5990.0,207.8,0.0663346513147895,0.6650654142281072,0.3737850971922246,0.4613555289245832,0.8806695464362851,0.8660389635396776,1.0,즉시검토,True,즉시검토형,최종점수 상위 10% / 팬밀도 상위권 / 라이브친화도 상위권 / 실전성 리스크 낮음,주요 자동 리스크 낮음,"최종=0.665, 채널력=0.374, 성장성=0.461, 팬밀도=0.881, 라이브=0.866, 실전성=1.000, 운영제외리스크=0.000, 검증필요리스크=0.000",순위 21단계 하락 / 최종점수 -0.006 / 성장성 +0.000 / shortlist 신규 선정
118,154,UCBEAvw0Wb1f2yB2LyPHYMgQ,츄츄챠,,배그,2070.0,4863.3,0.0468628608409228,0.6649308428433277,0.5081803455723541,0.6542076532227782,0.7618790496760259,0.5371068865753741,0.99272,즉시검토,True,즉시검토형,최종점수 상위 10% / 성장성 상위권 / 성장성 신뢰도 양호,상위 세그먼트 불명확,"최종=0.665, 채널력=0.508, 성장성=0.654, 팬밀도=0.762, 라이브=0.537, 실전성=0.993, 운영제외리스크=0.000, 검증필요리스크=0.091",순위 1단계 상승 / 최종점수 -0.001 / 성장성 -0.000 / shortlist 신규 선정
119,155,UCQ_JKfRlczE8x304DRszrGA,공파리파,버츄얼 퍼포먼스형,버튜버,314000.0,38981.2,0.0284022218602784,0.6648999419180854,0.7967602591792656,0.703369558702892,0.5118790496760259,0.4203721168874098,0.9,즉시검토,True,즉시검토형,최종점수 상위 10% / 성장성 상위권 / 성장성 신뢰도 양호,주요 자동 리스크 낮음,"최종=0.665, 채널력=0.797, 성장성=0.703, 팬밀도=0.512, 라이브=0.420, 실전성=0.900, 운영제외리스크=0.000, 검증필요리스크=0.000",순위 83단계 상승 / 최종점수 +0.021 / 성장성 +0.001 / 버킷 변경: 성장관찰 → 즉시검토 / shortlist 신규 선정
120,156,UCqEGG39E7EyT1Z5FdjSJU6A,한글화마스터,음악·보이스형,성우더빙,15300.0,91.6,0.1073827134737732,0.6646603280884712,0.168992980561555,0.5999468058585319,0.9643628509719222,0.9172435967381152,0.98208,즉시검토,True,즉시검토형,최종점수 상위 10% / 성장성 상위권 / 팬밀도 상위권 / 라이브친화도 상위권 / 성장성 신뢰도 양호,수집 영상 수 부족,"최종=0.665, 채널력=0.169, 성장성=0.600, 팬밀도=0.964, 라이브=0.917, 실전성=0.982, 운영제외리스크=0.000, 검증필요리스크=0.224",순위 6단계 하락 / 최종점수 -0.002 / 성장성 +0.000 / shortlist 신규 선정
121,157,UC0rqacf_ldudPcenjaY0rYA,종목상담 MTNW투자자문,음악·보이스형,성우더빙,113000.0,300.7,0.0535187105100846,0.6644495140388769,0.3806830453563714,0.5,0.8083153347732182,0.8857991360691143,1.0,즉시검토,True,즉시검토형,최종점수 상위 10% / 팬밀도 상위권 / 라이브친화도 상위권 / 실전성 리스크 낮음,주요 자동 리스크 낮음,"최종=0.664, 채널력=0.381, 성장성=0.500, 팬밀도=0.808, 라이브=0.886, 실전성=1.000, 운영제외리스크=0.000, 검증필요리스크=0.000",순위 512단계 상승 / 최종점수 +0.084 / 버킷 변경: 보류 → 즉시검토 / shortlist 신규 선정
122,159,UCSypwOYD7uIYRIDbHZ0vySQ,류리아,버츄얼 퍼포먼스형,버튜버,7000.0,954.7,0.0822073432765518,0.6639802282844246,0.2869465442764579,0.4752717114945629,0.9308855291576674,0.954039286069596,0.99104,즉시검토,True,즉시검토형,최종점수 상위 10% / 팬밀도 상위권 / 라이브친화도 상위권 / 성장성 신뢰도 양호,주요 자동 리스크 낮음,"최종=0.664, 채널력=0.287, 성장성=0.475, 팬밀도=0.931, 라이브=0.954, 실전성=0.991, 운영제외리스크=0.000, 검증필요리스크=0.112",순위 2단계 하락 / 최종점수 -0.000 / 성장성 +0.000 / shortlist 신규 선정
123,160,UCcz55b_CIB_Ui9Xs4_s8Brw,진짜 박시윤,음악·보이스형,성우더빙,53700.0,71102.7,0.0354533445491729,0.6638958718487117,0.7993790496760259,0.5499012276158819,0.6409287257019438,0.4203721168874098,1.0,즉시검토,True,즉시검토형,최종점수 상위 10% / 실전성 리스크 낮음 / 성장성 신뢰도 양호,주요 자동 리스크 낮음,"최종=0.664, 채널력=0.799, 성장성=0.550, 팬밀도=0.641, 라이브=0.420, 실전성=1.000, 운영제외리스크=0.000, 검증필요리스크=0.000",순위 20단계 하락 / 최종점수 -0.005 / 성장성 +0.000 / shortlist 신규 선정
124,161,UCTiFhESEPEbe5qoFeJ8rr1w,원큐,,게임기타,253000.0,9619.9,0.011708745685196,0.6637902920233835,0.7927375809935207,0.6660887574517046,0.1587473002159827,0.9745677738054358,0.99272,즉시검토,True,즉시검토형,최종점수 상위 10% / 성장성 상위권 / 라이브친화도 상위권 / 성장성 신뢰도 양호,상위 세그먼트 불명확,"최종=0.664, 채널력=0.793, 성장성=0.666, 팬밀도=0.159, 라이브=0.975, 실전성=0.993, 운영제외리스크=0.000, 검증필요리스크=0.091",순위 20단계 상승 / 최종점수 +0.007 / 성장성 +0.001 / shortlist 신규 선정
125,164,UCyzv4YKkVKDKR_86XzfS8ug,아틀란티스의 팝송채널,음악·보이스형,보컬로이드JPOP커버,220000.0,9854.2,0.0302692584993145,0.6617660523177279,0.7029967602591793,0.6867524583868975,0.5534557235421166,0.4203721168874098,1.0,즉시검토,True,즉시검토형,최종점수 상위 10% / 성장성 상위권 / 실전성 리스크 낮음 / 성장성 신뢰도 양호,주요 자동 리스크 낮음,"최종=0.662, 채널력=0.703, 성장성=0.687, 팬밀도=0.553, 라이브=0.420, 실전성=1.000, 운영제외리스크=0.000, 검증필요리스크=0.000",순위 4단계 하락 / 최종점수 -0.001 / 성장성 -0.001 / shortlist 신규 선정
126,166,UCm_QfDBBrUwxpHwx4aX92vw,롱런지,음악·보이스형,ASMR보이스,5720.0,851.9,0.0714151170664152,0.6612583555543908,0.4153077753779697,0.4671859163757246,0.902267818574514,0.7371977886642768,1.0,즉시검토,True,즉시검토형,최종점수 상위 10% / 팬밀도 상위권 / 라이브친화도 상위권 / 실전성 리스크 낮음 / 성장성 신뢰도 양호,주요 자동 리스크 낮음,"최종=0.661, 채널력=0.415, 성장성=0.467, 팬밀도=0.902, 라이브=0.737, 실전성=1.000, 운영제외리스크=0.000, 검증필요리스크=0.000",순위 4단계 하락 / 최종점수 -0.000 / 성장성 -0.000 / shortlist 신규 선정
127,168,UCuJfF4C5TdvgnyCoHazF0CQ,유성운,음악·보이스형,커버,6340.0,3692.1,0.0973929084850565,0.6611912827186156,0.4264578833693304,0.517480893014028,0.9557235421166308,0.6156101271185082,0.99104,즉시검토,True,즉시검토형,최종점수 상위 10% / 팬밀도 상위권,주요 자동 리스크 낮음,"최종=0.661, 채널력=0.426, 성장성=0.517, 팬밀도=0.956, 라이브=0.616, 실전성=0.991, 운영제외리스크=0.000, 검증필요리스크=0.112",순위 2단계 상승 / 최종점수 +0.001 / 성장성 -0.000 / shortlist 신규 선정
128,170,UCg5Ew4lj74r_ohbc4AeQj1w,원신감성 Genshin Feeling,창작·비주얼형,코스프레,80000.0,80599.9,0.0435554484534172,0.660859175039891,0.73454373650108,0.5174508602718213,0.7332613390928726,0.4203721168874098,1.0,즉시검토,True,즉시검토형,최종점수 상위 10% / 실전성 리스크 낮음,주요 자동 리스크 낮음,"최종=0.661, 채널력=0.735, 성장성=0.517, 팬밀도=0.733, 라이브=0.420, 실전성=1.000, 운영제외리스크=0.000, 검증필요리스크=0.000",순위 5단계 하락 / 최종점수 -0.001 / 성장성 +0.000 / shortlist 신규 선정
129,171,UCNBTBngqEf-g0pWyEh6snpw,작가용(龍)Writer'yong,음악·보이스형,애니송커버,34400.0,15944.9,0.0623297665892973,0.6608429012378698,0.56661717062635,0.5866443779335317,0.8590712742980562,0.4203721168874098,0.99104,즉시검토,True,즉시검토형,최종점수 상위 10% / 성장성 상위권 / 팬밀도 상위권 / 성장성 신뢰도 양호,주요 자동 리스크 낮음,"최종=0.661, 채널력=0.567, 성장성=0.587, 팬밀도=0.859, 라이브=0.420, 실전성=0.991, 운영제외리스크=0.000, 검증필요리스크=0.112",순위 3단계 하락 / 최종점수 +0.000 / 성장성 +0.002 / shortlist 신규 선정
130,172,UCDJrfds6n1U8U8itaDF4rcA,유히로 Yuhiro,음악·보이스형,ASMR보이스,432000.0,18894.4,0.0348350800820256,0.6604496340336976,0.7573434125269978,0.6263833464962311,0.6290496760259179,0.4203721168874098,0.9,즉시검토,True,즉시검토형,최종점수 상위 10% / 성장성 상위권 / 성장성 신뢰도 양호,주요 자동 리스크 낮음,"최종=0.660, 채널력=0.757, 성장성=0.626, 팬밀도=0.629, 라이브=0.420, 실전성=0.900, 운영제외리스크=0.000, 검증필요리스크=0.000",순위 37단계 상승 / 최종점수 +0.013 / 성장성 +0.000 / 버킷 변경: 성장관찰 → 즉시검토 / shortlist 신규 선정
131,173,UCeskatsEme935-hFw1a82Jg,방구석닌자 특촬 채널,창작·비주얼형,코스프레,5700.0,980.5,0.0483151130639745,0.6593694028683728,0.4275917926565874,0.4330903675979393,0.7726781857451404,0.9602980312837976,1.0,즉시검토,True,즉시검토형,최종점수 상위 10% / 라이브친화도 상위권 / 실전성 리스크 낮음,주요 자동 리스크 낮음,"최종=0.659, 채널력=0.428, 성장성=0.433, 팬밀도=0.773, 라이브=0.960, 실전성=1.000, 운영제외리스크=0.000, 검증필요리스크=0.000",순위 4단계 하락 / 최종점수 -0.001 / 성장성 -0.000 / shortlist 신규 선정
132,175,UC8CIM3d3zDYMk-3T5aAz0yw,혜안,,게임기타,3000000.0,571115.3,0.0301542484125866,0.6589914757342192,0.9748380129589632,0.5407592791353972,0.5512958963282938,0.4203721168874098,0.89272,즉시검토,True,즉시검토형,최종점수 상위 10% / 성장성 신뢰도 양호,상위 세그먼트 불명확,"최종=0.659, 채널력=0.975, 성장성=0.541, 팬밀도=0.551, 라이브=0.420, 실전성=0.893, 운영제외리스크=0.000, 검증필요리스크=0.091",순위 4단계 하락 / 최종점수 -0.001 / 성장성 +0.000 / shortlist 신규 선정
133,177,UCqkc618S7Uiqb-Lo4HyZ6wA,갓겜소믈리에,음악·보이스형,성우더빙,2630.0,541.4,0.0672527452147,0.6586698514422967,0.4524568034557235,0.6124810837700766,0.8844492440604752,0.4203721168874098,1.0,즉시검토,True,즉시검토형,최종점수 상위 10% / 성장성 상위권 / 팬밀도 상위권 / 실전성 리스크 낮음 / 성장성 신뢰도 양호,주요 자동 리스크 낮음,"최종=0.659, 채널력=0.452, 성장성=0.612, 팬밀도=0.884, 라이브=0.420, 실전성=1.000, 운영제외리스크=0.000, 검증필요리스크=0.000",순위 19단계 하락 / 최종점수 -0.006 / 성장성 -0.000 / shortlist 신규 선정
134,178,UCMZox40yM4pTSkLauWcxWxg,흑곰탱이 black bear,음악·보이스형,ASMR보이스,3150.0,1010.7,0.1208179350231316,0.6582003527657211,0.4024028077753779,0.5809794030599987,0.972462203023758,0.4203721168874098,1.0,즉시검토,True,즉시검토형,최종점수 상위 10% / 성장성 상위권 / 팬밀도 상위권 / 실전성 리스크 낮음 / 성장성 신뢰도 양호,주요 자동 리스크 낮음,"최종=0.658, 채널력=0.402, 성장성=0.581, 팬밀도=0.972, 라이브=0.420, 실전성=1.000, 운영제외리스크=0.000, 검증필요리스크=0.000",순위 852단계 상승 / 최종점수 +0.119 / 성장성 -0.001 / 버킷 변경: 보류 → 즉시검토 / shortlist 신규 선정
135,179,UCJFqWekQ5gdHlyA_e0KV_Kg,임왕덕,,서브컬쳐게임,32000.0,12999.6,0.0144155322471493,0.6581119684919408,0.6959233261339093,0.7402644408211497,0.2208423326133909,0.8491725342507518,0.99272,즉시검토,True,즉시검토형,최종점수 상위 10% / 성장성 상위권 / 라이브친화도 상위권 / 성장성 신뢰도 양호,상위 세그먼트 불명확,"최종=0.658, 채널력=0.696, 성장성=0.740, 팬밀도=0.221, 라이브=0.849, 실전성=0.993, 운영제외리스크=0.000, 검증필요리스크=0.091",순위 147단계 하락 / 최종점수 -0.057 / 성장성 +0.000 / shortlist 신규 선정
136,180,UC2lEg-vfqvo5Cvw6DKY5CRQ,정레나 (RENA JEONG),버츄얼 퍼포먼스형,버튜버,5760.0,3102.5,0.0306708824463827,0.6580409130320349,0.5863660907127429,0.7604200032088985,0.5593952483801296,0.4203721168874098,1.0,즉시검토,True,즉시검토형,최종점수 상위 10% / 성장성 상위권 / 실전성 리스크 낮음 / 성장성 신뢰도 양호,주요 자동 리스크 낮음,"최종=0.658, 채널력=0.586, 성장성=0.760, 팬밀도=0.559, 라이브=0.420, 실전성=1.000, 운영제외리스크=0.000, 검증필요리스크=0.000",순위 8단계 상승 / 최종점수 +0.003 / 성장성 -0.000 / 버킷 변경: 성장관찰 → 즉시검토 / shortlist 신규 선정
137,181,UCO78BQwAIG-pEfhgJEt-VRQ,뽀구미,창작·비주얼형,코스프레,694000.0,100001.8,0.0253393966523761,0.6580136394467214,0.906533477321814,0.63707167190683,0.4551835853131749,0.4203721168874098,0.9,즉시검토,True,즉시검토형,최종점수 상위 10% / 성장성 상위권 / 성장성 신뢰도 양호,주요 자동 리스크 낮음,"최종=0.658, 채널력=0.907, 성장성=0.637, 팬밀도=0.455, 라이브=0.420, 실전성=0.900, 운영제외리스크=0.000, 검증필요리스크=0.000",순위 3단계 하락 / 최종점수 -0.001 / 성장성 +0.001 / shortlist 신규 선정
138,182,UCMogCSEyT2n92V8uDJa1Pcg,차커 Chaco,음악·보이스형,애니송커버,986000.0,18532.9,0.0401137561342063,0.6578248032307401,0.7607721382289416,0.5557682071737274,0.7035637149028078,0.4203721168874098,0.9,즉시검토,True,즉시검토형,최종점수 상위 10% / 성장성 신뢰도 양호,주요 자동 리스크 낮음,"최종=0.658, 채널력=0.761, 성장성=0.556, 팬밀도=0.704, 라이브=0.420, 실전성=0.900, 운영제외리스크=0.000, 검증필요리스크=0.000",순위 5단계 하락 / 최종점수 -0.001 / 성장성 -0.000 / shortlist 신규 선정
139,183,UCT8TkYzFfRM4CSXLdTmhl8w,에카,,서브컬쳐게임,6500.0,771.6,0.0245055905673093,0.6577758405687583,0.4157667386609071,0.7237295495685673,0.4362850971922246,0.9727104186791355,0.99272,즉시검토,True,즉시검토형,최종점수 상위 10% / 성장성 상위권 / 라이브친화도 상위권 / 성장성 신뢰도 양호,상위 세그먼트 불명확,"최종=0.658, 채널력=0.416, 성장성=0.724, 팬밀도=0.436, 라이브=0.973, 실전성=0.993, 운영제외리스크=0.000, 검증필요리스크=0.091",순위 10단계 하락 / 최종점수 -0.002 / 성장성 +0.000 / shortlist 신규 선정
140,184,UCUFwcPYNHz8d9wOnT1eoAJQ,성우 음성 샘플,음악·보이스형,성우더빙,12800.0,1187.1,0.0483488835198338,0.6577724424994592,0.5716792656587473,0.6029971255740434,0.7732181425485961,0.4203721168874098,1.0,즉시검토,True,즉시검토형,최종점수 상위 10% / 성장성 상위권 / 실전성 리스크 낮음 / 성장성 신뢰도 양호,주요 자동 리스크 낮음,"최종=0.658, 채널력=0.572, 성장성=0.603, 팬밀도=0.773, 라이브=0.420, 실전성=1.000, 운영제외리스크=0.000, 검증필요리스크=0.000",순위 9단계 하락 / 최종점수 -0.001 / 성장성 +0.000 / shortlist 신규 선정
141,186,UC9EcpYvj7GzHzrd-dfQ_uwg,아일라 Iyla,음악·보이스형,커버,6280.0,1427.2,0.0917254765108527,0.6564547955289487,0.5522138228941684,0.4786734558166661,0.9449244060475162,0.4203721168874098,1.0,즉시검토,True,즉시검토형,최종점수 상위 10% / 팬밀도 상위권 / 실전성 리스크 낮음 / 성장성 신뢰도 양호,주요 자동 리스크 낮음,"최종=0.656, 채널력=0.552, 성장성=0.479, 팬밀도=0.945, 라이브=0.420, 실전성=1.000, 운영제외리스크=0.000, 검증필요리스크=0.000",순위 3단계 하락 / 최종점수 -0.000 / 성장성 +0.002 / shortlist 신규 선정
142,10,UC_LI11UMIziSEk64Lg8MLDw,정치유감,버츄얼 퍼포먼스형,버튜버,284000.0,24168.5,0.1443349329289771,0.7572878095032397,0.6921301295896327,0.5,0.9859611231101512,0.9055075593952484,0.98432,성장관찰,True,성장관찰형,최종점수 상위 10% / 팬밀도 상위권 / 라이브친화도 상위권,성장성 신뢰도 낮음,"최종=0.757, 채널력=0.692, 성장성=0.500, 팬밀도=0.986, 라이브=0.906, 실전성=0.984, 운영제외리스크=0.000, 검증필요리스크=0.196",순위 2단계 하락 / 최종점수 +0.001 / shortlist 신규 선정
143,20,UCCXeZkv4-v2TlH_J49I_icw,휴복,,커버기타,191000.0,15065.3,0.0778544360041124,0.7308505563714903,0.7344762419006479,0.5,0.9190064794816416,0.8201943844492442,0.97704,성장관찰,True,성장관찰형,최종점수 상위 10% / 팬밀도 상위권 / 라이브친화도 상위권,상위 세그먼트 불명확 / 성장성 신뢰도 낮음,"최종=0.731, 채널력=0.734, 성장성=0.500, 팬밀도=0.919, 라이브=0.820, 실전성=0.977, 운영제외리스크=0.000, 검증필요리스크=0.287",순위 3단계 하락 / 최종점수 -0.000 / shortlist 신규 선정
144,32,UCXnKI_Ak-XYkXoCD_JS1YbQ,비영 B-0,음악·보이스형,커버,22700.0,24044.2,0.084052746461978,0.7159672751619871,0.614524838012959,0.5,0.9352051835853132,0.8857991360691143,0.97536,성장관찰,True,성장관찰형,최종점수 상위 10% / 팬밀도 상위권 / 라이브친화도 상위권,성장성 신뢰도 낮음,"최종=0.716, 채널력=0.615, 성장성=0.500, 팬밀도=0.935, 라이브=0.886, 실전성=0.975, 운영제외리스크=0.000, 검증필요리스크=0.308",순위 1단계 하락 / 최종점수 -0.001 / shortlist 신규 선정
145,35,UCw0nPJhJWWEYu4g_axF_gQQ,미즈히로 슈우,음악·보이스형,보컬로이드JPOP커버,4300.0,2143.6,0.1173179904783115,0.713953306263499,0.4799136069114471,0.5,0.9713822894168468,0.949244060475162,0.98432,성장관찰,True,성장관찰형,최종점수 상위 10% / 팬밀도 상위권 / 라이브친화도 상위권,성장성 신뢰도 낮음,"최종=0.714, 채널력=0.480, 성장성=0.500, 팬밀도=0.971, 라이브=0.949, 실전성=0.984, 운영제외리스크=0.000, 검증필요리스크=0.196",순위 7단계 상승 / 최종점수 +0.003 / shortlist 신규 선정
146,39,UC4NmwxoctU9aG47bEF5GhCQ,삼사,음악·보이스형,보컬로이드JPOP커버,22200.0,126931.0,0.0676759093217683,0.7114424371490281,0.6872840172786177,0.5,0.8866090712742981,0.8201943844492442,0.97536,성장관찰,True,성장관찰형,최종점수 상위 10% / 팬밀도 상위권 / 라이브친화도 상위권,성장성 신뢰도 낮음,"최종=0.711, 채널력=0.687, 성장성=0.500, 팬밀도=0.887, 라이브=0.820, 실전성=0.975, 운영제외리스크=0.000, 검증필요리스크=0.308",순위 1단계 상승 / 최종점수 -0.000 / shortlist 신규 선정
147,67,UC0JQ07VbdLo9RlFUyNyAa4A,꿔낙이의 저세상 공작소,창작·비주얼형,일러스트리깅,9300.0,2288.9,0.0742826255977364,0.6953480146868251,0.5172516198704104,0.5,0.9087473002159828,0.8623110151187904,0.98432,성장관찰,True,성장관찰형,최종점수 상위 10% / 팬밀도 상위권 / 라이브친화도 상위권,성장성 신뢰도 낮음,"최종=0.695, 채널력=0.517, 성장성=0.500, 팬밀도=0.909, 라이브=0.862, 실전성=0.984, 운영제외리스크=0.000, 검증필요리스크=0.196",순위 3단계 상승 / 최종점수 -0.000 / shortlist 신규 선정
148,78,UCCdSoJSdmkcD5TwRh_qdXFQ,루시드 LUXEED [VRECORD],음악·보이스형,ASMR,22700.0,3208.1,0.0934343828322035,0.6878835818574515,0.4604751619870411,0.5,0.9481641468682506,0.9055075593952484,0.97536,성장관찰,True,성장관찰형,최종점수 상위 10% / 팬밀도 상위권 / 라이브친화도 상위권,성장성 신뢰도 낮음,"최종=0.688, 채널력=0.460, 성장성=0.500, 팬밀도=0.948, 라이브=0.906, 실전성=0.975, 운영제외리스크=0.000, 검증필요리스크=0.308",순위 2단계 상승 / 최종점수 +0.000 / shortlist 신규 선정
149,80,UCBXPVd2r3jBlpMk7V3tALCQ,경상도군덕구할배,음악·보이스형,애니송커버,1740.0,4494.7,0.1232004846454053,0.6870831658747301,0.4132694384449243,0.5,0.9751619870410368,0.8623110151187904,0.98432,성장관찰,True,성장관찰형,최종점수 상위 10% / 팬밀도 상위권 / 라이브친화도 상위권,성장성 신뢰도 낮음,"최종=0.687, 채널력=0.413, 성장성=0.500, 팬밀도=0.975, 라이브=0.862, 실전성=0.984, 운영제외리스크=0.000, 검증필요리스크=0.196",순위 2단계 상승 / 최종점수 +0.000 / shortlist 신규 선정
150,83,UCLHxObaq5DSSfOC5gc3JgAw,달묘,음악·보이스형,애니송커버,3910.0,9913.4,0.0618846728570327,0.685723014686825,0.5242575593952484,0.5,0.8579913606911447,0.8623110151187904,0.98432,성장관찰,True,성장관찰형,최종점수 상위 10% / 팬밀도 상위권 / 라이브친화도 상위권,성장성 신뢰도 낮음,"최종=0.686, 채널력=0.524, 성장성=0.500, 팬밀도=0.858, 라이브=0.862, 실전성=0.984, 운영제외리스크=0.000, 검증필요리스크=0.196",순위 7단계 상승 / 최종점수 +0.000 / shortlist 신규 선정
151,91,UC5IWPx5ee4L-C6Th6FXXNyA,벤어스 VENUS BATATA,버츄얼 퍼포먼스형,버튜버,8120.0,2750.5,0.1782290036795791,0.6831883874730023,0.3762284017278617,0.5,0.9908207343412528,0.9352051835853132,0.97536,성장관찰,True,성장관찰형,최종점수 상위 10% / 팬밀도 상위권 / 라이브친화도 상위권,성장성 신뢰도 낮음,"최종=0.683, 채널력=0.376, 성장성=0.500, 팬밀도=0.991, 라이브=0.935, 실전성=0.975, 운영제외리스크=0.000, 검증필요리스크=0.308",순위 3단계 상승 / 최종점수 +0.000 / shortlist 신규 선정
152,95,UCLdxLyuNHafN-1UlOs2BK8A,파크모,음악·보이스형,애니송커버,233000.0,178525.4,0.0439518694984625,0.6818487546436286,0.7034152267818574,0.5,0.7359611231101512,0.8201943844492442,0.97536,성장관찰,True,성장관찰형,최종점수 상위 10% / 라이브친화도 상위권,성장성 신뢰도 낮음,"최종=0.682, 채널력=0.703, 성장성=0.500, 팬밀도=0.736, 라이브=0.820, 실전성=0.975, 운영제외리스크=0.000, 검증필요리스크=0.308",순위 1단계 상승 / 최종점수 -0.001 / shortlist 신규 선정
153,96,UC7IdRPIpYBiNUa-r3feKU_g,Jack Ch. 잭,음악·보이스형,애니송커버,128000.0,10918.0,0.1247824151658209,0.6818058980561555,0.705561555075594,0.5,0.976781857451404,0.3960583153347732,0.98432,성장관찰,True,성장관찰형,최종점수 상위 10% / 팬밀도 상위권,성장성 신뢰도 낮음,"최종=0.682, 채널력=0.706, 성장성=0.500, 팬밀도=0.977, 라이브=0.396, 실전성=0.984, 운영제외리스크=0.000, 검증필요리스크=0.196",순위 1단계 상승 / 최종점수 -0.000 / shortlist 신규 선정
154,108,UCecmXN1XEiRwhVaB5cDbSlQ,브통령,게임 실황형,롤,5610.0,1091.2,0.0465243880144101,0.6770294401727862,0.500620950323974,0.5,0.7548596112311015,0.990280777537797,0.98432,성장관찰,True,성장관찰형,최종점수 상위 10% / 라이브친화도 상위권,성장성 신뢰도 낮음,"최종=0.677, 채널력=0.501, 성장성=0.500, 팬밀도=0.755, 라이브=0.990, 실전성=0.984, 운영제외리스크=0.000, 검증필요리스크=0.196",순위 3단계 상승 / 최종점수 -0.001 / shortlist 신규 선정
155,109,UCwKx7HLb95v3BB2gXcZRQ3A,진덕JINDOG,창작·비주얼형,코스프레,1220.0,6426.9,0.0661803749178914,0.6769584358531318,0.4909962203023758,0.5,0.8801295896328294,0.8201943844492442,0.98432,성장관찰,True,성장관찰형,최종점수 상위 10% / 팬밀도 상위권 / 라이브친화도 상위권,성장성 신뢰도 낮음,"최종=0.677, 채널력=0.491, 성장성=0.500, 팬밀도=0.880, 라이브=0.820, 실전성=0.984, 운영제외리스크=0.000, 검증필요리스크=0.196",순위 5단계 상승 / 최종점수 -0.000 / shortlist 신규 선정
156,112,UCr_9rrYVh8RNaD8pLeT0DSg,시엘 캣츠아이,음악·보이스형,JPOP커버,6520.0,10016.4,0.0846916653233204,0.6760712868250539,0.718372030237581,0.5,0.9379049676025918,0.3960583153347732,0.98432,성장관찰,True,성장관찰형,최종점수 상위 10% / 팬밀도 상위권,성장성 신뢰도 낮음,"최종=0.676, 채널력=0.718, 성장성=0.500, 팬밀도=0.938, 라이브=0.396, 실전성=0.984, 운영제외리스크=0.000, 검증필요리스크=0.196",순위 3단계 상승 / 최종점수 -0.001 / shortlist 신규 선정
157,120,UCf2CYwQ-aPvBRC4rlBXH_iw,시니초코 레이토,음악·보이스형,보컬로이드JPOP커버,2700.0,3091.7,0.1279793808844487,0.673050961554589,0.409786717062635,0.4979708559965617,0.9794816414686826,0.7206992199910783,0.99104,성장관찰,True,성장관찰형,최종점수 상위 10% / 팬밀도 상위권 / 라이브친화도 상위권,주요 자동 리스크 낮음,"최종=0.673, 채널력=0.410, 성장성=0.498, 팬밀도=0.979, 라이브=0.721, 실전성=0.991, 운영제외리스크=0.000, 검증필요리스크=0.112",순위 17단계 하락 / 최종점수 -0.007 / 성장성 -0.003 / 버킷 변경: 즉시검토 → 성장관찰 / shortlist 신규 선정
158,124,UCs9SkboKfkKpaBG4otD18HA,노엘 Noel,버츄얼 퍼포먼스형,버튜버,18400.0,4978.9,0.0731038506603816,0.670372370889922,0.4881749460043196,0.4715042372881355,0.9065874730021598,0.8623110151187904,0.97536,성장관찰,True,성장관찰형,최종점수 상위 10% / 팬밀도 상위권 / 라이브친화도 상위권,성장성 신뢰도 낮음,"최종=0.670, 채널력=0.488, 성장성=0.472, 팬밀도=0.907, 라이브=0.862, 실전성=0.975, 운영제외리스크=0.000, 검증필요리스크=0.308",순위 11단계 상승 / 최종점수 +0.000 / 성장성 -0.000 / shortlist 신규 선정
159,126,UCnjyL32Picn9AbLwLwlczmA,50mang쏘망,음악·보이스형,애니송커버,75200.0,27975.1,0.0497576091005484,0.6696520111761906,0.5792521598272139,0.435884533898305,0.7834773218142549,0.9203563714902808,0.98208,성장관찰,True,성장관찰형,최종점수 상위 10% / 라이브친화도 상위권,주요 자동 리스크 낮음,"최종=0.670, 채널력=0.579, 성장성=0.436, 팬밀도=0.783, 라이브=0.920, 실전성=0.982, 운영제외리스크=0.000, 검증필요리스크=0.224",순위 10단계 상승 / 최종점수 -0.000 / 성장성 -0.000 / shortlist 신규 선정
160,130,UCYgJRgOAciVac80iQWFv0Og,Lisiret 리시렛,음악·보이스형,보컬로이드JPOP커버,8970.0,9949.8,0.0539789632095897,0.6690987025375587,0.5589767818574515,0.4992530272837014,0.8115550755939525,0.7700616417254227,0.98432,성장관찰,True,성장관찰형,최종점수 상위 10% / 팬밀도 상위권 / 라이브친화도 상위권,성장성 신뢰도 낮음,"최종=0.669, 채널력=0.559, 성장성=0.499, 팬밀도=0.812, 라이브=0.770, 실전성=0.984, 운영제외리스크=0.000, 검증필요리스크=0.196",순위 13단계 상승 / 최종점수 +0.001 / 성장성 -0.000 / shortlist 신규 선정
161,134,UCs65_5-qdPDYBSRKwRbu_UA,다갤짱,창작·비주얼형,코스프레,12200.0,1840.2,0.0473296606255128,0.6683820319654428,0.5093952483801296,0.5,0.7645788336933045,0.9055075593952484,0.98432,성장관찰,True,성장관찰형,최종점수 상위 10% / 라이브친화도 상위권,성장성 신뢰도 낮음,"최종=0.668, 채널력=0.509, 성장성=0.500, 팬밀도=0.765, 라이브=0.906, 실전성=0.984, 운영제외리스크=0.000, 검증필요리스크=0.196",순위 7단계 상승 / 최종점수 -0.001 / shortlist 신규 선정
162,142,UCnG6pdQn6yPUfTAtMRY_Ouw,유키토키Yukitoki,버츄얼 퍼포먼스형,버튜버,3000.0,8471.4,0.0745999243901802,0.6662485926565875,0.4580993520518359,0.5,0.91036717062635,0.8201943844492442,0.97536,성장관찰,True,성장관찰형,최종점수 상위 10% / 팬밀도 상위권 / 라이브친화도 상위권,성장성 신뢰도 낮음,"최종=0.666, 채널력=0.458, 성장성=0.500, 팬밀도=0.910, 라이브=0.820, 실전성=0.975, 운영제외리스크=0.000, 검증필요리스크=0.308",순위 9단계 상승 / 최종점수 -0.001 / shortlist 신규 선정
163,167,UChZovKPPI2CMGcXNHZh3_KQ,WyvernP / 와이번P,음악·보이스형,보컬로이드JPOP커버,19200.0,10702.7,0.0538355288710625,0.6612570327744627,0.5542116630669547,0.435884533898305,0.8099352051835853,0.8623110151187904,0.98208,성장관찰,True,성장관찰형,최종점수 상위 10% / 팬밀도 상위권 / 라이브친화도 상위권,주요 자동 리스크 낮음,"최종=0.661, 채널력=0.554, 성장성=0.436, 팬밀도=0.810, 라이브=0.862, 실전성=0.982, 운영제외리스크=0.000, 검증필요리스크=0.224",최종점수 -0.000 / 성장성 -0.000 / shortlist 신규 선정
164,176,UC_0tYlUPms4Whn0hn56ibbw,소박이오,음악·보이스형,커버,1410.0,1784.1,0.0547730374426948,0.658744882937365,0.470302375809935,0.5,0.8180345572354212,0.8201943844492442,0.98432,성장관찰,True,성장관찰형,최종점수 상위 10% / 팬밀도 상위권 / 라이브친화도 상위권,성장성 신뢰도 낮음,"최종=0.659, 채널력=0.470, 성장성=0.500, 팬밀도=0.818, 라이브=0.820, 실전성=0.984, 운영제외리스크=0.000, 검증필요리스크=0.196",순위 22단계 상승 / 최종점수 +0.008 / shortlist 신규 선정
165,185,UC5-eQKhzFHtsUbFu2UUzL-A,라코유달 (racoyuu),게임 실황형,마인크래프트,14700.0,6742.4,0.1020321596938964,0.6565553152656017,0.3907802375809934,0.4918959731950159,0.9595032397408207,0.8648671850679881,0.9664,성장관찰,True,성장관찰형,최종점수 상위 10% / 팬밀도 상위권 / 라이브친화도 상위권,수집 영상 수 부족 / 성장성 신뢰도 낮음,"최종=0.657, 채널력=0.391, 성장성=0.492, 팬밀도=0.960, 라이브=0.865, 실전성=0.966, 운영제외리스크=0.000, 검증필요리스크=0.420",순위 3단계 하락 / 최종점수 -0.000 / 성장성 +0.000 / shortlist 신규 선정
166,187,UCByoa5Md3ErDN-54DircWoQ,유수 YOUSU ASMR,음악·보이스형,ASMR,3420.0,1256.7777777777778,0.0745013418878928,0.6562219347732181,0.34752969762419,0.5,0.9098272138228942,0.8488120950323973,0.98432,성장관찰,True,성장관찰형,최종점수 상위 20% / 팬밀도 상위권 / 라이브친화도 상위권,성장성 신뢰도 낮음,"최종=0.656, 채널력=0.348, 성장성=0.500, 팬밀도=0.910, 라이브=0.849, 실전성=0.984, 운영제외리스크=0.000, 검증필요리스크=0.196",순위 2단계 하락 / 최종점수 -0.000 / shortlist 신규 선정
167,189,UCkM7CsidMgbfKLZ2bweX4Sg,미 쯔,,음악기타,28200.0,34758.3,0.0459479402852454,0.6560160216505972,0.823218142548596,0.4811723241776915,0.7521598272138229,0.4203721168874098,0.98376,성장관찰,True,성장관찰형,최종점수 상위 20%,상위 세그먼트 불명확,"최종=0.656, 채널력=0.823, 성장성=0.481, 팬밀도=0.752, 라이브=0.420, 실전성=0.984, 운영제외리스크=0.000, 검증필요리스크=0.203",순위 5단계 하락 / 최종점수 -0.001 / 성장성 +0.000 / shortlist 신규 선정
168,193,UCQ7mf3JVnPOScLIhzM_1Zvw,유진 알파,음악·보이스형,애니송커버,3720.0,3271.4,0.0810513463713788,0.6547098438920819,0.3937634989200864,0.4715042372881355,0.929805615550756,0.8623110151187904,0.97536,성장관찰,True,성장관찰형,최종점수 상위 20% / 팬밀도 상위권 / 라이브친화도 상위권,성장성 신뢰도 낮음,"최종=0.655, 채널력=0.394, 성장성=0.472, 팬밀도=0.930, 라이브=0.862, 실전성=0.975, 운영제외리스크=0.000, 검증필요리스크=0.308",순위 4단계 하락 / 최종점수 -0.000 / 성장성 -0.000 / shortlist 신규 선정
169,194,UCCXEsHyYq6KFT4UkhG3hx2w,아람이,음악·보이스형,ASMR,674000.0,120739.4,0.02605440141709,0.6544507304504248,0.8463552915766739,0.660599311020642,0.4692224622030237,0.4203721168874098,0.9,성장관찰,True,성장관찰형,최종점수 상위 20% / 성장성 상위권 / 성장성 신뢰도 양호,주요 자동 리스크 낮음,"최종=0.654, 채널력=0.846, 성장성=0.661, 팬밀도=0.469, 라이브=0.420, 실전성=0.900, 운영제외리스크=0.000, 검증필요리스크=0.000",순위 15단계 하락 / 최종점수 -0.004 / 성장성 +0.000 / 버킷 변경: 즉시검토 → 성장관찰 / shortlist 신규 선정
170,195,UCCLbnAdTY9KqHq757FPc9KQ,우타네 레아,,커버기타,3980.0,10544.7,0.0293609512551655,0.654214035230934,0.689835313174946,0.7194419391707177,0.5280777537796977,0.4203721168874098,0.99272,성장관찰,True,성장관찰형,최종점수 상위 20% / 성장성 상위권 / 성장성 신뢰도 양호,상위 세그먼트 불명확,"최종=0.654, 채널력=0.690, 성장성=0.719, 팬밀도=0.528, 라이브=0.420, 실전성=0.993, 운영제외리스크=0.000, 검증필요리스크=0.091",순위 48단계 하락 / 최종점수 -0.013 / 성장성 +0.001 / 버킷 변경: 즉시검토 → 성장관찰 / shortlist 신규 선정
171,196,UCC2INaHrKKZ3qU5yeDVfCtw,붓다 빅퀘스천,음악·보이스형,ASMR보이스,15200.0,6146.9,0.0338733692227318,0.653701146436285,0.6105291576673866,0.5,0.6101511879049676,0.8857991360691143,0.98432,성장관찰,True,성장관찰형,최종점수 상위 20% / 라이브친화도 상위권,성장성 신뢰도 낮음,"최종=0.654, 채널력=0.611, 성장성=0.500, 팬밀도=0.610, 라이브=0.886, 실전성=0.984, 운영제외리스크=0.000, 검증필요리스크=0.196",순위 6단계 하락 / 최종점수 -0.001 / shortlist 신규 선정
172,200,UCCffrYqxHZJn9Dl-S0J-poA,락커 김정규,음악·보이스형,애니송커버,1910.0,186.4,0.0635538251944371,0.6528238447560127,0.3161717062634989,0.4715042372881355,0.8655507559395248,0.990280777537797,0.98432,성장관찰,True,성장관찰형,최종점수 상위 20% / 팬밀도 상위권 / 라이브친화도 상위권,성장성 신뢰도 낮음,"최종=0.653, 채널력=0.316, 성장성=0.472, 팬밀도=0.866, 라이브=0.990, 실전성=0.984, 운영제외리스크=0.000, 검증필요리스크=0.196",순위 6단계 하락 / 최종점수 -0.000 / 성장성 -0.000 / shortlist 신규 선정
173,201,UCmcy1zUpHJce5BhukzumEzg,유튜버 뮤직 순위,,커버기타,4260.0,19870.7,0.0864464033485751,0.6525189199363034,0.6556155507559395,0.4928760593220339,0.9400647948164148,0.3960583153347732,0.97704,성장관찰,True,성장관찰형,최종점수 상위 20% / 팬밀도 상위권,상위 세그먼트 불명확 / 성장성 신뢰도 낮음,"최종=0.653, 채널력=0.656, 성장성=0.493, 팬밀도=0.940, 라이브=0.396, 실전성=0.977, 운영제외리스크=0.000, 검증필요리스크=0.287",순위 5단계 하락 / 최종점수 +0.001 / 성장성 -0.000 / shortlist 신규 선정
174,202,UC4YdULWSZZSWRFb2d75l35g,모네뮤직 - MONE MUSIC,음악·보이스형,JPOP커버,68700.0,1445.9,0.0329615151145648,0.6524892854540087,0.5949784017278618,0.645249877826993,0.5966522678185745,0.5310704824148986,1.0,성장관찰,True,성장관찰형,최종점수 상위 20% / 성장성 상위권 / 실전성 리스크 낮음 / 성장성 신뢰도 양호,주요 자동 리스크 낮음,"최종=0.652, 채널력=0.595, 성장성=0.645, 팬밀도=0.597, 라이브=0.531, 실전성=1.000, 운영제외리스크=0.000, 검증필요리스크=0.000",순위 22단계 하락 / 최종점수 -0.005 / 성장성 +0.000 / 버킷 변경: 즉시검토 → 성장관찰 / shortlist 신규 선정
175,204,UC89KjC0fWiGAZT3D8QpTFrw,YUUKI NEO 유우키 네오 ch.,음악·보이스형,보컬로이드JPOP커버,3020.0,5854.5,0.0700219041275569,0.6514723017937548,0.3564119870410366,0.4928760593220339,0.8957883369330454,0.9055075593952484,0.97536,성장관찰,True,성장관찰형,최종점수 상위 20% / 팬밀도 상위권 / 라이브친화도 상위권,성장성 신뢰도 낮음,"최종=0.651, 채널력=0.356, 성장성=0.493, 팬밀도=0.896, 라이브=0.906, 실전성=0.975, 운영제외리스크=0.000, 검증필요리스크=0.308",순위 7단계 하락 / 최종점수 +0.000 / 성장성 -0.000 / shortlist 신규 선정
176,205,UCM4USHFJQShxtyOR69UB0Zw,MY DRUM SHEET 마이 드럼 시트,음악·보이스형,애니송커버,197000.0,260.0,0.0585788634025051,0.651384769046531,0.4602861771058315,0.6121301646923264,0.843952483801296,0.4203721168874098,1.0,성장관찰,True,성장관찰형,최종점수 상위 20% / 성장성 상위권 / 팬밀도 상위권 / 실전성 리스크 낮음 / 성장성 신뢰도 양호,주요 자동 리스크 낮음,"최종=0.651, 채널력=0.460, 성장성=0.612, 팬밀도=0.844, 라이브=0.420, 실전성=1.000, 운영제외리스크=0.000, 검증필요리스크=0.000",순위 33단계 하락 / 최종점수 -0.009 / 성장성 +0.000 / 버킷 변경: 즉시검토 → 성장관찰 / shortlist 신규 선정
177,206,UCC44nCFcuxuK0TV3GcWdqnA,아메츠유,음악·보이스형,애니송커버,1100.0,501.0,0.092991318841325,0.6508912388495581,0.2988660907127429,0.6561655358648165,0.9470842332613392,0.4203721168874098,1.0,성장관찰,True,성장관찰형,최종점수 상위 20% / 성장성 상위권 / 팬밀도 상위권 / 실전성 리스크 낮음 / 성장성 신뢰도 양호,주요 자동 리스크 낮음,"최종=0.651, 채널력=0.299, 성장성=0.656, 팬밀도=0.947, 라이브=0.420, 실전성=1.000, 운영제외리스크=0.000, 검증필요리스크=0.000",순위 3단계 하락 / 최종점수 +0.000 / 성장성 +0.000 / shortlist 신규 선정
178,207,UCZ0a_Z0xbPMfGjChL6oLRRA,기타연습중,음악·보이스형,보컬로이드JPOP커버,7850.0,13890.9,0.0604422148409695,0.6506343959685568,0.4703698704103672,0.6308993305739826,0.8525917926565875,0.4203721168874098,0.99104,성장관찰,True,성장관찰형,최종점수 상위 20% / 성장성 상위권 / 팬밀도 상위권 / 성장성 신뢰도 양호,주요 자동 리스크 낮음,"최종=0.651, 채널력=0.470, 성장성=0.631, 팬밀도=0.853, 라이브=0.420, 실전성=0.991, 운영제외리스크=0.000, 검증필요리스크=0.112",순위 3단계 하락 / 최종점수 +0.000 / 성장성 +0.001 / shortlist 신규 선정
179,210,UCz_oWTce9lerXEtCyGa5E2g,Eia ASMR 이아,음악·보이스형,ASMR보이스,3010.0,8055.2,0.0326662150353162,0.6501908590907762,0.5680075593952483,0.7213535501480932,0.591792656587473,0.4203721168874098,1.0,성장관찰,True,성장관찰형,최종점수 상위 20% / 성장성 상위권 / 실전성 리스크 낮음 / 성장성 신뢰도 양호,주요 자동 리스크 낮음,"최종=0.650, 채널력=0.568, 성장성=0.721, 팬밀도=0.592, 라이브=0.420, 실전성=1.000, 운영제외리스크=0.000, 검증필요리스크=0.000",순위 8단계 하락 / 최종점수 -0.000 / 성장성 +0.000 / shortlist 신규 선정
180,211,UCnYU2xWkanjBNu1afzNJxZw,홍시,음악·보이스형,애니송커버,7190.0,4415.7,0.0335476755585137,0.6500796561555076,0.557829373650108,0.5,0.6031317494600432,0.949244060475162,0.98432,성장관찰,True,성장관찰형,최종점수 상위 20% / 라이브친화도 상위권,성장성 신뢰도 낮음,"최종=0.650, 채널력=0.558, 성장성=0.500, 팬밀도=0.603, 라이브=0.949, 실전성=0.984, 운영제외리스크=0.000, 검증필요리스크=0.196",순위 10단계 하락 / 최종점수 -0.001 / shortlist 신규 선정
181,213,UCyUm1IF1GvhL8sFaK_Ga3ew,아테 Ate,음악·보이스형,보컬로이드JPOP커버,3320.0,4582.8,0.0774914760515606,0.6487753205183585,0.3418601511879049,0.5,0.9184665226781856,0.8623110151187904,0.97536,성장관찰,True,성장관찰형,최종점수 상위 20% / 팬밀도 상위권 / 라이브친화도 상위권,성장성 신뢰도 낮음,"최종=0.649, 채널력=0.342, 성장성=0.500, 팬밀도=0.918, 라이브=0.862, 실전성=0.975, 운영제외리스크=0.000, 검증필요리스크=0.308",순위 5단계 하락 / 최종점수 +0.000 / shortlist 신규 선정
182,214,UCzmaoc4-YtFeYz4NQbyF9mg,슬라임네 십덕방,,서브컬쳐게임,1450.0,11382.0,0.0276244271035145,0.6486561847508965,0.5561555075593951,0.6856374867250928,0.5,0.6836658453653572,0.99272,성장관찰,True,성장관찰형,최종점수 상위 20% / 성장성 상위권 / 라이브친화도 상위권 / 성장성 신뢰도 양호,상위 세그먼트 불명확,"최종=0.649, 채널력=0.556, 성장성=0.686, 팬밀도=0.500, 라이브=0.684, 실전성=0.993, 운영제외리스크=0.000, 검증필요리스크=0.091",순위 1단계 하락 / 최종점수 +0.001 / 성장성 -0.000 / shortlist 신규 선정
183,218,UCr49A2zwV7fBjECclYJAxvg,루니루,,서브컬쳐게임,3200.0,25042.4,0.0312408294227999,0.6479914921267593,0.6547246220302375,0.6925624077202943,0.5691144708423326,0.4203721168874098,0.99272,성장관찰,True,성장관찰형,최종점수 상위 20% / 성장성 상위권 / 성장성 신뢰도 양호,상위 세그먼트 불명확,"최종=0.648, 채널력=0.655, 성장성=0.693, 팬밀도=0.569, 라이브=0.420, 실전성=0.993, 운영제외리스크=0.000, 검증필요리스크=0.091",순위 50단계 상승 / 최종점수 +0.012 / 성장성 +0.000 / shortlist 신규 선정
184,219,UCmZeuRfHYowZhf6odtoaNdg,집마 홀릭,,서브컬쳐게임,410000.0,49356.6,0.0138496321273606,0.6477400164358679,0.8103671706263499,0.6716092124814265,0.2057235421166306,0.8491725342507518,0.89272,성장관찰,True,성장관찰형,최종점수 상위 20% / 성장성 상위권 / 라이브친화도 상위권 / 성장성 신뢰도 양호,상위 세그먼트 불명확,"최종=0.648, 채널력=0.810, 성장성=0.672, 팬밀도=0.206, 라이브=0.849, 실전성=0.893, 운영제외리스크=0.000, 검증필요리스크=0.091",순위 8단계 하락 / 최종점수 +0.000 / 성장성 +0.000 / shortlist 신규 선정
185,225,UCOYfJSNZZUavqGWC5fU8GwQ,묘현,버츄얼 퍼포먼스형,버튜버,16800.0,12489.8,0.0696772895754057,0.64640145033164,0.5986906047516198,0.4822908468506529,0.8941684665226782,0.4203721168874098,0.99104,성장관찰,True,성장관찰형,최종점수 상위 20% / 팬밀도 상위권,주요 자동 리스크 낮음,"최종=0.646, 채널력=0.599, 성장성=0.482, 팬밀도=0.894, 라이브=0.420, 실전성=0.991, 운영제외리스크=0.000, 검증필요리스크=0.112",순위 5단계 하락 / 최종점수 -0.000 / 성장성 -0.000 / shortlist 신규 선정
186,227,UC9_ZjnlpbGykePotEf31aDg,시트리 / SITRY 【V-LUP】,버츄얼 퍼포먼스형,버튜버,6170.0,564.0,0.1086127576835001,0.6462326639308856,0.2533342332613391,0.5,0.9659827213822896,0.9055075593952484,0.97536,성장관찰,True,성장관찰형,최종점수 상위 20% / 팬밀도 상위권 / 라이브친화도 상위권,성장성 신뢰도 낮음,"최종=0.646, 채널력=0.253, 성장성=0.500, 팬밀도=0.966, 라이브=0.906, 실전성=0.975, 운영제외리스크=0.000, 검증필요리스크=0.308",최종점수 +0.000 / shortlist 신규 선정
187,228,UCjnc0AA4TKE1NiR6oPVGYnw,김락희 Rockhe Kim,창작·비주얼형,일러스트리깅,119000.0,6875.7,0.0433105468174351,0.6461828984033706,0.4373245140388768,0.6384208550950319,0.7316414686825053,0.6700142851870512,0.98208,성장관찰,True,성장관찰형,최종점수 상위 20% / 성장성 상위권 / 라이브친화도 상위권 / 성장성 신뢰도 양호,수집 영상 수 부족,"최종=0.646, 채널력=0.437, 성장성=0.638, 팬밀도=0.732, 라이브=0.670, 실전성=0.982, 운영제외리스크=0.000, 검증필요리스크=0.224",순위 2단계 하락 / 최종점수 +0.000 / 성장성 +0.000 / shortlist 신규 선정
188,232,UCgIPtep6A9mN605m0wat0SA,푸푸 ,음악·보이스형,애니송커버,4210.0,5257.4,0.0786352801611745,0.6455676686466439,0.3210988120950323,0.7115197999503667,0.9222462203023758,0.4203721168874098,0.98208,성장관찰,True,성장관찰형,최종점수 상위 20% / 성장성 상위권 / 팬밀도 상위권 / 성장성 신뢰도 양호,수집 영상 수 부족,"최종=0.646, 채널력=0.321, 성장성=0.712, 팬밀도=0.922, 라이브=0.420, 실전성=0.982, 운영제외리스크=0.000, 검증필요리스크=0.224",순위 9단계 하락 / 최종점수 -0.001 / 성장성 -0.001 / shortlist 신규 선정
189,233,UCODl2Lpet8CUe3TFjrKe_9g,레리리,음악·보이스형,성우더빙,19000.0,182153.7,0.0236273033959712,0.6453691558021467,0.8096652267818575,0.649595615693947,0.4195464362850972,0.4203721168874098,1.0,성장관찰,True,성장관찰형,최종점수 상위 20% / 성장성 상위권 / 실전성 리스크 낮음 / 성장성 신뢰도 양호,주요 자동 리스크 낮음,"최종=0.645, 채널력=0.810, 성장성=0.650, 팬밀도=0.420, 라이브=0.420, 실전성=1.000, 운영제외리스크=0.000, 검증필요리스크=0.000",순위 18단계 하락 / 최종점수 -0.002 / 성장성 +0.000 / shortlist 신규 선정
190,236,UCIcAd2kNDmrk11ymucsa-KQ,이류호 Lee Ryuho,버츄얼 퍼포먼스형,버튜버,2050.0,3938.4,0.0430811033025387,0.6439020103671707,0.4913876889848812,0.5,0.7294816414686826,0.8201943844492442,0.98432,성장관찰,True,성장관찰형,최종점수 상위 20% / 라이브친화도 상위권,성장성 신뢰도 낮음,"최종=0.644, 채널력=0.491, 성장성=0.500, 팬밀도=0.729, 라이브=0.820, 실전성=0.984, 운영제외리스크=0.000, 검증필요리스크=0.196",순위 1단계 하락 / 최종점수 -0.001 / shortlist 신규 선정
191,238,UCpI3bUOfCE7HKiF7VjE-uGQ,피크닉무무,음악·보이스형,음악,1040.0,4486.5,0.0450401098446024,0.6434838491117006,0.5174406047516199,0.6166436178716967,0.7451403887688985,0.4203721168874098,1.0,성장관찰,True,성장관찰형,최종점수 상위 20% / 성장성 상위권 / 실전성 리스크 낮음 / 성장성 신뢰도 양호,주요 자동 리스크 낮음,"최종=0.643, 채널력=0.517, 성장성=0.617, 팬밀도=0.745, 라이브=0.420, 실전성=1.000, 운영제외리스크=0.000, 검증필요리스크=0.000",순위 22단계 하락 / 최종점수 -0.003 / 성장성 -0.000 / shortlist 신규 선정
192,239,UCIeK_0-ggO2uUYTQSi4ZsAw,레비얀 Leviyan,음악·보이스형,보컬로이드JPOP커버,7620.0,11318.0,0.0928883768678077,0.6434514164146868,0.5614605831533478,0.5,0.9465442764578834,0.3960583153347732,0.98432,성장관찰,True,성장관찰형,최종점수 상위 20% / 팬밀도 상위권,성장성 신뢰도 낮음,"최종=0.643, 채널력=0.561, 성장성=0.500, 팬밀도=0.947, 라이브=0.396, 실전성=0.984, 운영제외리스크=0.000, 검증필요리스크=0.196",순위 15단계 하락 / 최종점수 -0.003 / shortlist 신규 선정
193,244,UCvaN--KykdsXuPagO9CU0iA,스타의 마지막 순간,음악·보이스형,성우더빙,1040.0,260.6,0.0586717681256076,0.6425701746041248,0.1645788336933045,0.8487267025908601,0.8444924406047516,0.4203721168874098,0.99104,성장관찰,True,성장관찰형,최종점수 상위 20% / 성장성 상위권 / 팬밀도 상위권 / 성장성 신뢰도 양호,주요 자동 리스크 낮음,"최종=0.643, 채널력=0.165, 성장성=0.849, 팬밀도=0.844, 라이브=0.420, 실전성=0.991, 운영제외리스크=0.000, 검증필요리스크=0.112",최종점수 +0.000 / 성장성 +0.000 / shortlist 신규 선정
194,246,UC_tmWi6j_uTJ_3Zsg2rTekg,유쌤의 기타한입(OneBiteGuitar),,음악기타,8230.0,1082.1,0.0398632924166399,0.6415639809049652,0.5486231101511879,0.6494550512277716,0.7008639308855291,0.4203721168874098,0.99272,성장관찰,True,성장관찰형,최종점수 상위 20% / 성장성 상위권 / 성장성 신뢰도 양호,상위 세그먼트 불명확,"최종=0.642, 채널력=0.549, 성장성=0.649, 팬밀도=0.701, 라이브=0.420, 실전성=0.993, 운영제외리스크=0.000, 검증필요리스크=0.091",순위 18단계 하락 / 최종점수 -0.004 / 성장성 +0.000 / shortlist 신규 선정
195,249,UCV8x8ST084OyizeGwoM-Dyg,야마양파,음악·보이스형,ASMR보이스,79500.0,16963.6,0.0474444190863338,0.6412157806956871,0.7319924406047515,0.458732608332864,0.7672786177105831,0.4203721168874098,0.99104,성장관찰,True,성장관찰형,최종점수 상위 20%,주요 자동 리스크 낮음,"최종=0.641, 채널력=0.732, 성장성=0.459, 팬밀도=0.767, 라이브=0.420, 실전성=0.991, 운영제외리스크=0.000, 검증필요리스크=0.112",순위 7단계 하락 / 최종점수 -0.001 / 성장성 -0.000 / shortlist 신규 선정
196,250,UCzPv09-SJeVd1hBdpvlhy0g,아오토 라떼 Aoto Latte,음악·보이스형,ASMR,4890.0,5600.1,0.0365192081820524,0.6408240577754442,0.3327348812095032,0.623859874953416,0.6555075593952484,0.926530372369616,0.98208,성장관찰,True,성장관찰형,최종점수 상위 20% / 성장성 상위권 / 라이브친화도 상위권 / 성장성 신뢰도 양호,수집 영상 수 부족,"최종=0.641, 채널력=0.333, 성장성=0.624, 팬밀도=0.656, 라이브=0.927, 실전성=0.982, 운영제외리스크=0.000, 검증필요리스크=0.224",순위 2단계 상승 / 최종점수 +0.000 / 성장성 -0.001 / shortlist 신규 선정
197,251,UCw-QmownJwilhTje10TYlIg,HIU 하이유,음악·보이스형,ASMR,6460000.0,57261.0,0.0123797029898099,0.640757801440856,0.8263228941684665,0.6309049614267205,0.1744060475161987,0.8462936338049867,0.9,성장관찰,True,성장관찰형,최종점수 상위 20% / 성장성 상위권 / 라이브친화도 상위권 / 성장성 신뢰도 양호,주요 자동 리스크 낮음,"최종=0.641, 채널력=0.826, 성장성=0.631, 팬밀도=0.174, 라이브=0.846, 실전성=0.900, 운영제외리스크=0.000, 검증필요리스크=0.000",순위 1단계 하락 / 최종점수 -0.000 / 성장성 +0.001 / shortlist 신규 선정
198,253,UCL4BeHxRWW3d9f8vXepHmAw,영화보다,창작·비주얼형,코스프레,3090.0,53474.4,0.0175678607586172,0.6403463126085159,0.6931155507559394,0.8191125364078391,0.2975161987041037,0.4203721168874098,1.0,성장관찰,True,성장관찰형,최종점수 상위 20% / 성장성 상위권 / 실전성 리스크 낮음 / 성장성 신뢰도 양호,주요 자동 리스크 낮음,"최종=0.640, 채널력=0.693, 성장성=0.819, 팬밀도=0.298, 라이브=0.420, 실전성=1.000, 운영제외리스크=0.000, 검증필요리스크=0.000",최종점수 -0.000 / 성장성 +0.001 / shortlist 신규 선정
199,254,UCeoWpmWREQaRFK8PWW1dCgg,순망,버츄얼 퍼포먼스형,버튜버,47700.0,22592.0,0.0284592630774544,0.6401921763146469,0.7399838012958964,0.6124605377649711,0.5129589632829373,0.4203721168874098,1.0,성장관찰,True,성장관찰형,최종점수 상위 20% / 성장성 상위권 / 실전성 리스크 낮음 / 성장성 신뢰도 양호,주요 자동 리스크 낮음,"최종=0.640, 채널력=0.740, 성장성=0.612, 팬밀도=0.513, 라이브=0.420, 실전성=1.000, 운영제외리스크=0.000, 검증필요리스크=0.000",순위 7단계 하락 / 최종점수 -0.002 / 성장성 +0.001 / shortlist 신규 선정
200,256,UCj40-7b-8UTOFMgDifkEOrg,에키짱,게임 실황형,마인크래프트,1800.0,9664.2,0.0746425959958897,0.6401319242295319,0.3294681425485961,0.6944398117899003,0.9109071274298056,0.4203721168874098,0.98208,성장관찰,True,성장관찰형,최종점수 상위 20% / 성장성 상위권 / 팬밀도 상위권 / 성장성 신뢰도 양호,수집 영상 수 부족,"최종=0.640, 채널력=0.329, 성장성=0.694, 팬밀도=0.911, 라이브=0.420, 실전성=0.982, 운영제외리스크=0.000, 검증필요리스크=0.224",순위 79단계 상승 / 최종점수 +0.016 / 성장성 +0.000 / shortlist 신규 선정
201,260,UC8iDO91cJ_Idqi14rQtI6RA,에펜바움 Efenbaum,게임 실황형,니케,20700.0,1485.8,0.0203438307218503,0.6385131574629772,0.5095842332613391,0.6308454977655146,0.3585313174946004,0.9392733128155096,1.0,성장관찰,True,성장관찰형,최종점수 상위 20% / 성장성 상위권 / 라이브친화도 상위권 / 실전성 리스크 낮음 / 성장성 신뢰도 양호,주요 자동 리스크 낮음,"최종=0.639, 채널력=0.510, 성장성=0.631, 팬밀도=0.359, 라이브=0.939, 실전성=1.000, 운영제외리스크=0.000, 검증필요리스크=0.000",순위 163단계 상승 / 최종점수 +0.028 / 성장성 +0.000 / shortlist 신규 선정
202,263,UCj5xwpX3bTbaLaXp9oCT9sA,심심한 좐 킴,버츄얼 퍼포먼스형,버튜버,3880.0,8794.3,0.0336713884456093,0.6378258764578834,0.5879589632829374,0.5,0.6052915766738661,0.8201943844492442,0.98432,성장관찰,True,성장관찰형,최종점수 상위 20% / 라이브친화도 상위권,성장성 신뢰도 낮음,"최종=0.638, 채널력=0.588, 성장성=0.500, 팬밀도=0.605, 라이브=0.820, 실전성=0.984, 운영제외리스크=0.000, 검증필요리스크=0.196",최종점수 +0.000 / shortlist 신규 선정
203,265,UCrPFMhBZzBNcWrZeW6fNlxA,기메,,서브컬쳐게임,3050.0,1676.3,0.0250037424204176,0.6375188585846953,0.4440064794816414,0.634614267911327,0.4460043196544276,0.9483392517305896,0.99272,성장관찰,True,성장관찰형,최종점수 상위 20% / 성장성 상위권 / 라이브친화도 상위권 / 성장성 신뢰도 양호,상위 세그먼트 불명확,"최종=0.638, 채널력=0.444, 성장성=0.635, 팬밀도=0.446, 라이브=0.948, 실전성=0.993, 운영제외리스크=0.000, 검증필요리스크=0.091",순위 9단계 하락 / 최종점수 -0.002 / 성장성 +0.000 / shortlist 신규 선정
204,269,UCM4cvav8MFLRiVnYLsCZSXA,햄토끼키우기,음악·보이스형,커버,3220.0,5101.7,0.0588716572531914,0.6367277917926566,0.5978941684665227,0.5,0.8450323974082073,0.3960583153347732,0.99104,성장관찰,True,성장관찰형,최종점수 상위 20% / 팬밀도 상위권,주요 자동 리스크 낮음,"최종=0.637, 채널력=0.598, 성장성=0.500, 팬밀도=0.845, 라이브=0.396, 실전성=0.991, 운영제외리스크=0.000, 검증필요리스크=0.112",순위 4단계 하락 / 최종점수 -0.000 / shortlist 신규 선정
205,270,UCOB9RGbkggjuEFQyBmlFoVA,게마 즐겜채널,,서브컬쳐게임,13200.0,42603.4,0.0165793249144084,0.6363034422105056,0.7438444924406047,0.6770331934227204,0.2748380129589632,0.6723359790949264,0.99272,성장관찰,True,성장관찰형,최종점수 상위 20% / 성장성 상위권 / 라이브친화도 상위권 / 성장성 신뢰도 양호,상위 세그먼트 불명확,"최종=0.636, 채널력=0.744, 성장성=0.677, 팬밀도=0.275, 라이브=0.672, 실전성=0.993, 운영제외리스크=0.000, 검증필요리스크=0.091",순위 3단계 하락 / 최종점수 -0.000 / 성장성 +0.000 / shortlist 신규 선정
206,271,UCuZYFNACsfqmncGYGKxdw3w,해외 1초컷,게임 실황형,로블록스,20800.0,156.9,0.0473648881337357,0.6358515497734617,0.3394303455723542,0.712704790398659,0.7661987041036717,0.4203721168874098,1.0,성장관찰,True,성장관찰형,최종점수 상위 20% / 성장성 상위권 / 실전성 리스크 낮음 / 성장성 신뢰도 양호,주요 자동 리스크 낮음,"최종=0.636, 채널력=0.339, 성장성=0.713, 팬밀도=0.766, 라이브=0.420, 실전성=1.000, 운영제외리스크=0.000, 검증필요리스크=0.000",순위 291단계 상승 / 최종점수 +0.042 / 성장성 +0.000 / shortlist 신규 선정
207,272,UC4wGHE2oKgNPBKLiV9BCVuA,매히두 / MAE HIDU,음악·보이스형,커버,8390.0,4066.7,0.0678471956204326,0.6357849223294523,0.5574784017278617,0.4814224615913745,0.8882289416846653,0.4203721168874098,0.99104,성장관찰,True,성장관찰형,최종점수 상위 20% / 팬밀도 상위권,주요 자동 리스크 낮음,"최종=0.636, 채널력=0.557, 성장성=0.481, 팬밀도=0.888, 라이브=0.420, 실전성=0.991, 운영제외리스크=0.000, 검증필요리스크=0.112",순위 2단계 하락 / 최종점수 -0.000 / 성장성 +0.000 / shortlist 신규 선정
208,277,UC1Q0aAAE8RgRV55grtCOSFA,희월룸,,게임기타,1300.0,107.0,0.0966235619280794,0.6338810639308855,0.2052510799136068,0.5,0.9551835853131748,0.8968682505399568,0.97704,성장관찰,True,성장관찰형,최종점수 상위 20% / 팬밀도 상위권 / 라이브친화도 상위권,상위 세그먼트 불명확 / 성장성 신뢰도 낮음,"최종=0.634, 채널력=0.205, 성장성=0.500, 팬밀도=0.955, 라이브=0.897, 실전성=0.977, 운영제외리스크=0.000, 검증필요리스크=0.287",순위 5단계 상승 / 최종점수 +0.000 / shortlist 신규 선정
209,279,UCDsLZHnnAaLlJ8ems7lDoVA,혼자도 명화극장,,서브컬쳐게임,2430.0,16091.1,0.0353656767222569,0.6337236442051808,0.5,0.7454551785650112,0.6376889848812095,0.4203721168874098,0.98376,성장관찰,True,성장관찰형,최종점수 상위 20% / 성장성 상위권 / 성장성 신뢰도 양호,상위 세그먼트 불명확,"최종=0.634, 채널력=0.500, 성장성=0.745, 팬밀도=0.638, 라이브=0.420, 실전성=0.984, 운영제외리스크=0.000, 검증필요리스크=0.203",순위 1단계 상승 / 최종점수 -0.000 / 성장성 +0.001 / shortlist 신규 선정
210,280,UCR_HrzFSq5Sgs9QGA1lAiRA,마무무,,서브컬쳐게임,3750.0,6814.1,0.0391875840062826,0.6335732321364553,0.5648758099352051,0.6153589645275238,0.6916846652267818,0.4203721168874098,0.99272,성장관찰,True,성장관찰형,최종점수 상위 20% / 성장성 상위권 / 성장성 신뢰도 양호,상위 세그먼트 불명확,"최종=0.634, 채널력=0.565, 성장성=0.615, 팬밀도=0.692, 라이브=0.420, 실전성=0.993, 운영제외리스크=0.000, 검증필요리스크=0.091",순위 2단계 하락 / 최종점수 -0.001 / 성장성 +0.000 / shortlist 신규 선정
211,283,UCEYNv18kWpK1-3LunuHgmUA,아니띵,,커버기타,104000.0,18731.5,0.0214449424436684,0.6330153173131092,0.8276187904967602,0.6525672755178876,0.3790496760259179,0.4203721168874098,0.99272,성장관찰,True,성장관찰형,최종점수 상위 20% / 성장성 상위권 / 성장성 신뢰도 양호,상위 세그먼트 불명확,"최종=0.633, 채널력=0.828, 성장성=0.653, 팬밀도=0.379, 라이브=0.420, 실전성=0.993, 운영제외리스크=0.000, 검증필요리스크=0.091",순위 6단계 상승 / 최종점수 +0.001 / 성장성 -0.001 / shortlist 신규 선정
212,285,UCQ7XyxloMyamc0aE_QcaeZA,김낙현의연예인토크쇼,음악·보이스형,애니송커버,2680.0,1122.0,0.0689511096197794,0.63264897062635,0.2559800215982721,0.5,0.8914686825053996,0.9203563714902808,0.97536,성장관찰,True,성장관찰형,최종점수 상위 20% / 팬밀도 상위권 / 라이브친화도 상위권,성장성 신뢰도 낮음,"최종=0.633, 채널력=0.256, 성장성=0.500, 팬밀도=0.891, 라이브=0.920, 실전성=0.975, 운영제외리스크=0.000, 검증필요리스크=0.308",순위 1단계 상승 / 최종점수 -0.000 / shortlist 신규 선정
213,289,UCAd9A4YzTb-g2BLnaZxhECA,짭구,버츄얼 퍼포먼스형,버튜버,140000.0,17972.8,0.0041920880523368,0.6319261855191989,0.7431965442764579,0.7841930953221109,0.0367170626349892,0.738474168723263,1.0,성장관찰,True,성장관찰형,최종점수 상위 20% / 성장성 상위권 / 라이브친화도 상위권 / 실전성 리스크 낮음 / 성장성 신뢰도 양호,주요 자동 리스크 낮음,"최종=0.632, 채널력=0.743, 성장성=0.784, 팬밀도=0.037, 라이브=0.738, 실전성=1.000, 운영제외리스크=0.000, 검증필요리스크=0.000",순위 3단계 상승 / 최종점수 -0.000 / 성장성 +0.000 / shortlist 신규 선정
214,294,UCVUJGlcgbkjpJvTCDj2zzEQ,메에,음악·보이스형,보컬로이드JPOP커버,2870.0,27755.9,0.0476091203922307,0.6310079991280051,0.6579913606911447,0.5058429441409731,0.769438444924406,0.4203721168874098,0.98432,성장관찰,True,성장관찰형,최종점수 상위 20%,성장성 신뢰도 낮음,"최종=0.631, 채널력=0.658, 성장성=0.506, 팬밀도=0.769, 라이브=0.420, 실전성=0.984, 운영제외리스크=0.000, 검증필요리스크=0.196",순위 1단계 하락 / 최종점수 -0.001 / 성장성 -0.000 / shortlist 신규 선정
215,296,UC7Hu7RfJ73V-r3SqqeDvSXg,강원얼라,음악·보이스형,애니송커버,1100.0,40019.1,0.0403380160632726,0.6308195969762419,0.4317899568034558,0.5,0.7073434125269978,0.9203563714902808,0.97536,성장관찰,True,성장관찰형,최종점수 상위 20% / 라이브친화도 상위권,성장성 신뢰도 낮음,"최종=0.631, 채널력=0.432, 성장성=0.500, 팬밀도=0.707, 라이브=0.920, 실전성=0.975, 운영제외리스크=0.000, 검증필요리스크=0.308",순위 4단계 상승 / 최종점수 +0.000 / shortlist 신규 선정
216,299,UCWf4-qM-qqC6qefImjklAYg,TRAP CHICK 트랩칙,음악·보이스형,보컬로이드JPOP커버,159000.0,4059340.8,0.0280218574909405,0.629771000863931,0.6945599352051837,0.5,0.5080993520518359,0.8201943844492442,0.97536,성장관찰,True,성장관찰형,최종점수 상위 20% / 라이브친화도 상위권,성장성 신뢰도 낮음,"최종=0.630, 채널력=0.695, 성장성=0.500, 팬밀도=0.508, 라이브=0.820, 실전성=0.975, 운영제외리스크=0.000, 검증필요리스크=0.308",순위 3단계 하락 / 최종점수 -0.002 / shortlist 신규 선정
217,300,UCZD3yQk0qXLpK1a-bZcLK6A,마이곰이,게임 실황형,롤,54900.0,74904.3,0.0319161998514078,0.6296726925119267,0.8018898488120949,0.5106517704041302,0.5788336933045356,0.4203721168874098,0.99104,성장관찰,True,성장관찰형,최종점수 상위 20%,주요 자동 리스크 낮음,"최종=0.630, 채널력=0.802, 성장성=0.511, 팬밀도=0.579, 라이브=0.420, 실전성=0.991, 운영제외리스크=0.000, 검증필요리스크=0.112",순위 3단계 하락 / 최종점수 -0.002 / 성장성 -0.000 / shortlist 신규 선정
218,301,UCFQHjkpSE4ObsX4JNxPsTBg,김와트,,게임기타,8160.0,13028.5,0.024724740217594,0.6294688217508555,0.7258369330453563,0.6715079771121216,0.4406047516198704,0.4203721168874098,0.99272,성장관찰,True,성장관찰형,최종점수 상위 20% / 성장성 상위권 / 성장성 신뢰도 양호,상위 세그먼트 불명확,"최종=0.629, 채널력=0.726, 성장성=0.672, 팬밀도=0.441, 라이브=0.420, 실전성=0.993, 운영제외리스크=0.000, 검증필요리스크=0.091",순위 10단계 하락 / 최종점수 -0.003 / 성장성 -0.000 / shortlist 신규 선정
219,311,UC0wo7SwsC5dE0nSgBs2M-3A,징중부,,게임기타,205000.0,650253.7,0.0318425245976522,0.6270314998823093,0.8753509719222462,0.5008479892600942,0.5777537796976242,0.4203721168874098,0.97704,성장관찰,True,성장관찰형,최종점수 상위 20%,상위 세그먼트 불명확 / 성장성 신뢰도 낮음,"최종=0.627, 채널력=0.875, 성장성=0.501, 팬밀도=0.578, 라이브=0.420, 실전성=0.977, 운영제외리스크=0.000, 검증필요리스크=0.287",순위 2단계 하락 / 최종점수 -0.002 / 성장성 +0.000 / shortlist 신규 선정
220,318,UCCklDkyQHS0HKhJ8hn5RVeA,알감자,버츄얼 퍼포먼스형,버튜버,8050.0,16735.9,0.0393089628910294,0.6264257684665226,0.736231101511879,0.5,0.6943844492440605,0.3960583153347732,0.98432,성장관찰,True,성장관찰형,최종점수 상위 20%,성장성 신뢰도 낮음,"최종=0.626, 채널력=0.736, 성장성=0.500, 팬밀도=0.694, 라이브=0.396, 실전성=0.984, 운영제외리스크=0.000, 검증필요리스크=0.196",최종점수 -0.000 / shortlist 신규 선정
221,319,UCQ8-RX4gbcHqyfubIrQwXEg,김한루,,서브컬쳐게임,2590.0,8573.0,0.0355580731006749,0.626282062573404,0.5656857451403887,0.6277138587909245,0.6420086393088553,0.4203721168874098,0.99272,성장관찰,True,성장관찰형,최종점수 상위 20% / 성장성 상위권 / 성장성 신뢰도 양호,상위 세그먼트 불명확,"최종=0.626, 채널력=0.566, 성장성=0.628, 팬밀도=0.642, 라이브=0.420, 실전성=0.993, 운영제외리스크=0.000, 검증필요리스크=0.091",순위 1단계 상승 / 최종점수 +0.000 / 성장성 +0.001 / shortlist 신규 선정
222,322,UC7n8vN5s1gNogez8T0hGbfQ,YHS리락쿠마,창작·비주얼형,코스프레,21300.0,103.7,0.0376708954513462,0.6256245263895456,0.4095842332613391,0.6978483662490667,0.6684665226781857,0.4203721168874098,1.0,성장관찰,True,성장관찰형,최종점수 상위 20% / 성장성 상위권 / 실전성 리스크 낮음 / 성장성 신뢰도 양호,주요 자동 리스크 낮음,"최종=0.626, 채널력=0.410, 성장성=0.698, 팬밀도=0.668, 라이브=0.420, 실전성=1.000, 운영제외리스크=0.000, 검증필요리스크=0.000",순위 20단계 하락 / 최종점수 -0.005 / 성장성 +0.000 / shortlist 신규 선정
223,323,UCghcdI8LE9qExmfSBubfTKw,강인경,창작·비주얼형,코스프레,99600.0,13949.3,0.0360770782414471,0.6255928834004538,0.7193844492440604,0.5061782158020633,0.6484881209503239,0.4203721168874098,0.99104,성장관찰,True,성장관찰형,최종점수 상위 20%,주요 자동 리스크 낮음,"최종=0.626, 채널력=0.719, 성장성=0.506, 팬밀도=0.648, 라이브=0.420, 실전성=0.991, 운영제외리스크=0.000, 검증필요리스크=0.112",순위 1단계 하락 / 최종점수 -0.000 / 성장성 +0.000 / shortlist 신규 선정
224,326,UC91e424ZZfmazMuu8oZHnCw,루연,음악·보이스형,애니송커버,1550.0,11450.7,0.0760718566712497,0.6246412353231422,0.4851916846652268,0.5060247040788665,0.9130669546436284,0.4203721168874098,0.98432,성장관찰,True,성장관찰형,최종점수 상위 20% / 팬밀도 상위권,성장성 신뢰도 낮음,"최종=0.625, 채널력=0.485, 성장성=0.506, 팬밀도=0.913, 라이브=0.420, 실전성=0.984, 운영제외리스크=0.000, 검증필요리스크=0.196",순위 3단계 하락 / 최종점수 -0.001 / 성장성 +0.000 / shortlist 신규 선정
225,329,UCGWx0o6nS9XbLPIXYFDajQA,가도아 _ 돠의 스타레일 채널,,서브컬쳐게임,4720.0,25423.1,0.0281439259325248,0.6241789268299307,0.6758369330453564,0.637596982446986,0.509719222462203,0.4203721168874098,0.99272,성장관찰,True,성장관찰형,최종점수 상위 20% / 성장성 상위권 / 성장성 신뢰도 양호,상위 세그먼트 불명확,"최종=0.624, 채널력=0.676, 성장성=0.638, 팬밀도=0.510, 라이브=0.420, 실전성=0.993, 운영제외리스크=0.000, 검증필요리스크=0.091",순위 103단계 상승 / 최종점수 +0.016 / 성장성 +0.002 / shortlist 신규 선정
226,332,UCo9RaVv1c19vaZA2TIFEGYg,운순둥,창작·비주얼형,코스프레,33700.0,204175.9,0.0552980396526198,0.6236630095032398,0.6428050755939525,0.5,0.8212742980561555,0.3960583153347732,0.97536,성장관찰,True,성장관찰형,최종점수 상위 20% / 팬밀도 상위권,성장성 신뢰도 낮음,"최종=0.624, 채널력=0.643, 성장성=0.500, 팬밀도=0.821, 라이브=0.396, 실전성=0.975, 운영제외리스크=0.000, 검증필요리스크=0.308",순위 2단계 하락 / 최종점수 -0.000 / shortlist 신규 선정
227,333,UCZx4PZGDS5IHHoxrFTOCQYQ,샘웨,게임 실황형,명조,179000.0,205889.0,0.0280841632943654,0.6236398087284204,0.6254724622030239,0.7186078966632833,0.5091792656587473,0.4203721168874098,0.98208,성장관찰,True,성장관찰형,최종점수 상위 20% / 성장성 상위권 / 성장성 신뢰도 양호,수집 영상 수 부족,"최종=0.624, 채널력=0.625, 성장성=0.719, 팬밀도=0.509, 라이브=0.420, 실전성=0.982, 운영제외리스크=0.000, 검증필요리스크=0.224",순위 353단계 상승 / 최종점수 +0.046 / 성장성 -0.000 / shortlist 신규 선정
228,335,UCsDlSz-jElTUwuFvKp8prIg,준선유,게임 실황형,명조,115000.0,46392.4,0.0218443869635581,0.6234458373823499,0.7957883369330454,0.6063836716306495,0.3887688984881209,0.4203721168874098,1.0,성장관찰,True,성장관찰형,최종점수 상위 20% / 성장성 상위권 / 실전성 리스크 낮음 / 성장성 신뢰도 양호,주요 자동 리스크 낮음,"최종=0.623, 채널력=0.796, 성장성=0.606, 팬밀도=0.389, 라이브=0.420, 실전성=1.000, 운영제외리스크=0.000, 검증필요리스크=0.000",순위 31단계 하락 / 최종점수 -0.006 / 성장성 +0.000 / shortlist 신규 선정
229,339,UCgqHiUzJ69m9Ubn7NxFTcYQ,하나비,창작·비주얼형,코스프레,28600.0,1836.6,0.0288710892898021,0.6230188021735592,0.6007829373650108,0.6545596412259124,0.5205183585313174,0.4203721168874098,1.0,성장관찰,True,성장관찰형,최종점수 상위 20% / 성장성 상위권 / 실전성 리스크 낮음 / 성장성 신뢰도 양호,주요 자동 리스크 낮음,"최종=0.623, 채널력=0.601, 성장성=0.655, 팬밀도=0.521, 라이브=0.420, 실전성=1.000, 운영제외리스크=0.000, 검증필요리스크=0.000",순위 11단계 하락 / 최종점수 -0.001 / 성장성 -0.000 / shortlist 신규 선정
230,340,UCBcz8quwguR1NqbCK6wDXGg,성우 김나율입니다,음악·보이스형,ASMR보이스,3750.0,459.8,0.0680099510500238,0.6229093671883518,0.2933720302375809,0.4988101680837415,0.8893088552915767,0.738474168723263,0.98432,성장관찰,True,성장관찰형,최종점수 상위 20% / 팬밀도 상위권 / 라이브친화도 상위권,성장성 신뢰도 낮음,"최종=0.623, 채널력=0.293, 성장성=0.499, 팬밀도=0.889, 라이브=0.738, 실전성=0.984, 운영제외리스크=0.000, 검증필요리스크=0.196",순위 2단계 하락 / 최종점수 -0.000 / 성장성 -0.000 / shortlist 신규 선정
231,342,UC1Pq1LxRgvqSL8r7zde79_A,캔버드,음악·보이스형,애니송커버,1350.0,42238.0,0.0634824366214157,0.6226699959622213,0.5575998920086392,0.4928760593220339,0.8650107991360692,0.3960583153347732,0.98432,성장관찰,True,성장관찰형,최종점수 상위 20% / 팬밀도 상위권,성장성 신뢰도 낮음,"최종=0.623, 채널력=0.558, 성장성=0.493, 팬밀도=0.865, 라이브=0.396, 실전성=0.984, 운영제외리스크=0.000, 검증필요리스크=0.196",순위 10단계 하락 / 최종점수 -0.001 / 성장성 -0.000 / shortlist 신규 선정
232,346,UC9HBENJdCuGlfQRHOSZXGpQ,청사과 mag,음악·보이스형,JPOP커버,2570.0,19599.0,0.0488339208741898,0.6221842598265991,0.4018223542116631,0.6787057126032457,0.7769978401727862,0.4203721168874098,0.98208,성장관찰,True,성장관찰형,최종점수 상위 20% / 성장성 상위권 / 성장성 신뢰도 양호,수집 영상 수 부족,"최종=0.622, 채널력=0.402, 성장성=0.679, 팬밀도=0.777, 라이브=0.420, 실전성=0.982, 운영제외리스크=0.000, 검증필요리스크=0.224",순위 41단계 하락 / 최종점수 -0.007 / 성장성 +0.001 / shortlist 신규 선정
233,347,UC8OUmMsVqX6clyNB5I4ZO2w,뮤직인유 Music in U ASMR,음악·보이스형,ASMR보이스,1890.0,134.9,0.0975120040005697,0.6220476222645053,0.1987850971922246,0.6607354056667335,0.9562634989200864,0.4203721168874098,0.99104,성장관찰,True,성장관찰형,최종점수 상위 20% / 성장성 상위권 / 팬밀도 상위권 / 성장성 신뢰도 양호,주요 자동 리스크 낮음,"최종=0.622, 채널력=0.199, 성장성=0.661, 팬밀도=0.956, 라이브=0.420, 실전성=0.991, 운영제외리스크=0.000, 검증필요리스크=0.112",순위 35단계 상승 / 최종점수 +0.005 / 성장성 +0.000 / shortlist 신규 선정
234,348,UC1yL_QOh6g76vdFRVnXuTGQ,콰즈 [ QwAzXyVi ],음악·보이스형,보컬로이드JPOP커버,2330.0,289.4,0.0951293973023854,0.6220237006479482,0.1873245140388768,0.5,0.9514038876889848,0.8623110151187904,0.97536,성장관찰,True,성장관찰형,최종점수 상위 20% / 팬밀도 상위권 / 라이브친화도 상위권,성장성 신뢰도 낮음,"최종=0.622, 채널력=0.187, 성장성=0.500, 팬밀도=0.951, 라이브=0.862, 실전성=0.975, 운영제외리스크=0.000, 검증필요리스크=0.308",순위 5단계 하락 / 최종점수 -0.000 / shortlist 신규 선정
235,350,UC8vPuiBmEasM9ij1Nt1CkNg,대구MBC Program,창작·비주얼형,일러스트리깅,98200.0,119.4,0.0560637592924808,0.6216350165409467,0.2126214902807774,0.6394195695548545,0.8272138228941684,0.6938891211139959,0.98208,성장관찰,True,성장관찰형,최종점수 상위 20% / 성장성 상위권 / 팬밀도 상위권 / 라이브친화도 상위권 / 성장성 신뢰도 양호,수집 영상 수 부족,"최종=0.622, 채널력=0.213, 성장성=0.639, 팬밀도=0.827, 라이브=0.694, 실전성=0.982, 운영제외리스크=0.000, 검증필요리스크=0.224",순위 96단계 하락 / 최종점수 -0.018 / 성장성 +0.000 / shortlist 신규 선정
236,354,UCne1BA4REhR3p9al5UDXHog,김승주,,커버기타,2140.0,686.8,0.0673677700327353,0.6208564529340267,0.2823569114470842,0.6396146435561839,0.8855291576673866,0.4203721168874098,0.99272,성장관찰,True,성장관찰형,최종점수 상위 20% / 성장성 상위권 / 팬밀도 상위권 / 성장성 신뢰도 양호,상위 세그먼트 불명확,"최종=0.621, 채널력=0.282, 성장성=0.640, 팬밀도=0.886, 라이브=0.420, 실전성=0.993, 운영제외리스크=0.000, 검증필요리스크=0.091",순위 3단계 하락 / 최종점수 -0.000 / 성장성 -0.000 / shortlist 신규 선정
237,355,UCuHWez1G5fH2eSI_D1lHJwA,코코론,버츄얼 퍼포먼스형,버튜버,2760.0,4088.8,0.0594708190595579,0.6208436826851762,0.5092872570194384,0.4973199935622182,0.8482721382289417,0.4203721168874098,0.99104,성장관찰,True,성장관찰형,최종점수 상위 20% / 팬밀도 상위권,주요 자동 리스크 낮음,"최종=0.621, 채널력=0.509, 성장성=0.497, 팬밀도=0.848, 라이브=0.420, 실전성=0.991, 운영제외리스크=0.000, 검증필요리스크=0.112",순위 3단계 하락 / 최종점수 -0.000 / 성장성 -0.000 / shortlist 신규 선정
238,358,UC3dS-MOd1rfp0W2o153VIrg,드라마 속 인생,창작·비주얼형,코스프레,73600.0,2601181.3,0.0296716136258376,0.6206228526997839,0.8669816414686824,0.5,0.537257019438445,0.3960583153347732,0.98432,성장관찰,True,성장관찰형,최종점수 상위 20%,성장성 신뢰도 낮음,"최종=0.621, 채널력=0.867, 성장성=0.500, 팬밀도=0.537, 라이브=0.396, 실전성=0.984, 운영제외리스크=0.000, 검증필요리스크=0.196",순위 17단계 하락 / 최종점수 -0.002 / shortlist 신규 선정
239,359,UCMYjYgur8T6128PpNY5LSNg,박할배,음악·보이스형,성우더빙,11700.0,378.2,0.0290283413320343,0.6203061586875541,0.4101511879049676,0.7324129937536838,0.521598272138229,0.5349709281801289,1.0,성장관찰,True,성장관찰형,최종점수 상위 20% / 성장성 상위권 / 실전성 리스크 낮음 / 성장성 신뢰도 양호,주요 자동 리스크 낮음,"최종=0.620, 채널력=0.410, 성장성=0.732, 팬밀도=0.522, 라이브=0.535, 실전성=1.000, 운영제외리스크=0.000, 검증필요리스크=0.000",순위 17단계 하락 / 최종점수 -0.002 / 성장성 +0.000 / shortlist 신규 선정
240,360,UCNXcBeqPRuXAFTDENs2FSxQ,보라매,,서브컬쳐게임,25400.0,40361.4,0.0196669412151974,0.6201664311015118,0.7616900647948164,0.5,0.3439524838012959,0.8857991360691143,0.97704,성장관찰,True,성장관찰형,최종점수 상위 20% / 라이브친화도 상위권,상위 세그먼트 불명확 / 성장성 신뢰도 낮음,"최종=0.620, 채널력=0.762, 성장성=0.500, 팬밀도=0.344, 라이브=0.886, 실전성=0.977, 운영제외리스크=0.000, 검증필요리스크=0.287",순위 6단계 하락 / 최종점수 -0.000 / shortlist 신규 선정
241,363,UCXkW_NQa79FM1mNWnTm2X-w,방찌,버츄얼 퍼포먼스형,버튜버,21500.0,19495.7,0.0219013961054229,0.6197898488071338,0.7142548596112311,0.6565400839237302,0.3898488120950324,0.4203721168874098,1.0,성장관찰,True,성장관찰형,최종점수 상위 20% / 성장성 상위권 / 실전성 리스크 낮음 / 성장성 신뢰도 양호,주요 자동 리스크 낮음,"최종=0.620, 채널력=0.714, 성장성=0.657, 팬밀도=0.390, 라이브=0.420, 실전성=1.000, 운영제외리스크=0.000, 검증필요리스크=0.000",순위 10단계 하락 / 최종점수 -0.001 / 성장성 -0.000 / shortlist 신규 선정
242,374,UC5Of3MHaW8ydbpGCILxpd7Q,카코토피아,음악·보이스형,성우더빙,3940.0,54566.4,0.0337067024459323,0.6178894421386195,0.5937634989200864,0.6104597392189927,0.6063714902807775,0.4203721168874098,0.99104,성장관찰,True,성장관찰형,성장성 상위권 / 성장성 신뢰도 양호,주요 자동 리스크 낮음,"최종=0.618, 채널력=0.594, 성장성=0.610, 팬밀도=0.606, 라이브=0.420, 실전성=0.991, 운영제외리스크=0.000, 검증필요리스크=0.112",순위 6단계 상승 / 최종점수 +0.001 / 성장성 -0.000 / shortlist 신규 선정
243,381,UCXe50iChujk0wukMZ9zDhrw,은하린,버츄얼 퍼포먼스형,버튜버,1320.0,2981.2,0.0543075350146822,0.617417497664399,0.2919951403887689,0.682541000468884,0.8142548596112311,0.4203721168874098,0.99104,성장관찰,True,성장관찰형,성장성 상위권 / 팬밀도 상위권 / 성장성 신뢰도 양호,주요 자동 리스크 낮음,"최종=0.617, 채널력=0.292, 성장성=0.683, 팬밀도=0.814, 라이브=0.420, 실전성=0.991, 운영제외리스크=0.000, 검증필요리스크=0.112",순위 19단계 하락 / 최종점수 -0.002 / 성장성 -0.000 / shortlist 신규 선정
244,385,UC0QDb4XkScbRzNNQWnIywjg,하루토 【싸이코드】,버츄얼 퍼포먼스형,버튜버,300000.0,53333.7,0.0792495884660517,0.616663821816183,0.5839497840172786,0.5093533244605216,0.9249460043196543,0.4203721168874098,0.8664000000000001,성장관찰,True,성장관찰형,팬밀도 상위권,수집 영상 수 부족 / 성장성 신뢰도 낮음,"최종=0.617, 채널력=0.584, 성장성=0.509, 팬밀도=0.925, 라이브=0.420, 실전성=0.866, 운영제외리스크=0.000, 검증필요리스크=0.420",순위 77단계 상승 / 최종점수 +0.012 / 성장성 +0.000 / shortlist 신규 선정
245,387,UC2dR2zuWwz8FHP7JVXp5cyg,이플,음악·보이스형,보컬로이드JPOP커버,2120.0,461.4,0.1404802551595653,0.616496162850972,0.1574379049676025,0.5,0.9848812095032398,0.8201943844492442,0.97536,성장관찰,True,성장관찰형,팬밀도 상위권 / 라이브친화도 상위권,성장성 신뢰도 낮음,"최종=0.616, 채널력=0.157, 성장성=0.500, 팬밀도=0.985, 라이브=0.820, 실전성=0.975, 운영제외리스크=0.000, 검증필요리스크=0.308",순위 4단계 하락 / 최종점수 -0.000 / shortlist 신규 선정
246,390,UCUCTB6SlKi41uFglgP36rVg,포항MBC,창작·비주얼형,일러스트리깅,175000.0,600.2,0.0417010225547829,0.6162707260236385,0.2575728941684664,0.8163197503171405,0.7192224622030238,0.4203721168874098,0.98208,성장관찰,True,성장관찰형,성장성 상위권 / 성장성 신뢰도 양호,수집 영상 수 부족,"최종=0.616, 채널력=0.258, 성장성=0.816, 팬밀도=0.719, 라이브=0.420, 실전성=0.982, 운영제외리스크=0.000, 검증필요리스크=0.224",순위 377단계 상승 / 최종점수 +0.047 / 성장성 +0.000 / 버킷 변경: 보류 → 성장관찰 / shortlist 신규 선정
247,399,UCF8OdqnUoSpQ1ilJmf93Ezw,은별,버츄얼 퍼포먼스형,버튜버,3330.0,858.3,0.0675836992789616,0.6145229606911446,0.4904427645788337,0.5,0.8860691144708424,0.3960583153347732,0.98432,성장관찰,True,성장관찰형,팬밀도 상위권,성장성 신뢰도 낮음,"최종=0.615, 채널력=0.490, 성장성=0.500, 팬밀도=0.886, 라이브=0.396, 실전성=0.984, 운영제외리스크=0.000, 검증필요리스크=0.196",순위 7단계 하락 / 최종점수 -0.001 / shortlist 신규 선정
248,404,UC9LB3BsrAb9IJeO6L8r7s0Q,김영민경마,,서브컬쳐게임,2040.0,2610.2,0.0324568947289798,0.6137432784566826,0.4560745140388769,0.7110565227369131,0.5885529157667386,0.4203721168874098,0.99272,성장관찰,True,성장관찰형,성장성 상위권 / 성장성 신뢰도 양호,상위 세그먼트 불명확,"최종=0.614, 채널력=0.456, 성장성=0.711, 팬밀도=0.589, 라이브=0.420, 실전성=0.993, 운영제외리스크=0.000, 검증필요리스크=0.091",순위 33단계 하락 / 최종점수 -0.004 / 성장성 +0.000 / shortlist 신규 선정
249,411,UCcmA9m8Tc1urW20Ai25K5qg,으미 Umi,버츄얼 퍼포먼스형,버튜버,3750.0,518.4,0.0839723712336008,0.6124302181425486,0.148285637149028,0.5,0.933585313174946,0.949244060475162,0.9664,성장관찰,True,성장관찰형,팬밀도 상위권 / 라이브친화도 상위권,수집 영상 수 부족 / 성장성 신뢰도 낮음,"최종=0.612, 채널력=0.148, 성장성=0.500, 팬밀도=0.934, 라이브=0.949, 실전성=0.966, 운영제외리스크=0.000, 검증필요리스크=0.420",순위 6단계 하락 / 최종점수 -0.001 / shortlist 신규 선정
250,416,UCNmh7ydaPgJ-A2R3Z9BICwQ,사라사라라 / SRSRR,버츄얼 퍼포먼스형,버튜버,25000.0,6637.2,0.1050668911412152,0.6119027503239741,0.4473407127429805,0.5,0.9632829373650108,0.3960583153347732,0.97536,성장관찰,True,성장관찰형,팬밀도 상위권,성장성 신뢰도 낮음,"최종=0.612, 채널력=0.447, 성장성=0.500, 팬밀도=0.963, 라이브=0.396, 실전성=0.975, 운영제외리스크=0.000, 검증필요리스크=0.308",순위 3단계 하락 / 최종점수 +0.000 / shortlist 신규 선정
251,418,UCFkPqPmDovWN4zBWYjqnV-A,전유하 유튜브,게임 실황형,로블록스,54100.0,1695.4,0.0221750296282326,0.6115427161325162,0.6390523758099352,0.6806584314372442,0.3968682505399568,0.4203721168874098,1.0,성장관찰,True,성장관찰형,성장성 상위권 / 실전성 리스크 낮음 / 성장성 신뢰도 양호,주요 자동 리스크 낮음,"최종=0.612, 채널력=0.639, 성장성=0.681, 팬밀도=0.397, 라이브=0.420, 실전성=1.000, 운영제외리스크=0.000, 검증필요리스크=0.000",순위 48단계 하락 / 최종점수 -0.006 / 성장성 +0.001 / shortlist 신규 선정
252,424,UCJ1OTZI4pJCIY7ojhnsRUCw,스노Snoo,버츄얼 퍼포먼스형,버튜버,11400.0,1111.0,0.0344052696559851,0.6109340203023758,0.3871895248380129,0.5,0.6204103671706264,0.896328293736501,0.98656,성장관찰,True,성장관찰형,라이브친화도 상위권,성장성 신뢰도 낮음,"최종=0.611, 채널력=0.387, 성장성=0.500, 팬밀도=0.620, 라이브=0.896, 실전성=0.987, 운영제외리스크=0.000, 검증필요리스크=0.168",순위 5단계 하락 / 최종점수 -0.000 / shortlist 신규 선정
253,433,UCWJQC3z8zetySVegPexAcaQ,위프 WIP,음악·보이스형,보컬로이드JPOP커버,2460.0,765.4,0.0765032077861248,0.6089430152802725,0.1856776457883368,0.5086753637529737,0.9157667386609072,0.8135956590040405,0.97536,성장관찰,True,성장관찰형,팬밀도 상위권 / 라이브친화도 상위권,성장성 신뢰도 낮음,"최종=0.609, 채널력=0.186, 성장성=0.509, 팬밀도=0.916, 라이브=0.814, 실전성=0.975, 운영제외리스크=0.000, 검증필요리스크=0.308",순위 6단계 하락 / 최종점수 -0.000 / 성장성 +0.000 / shortlist 신규 선정
254,435,UCAwFpU5cbwJbPa_OXewOVAA,GODA(전승현),,음악기타,8200.0,5186.5,0.0245316265304694,0.608755115154384,0.6492980561555075,0.6606379049571822,0.4368250539956803,0.4203721168874098,0.99272,성장관찰,True,성장관찰형,성장성 상위권 / 성장성 신뢰도 양호,상위 세그먼트 불명확,"최종=0.609, 채널력=0.649, 성장성=0.661, 팬밀도=0.437, 라이브=0.420, 실전성=0.993, 운영제외리스크=0.000, 검증필요리스크=0.091",순위 15단계 하락 / 최종점수 -0.002 / 성장성 +0.000 / shortlist 신규 선정
255,436,UCVIPgc-A4ru5OFml9QG3PBw,비트저니,창작·비주얼형,코스프레,28000.0,90236.3,0.0178448912391204,0.6083186753678296,0.7975431965442765,0.6150412926371062,0.3072354211663067,0.4203721168874098,1.0,성장관찰,True,성장관찰형,성장성 상위권 / 실전성 리스크 낮음 / 성장성 신뢰도 양호,주요 자동 리스크 낮음,"최종=0.608, 채널력=0.798, 성장성=0.615, 팬밀도=0.307, 라이브=0.420, 실전성=1.000, 운영제외리스크=0.000, 검증필요리스크=0.000",순위 11단계 하락 / 최종점수 -0.001 / 성장성 -0.000 / shortlist 신규 선정
256,438,UCTZB-SiWpzb5WRnWfSnndCw,방구석 피아니스트,음악·보이스형,JPOP커버,2210.0,2108.4,0.0821583969761338,0.6080618214602448,0.2175080993520517,0.6525992719705551,0.9303455723542116,0.4203721168874098,0.98208,성장관찰,True,성장관찰형,성장성 상위권 / 팬밀도 상위권 / 성장성 신뢰도 양호,수집 영상 수 부족,"최종=0.608, 채널력=0.218, 성장성=0.653, 팬밀도=0.930, 라이브=0.420, 실전성=0.982, 운영제외리스크=0.000, 검증필요리스크=0.224",순위 10단계 하락 / 최종점수 -0.001 / 성장성 +0.001 / shortlist 신규 선정
257,442,UC5cL-ngJTMStpwpkK3s729w,뉴냥이,버츄얼 퍼포먼스형,버튜버,10200.0,9200.9,0.0337745607097059,0.6073779123110151,0.4476106911447084,0.5,0.6085313174946004,0.8857991360691143,0.97536,성장관찰,True,성장관찰형,라이브친화도 상위권,성장성 신뢰도 낮음,"최종=0.607, 채널력=0.448, 성장성=0.500, 팬밀도=0.609, 라이브=0.886, 실전성=0.975, 운영제외리스크=0.000, 검증필요리스크=0.308",순위 6단계 하락 / 최종점수 +0.000 / shortlist 신규 선정
258,443,UCzK-DWUM33WQrKxF6lH0o7g,윈쁘,게임 실황형,명일방주,6840.0,48750.1,0.0203780309760572,0.6068894571034833,0.7243520518358532,0.6267160993603992,0.3590712742980561,0.4203721168874098,1.0,성장관찰,True,성장관찰형,성장성 상위권 / 실전성 리스크 낮음 / 성장성 신뢰도 양호,주요 자동 리스크 낮음,"최종=0.607, 채널력=0.724, 성장성=0.627, 팬밀도=0.359, 라이브=0.420, 실전성=1.000, 운영제외리스크=0.000, 검증필요리스크=0.000",순위 91단계 상승 / 최종점수 +0.009 / 성장성 +0.001 / shortlist 신규 선정
259,444,UCwv-UfcqPB-Fa8SOBhYYmIQ,경인방송,,서브컬쳐게임,62200.0,737.8,0.0350048220606716,0.6068630987368446,0.4764308855291576,0.636550018492197,0.6317494600431965,0.4203721168874098,0.99272,성장관찰,True,성장관찰형,성장성 상위권 / 성장성 신뢰도 양호,상위 세그먼트 불명확,"최종=0.607, 채널력=0.476, 성장성=0.637, 팬밀도=0.632, 라이브=0.420, 실전성=0.993, 운영제외리스크=0.000, 검증필요리스크=0.091",순위 322단계 하락 / 최종점수 -0.068 / 성장성 -0.000 / 버킷 변경: 즉시검토 → 성장관찰 / shortlist 신규 선정
260,445,UCfJWNsFuKV7R7vBhSXENJKg,특이점이 온 키리누키,창작·비주얼형,코스프레,1360.0,7443.4,0.024150369430276,0.6067908229758632,0.6089092872570194,0.6597948744214291,0.4319654427645788,0.4203721168874098,1.0,성장관찰,True,성장관찰형,성장성 상위권 / 실전성 리스크 낮음 / 성장성 신뢰도 양호,주요 자동 리스크 낮음,"최종=0.607, 채널력=0.609, 성장성=0.660, 팬밀도=0.432, 라이브=0.420, 실전성=1.000, 운영제외리스크=0.000, 검증필요리스크=0.000",순위 2단계 상승 / 최종점수 +0.000 / 성장성 +0.000 / shortlist 신규 선정
261,453,UCWP66aPA8tkeExuXr07rpkg,중랑방송,창작·비주얼형,일러스트리깅,7380.0,873.0,0.026721111564378,0.6059502839465039,0.4286177105831533,0.7581466981595241,0.4832613390928725,0.4203721168874098,1.0,성장관찰,True,성장관찰형,성장성 상위권 / 실전성 리스크 낮음 / 성장성 신뢰도 양호,주요 자동 리스크 낮음,"최종=0.606, 채널력=0.429, 성장성=0.758, 팬밀도=0.483, 라이브=0.420, 실전성=1.000, 운영제외리스크=0.000, 검증필요리스크=0.000",순위 322단계 하락 / 최종점수 -0.065 / 성장성 +0.000 / 버킷 변경: 즉시검토 → 성장관찰 / shortlist 신규 선정
262,454,UCsyrA-LQPudEhSCdQPm_4Kw,ramurin ෆ 라무링,음악·보이스형,성우더빙,21000.0,3731.7,0.0468967048714127,0.6059080985994988,0.3573299136069114,0.4983534413278104,0.7624190064794817,0.8532824840580361,0.9664,성장관찰,True,성장관찰형,라이브친화도 상위권,수집 영상 수 부족 / 성장성 신뢰도 낮음,"최종=0.606, 채널력=0.357, 성장성=0.498, 팬밀도=0.762, 라이브=0.853, 실전성=0.966, 운영제외리스크=0.000, 검증필요리스크=0.420",순위 5단계 하락 / 최종점수 -0.000 / 성장성 -0.000 / shortlist 신규 선정
263,455,UCFIoY52twxA2ek_Ud0J2VxQ,지빵이,음악·보이스형,성우,2090.0,27346.1,0.0173572058492534,0.6057347344321438,0.6401727861771058,0.7404916578544581,0.2931965442764578,0.4203721168874098,1.0,성장관찰,True,성장관찰형,성장성 상위권 / 실전성 리스크 낮음 / 성장성 신뢰도 양호,주요 자동 리스크 낮음,"최종=0.606, 채널력=0.640, 성장성=0.740, 팬밀도=0.293, 라이브=0.420, 실전성=1.000, 운영제외리스크=0.000, 검증필요리스크=0.000",순위 1단계 상승 / 최종점수 +0.001 / 성장성 -0.000 / shortlist 신규 선정
264,456,UC8K9_srHSHnbL5R2qrwVdtg,스타한줌,,음악기타,15500.0,114917.2,0.0174513697060116,0.6056399525930507,0.6026862850971922,0.833449823609626,0.2953563714902807,0.4203721168874098,0.98376,성장관찰,True,성장관찰형,성장성 상위권 / 성장성 신뢰도 양호,상위 세그먼트 불명확,"최종=0.606, 채널력=0.603, 성장성=0.833, 팬밀도=0.295, 라이브=0.420, 실전성=0.984, 운영제외리스크=0.000, 검증필요리스크=0.203",순위 107단계 상승 / 최종점수 +0.012 / 성장성 -0.000 / shortlist 신규 선정
265,459,UCCj9UxY_JI2kw7NmCbBbgDw,건전한씹덕쉑,,서브컬쳐게임,1770.0,20899.6,0.0238776382529591,0.6054231223546814,0.4985961123110151,0.8126401398672242,0.4249460043196544,0.4203721168874098,0.98376,성장관찰,True,성장관찰형,성장성 상위권 / 성장성 신뢰도 양호,상위 세그먼트 불명확,"최종=0.605, 채널력=0.499, 성장성=0.813, 팬밀도=0.425, 라이브=0.420, 실전성=0.984, 운영제외리스크=0.000, 검증필요리스크=0.203",순위 17단계 하락 / 최종점수 -0.001 / 성장성 -0.000 / shortlist 신규 선정
266,460,UCVLPIvrlm0Y63MFRiVOZl-A,HugeXHugo 휴즈X휴고,,서브컬쳐게임,4960.0,375.4,0.0388349893422268,0.605417138078852,0.2995815334773217,0.4928760593220339,0.6884449244060475,0.9732721382289417,0.97704,성장관찰,True,성장관찰형,라이브친화도 상위권,상위 세그먼트 불명확 / 성장성 신뢰도 낮음,"최종=0.605, 채널력=0.300, 성장성=0.493, 팬밀도=0.688, 라이브=0.973, 실전성=0.977, 운영제외리스크=0.000, 검증필요리스크=0.287",순위 8단계 하락 / 최종점수 -0.000 / 성장성 -0.000 / shortlist 신규 선정
267,463,UClcl8Yqz5-Oekx5S9ssOwyw,민부릉,음악·보이스형,보컬로이드JPOP커버,3640.0,4085.5,0.0383175505924929,0.6050743536296079,0.374932505399568,0.4928760593220339,0.6798056155507559,0.8857991360691143,0.97536,성장관찰,True,성장관찰형,라이브친화도 상위권,성장성 신뢰도 낮음,"최종=0.605, 채널력=0.375, 성장성=0.493, 팬밀도=0.680, 라이브=0.886, 실전성=0.975, 운영제외리스크=0.000, 검증필요리스크=0.308",순위 5단계 하락 / 최종점수 +0.000 / 성장성 -0.000 / shortlist 신규 선정
268,468,UC605TD1BbalS45Lv05IKkXg,돌아에몽,창작·비주얼형,코스프레,8920.0,237749.5,0.0100942036180028,0.6040524430042733,0.8517548596112311,0.6993342146956797,0.1263498920086393,0.4203721168874098,1.0,성장관찰,True,성장관찰형,성장성 상위권 / 실전성 리스크 낮음 / 성장성 신뢰도 양호,주요 자동 리스크 낮음,"최종=0.604, 채널력=0.852, 성장성=0.699, 팬밀도=0.126, 라이브=0.420, 실전성=1.000, 운영제외리스크=0.000, 검증필요리스크=0.000",순위 5단계 상승 / 최종점수 +0.001 / 성장성 -0.000 / shortlist 신규 선정
269,469,UCat_zyoNLdvLOFtwkc0aJhg,케이팝덕후,음악·보이스형,애니송커버,21900.0,61694.4,0.0298310262658458,0.6040154852224411,0.5924271058315335,0.6115973738056122,0.5431965442764579,0.4203721168874098,0.99104,성장관찰,True,성장관찰형,성장성 상위권 / 성장성 신뢰도 양호,주요 자동 리스크 낮음,"최종=0.604, 채널력=0.592, 성장성=0.612, 팬밀도=0.543, 라이브=0.420, 실전성=0.991, 운영제외리스크=0.000, 검증필요리스크=0.112",순위 16단계 하락 / 최종점수 -0.001 / 성장성 +0.000 / shortlist 신규 선정
270,473,UCQ6U5-P5SrwazMxks6xEwPw,임지,창작·비주얼형,코스프레,7590.0,5541.5,0.0312692204587177,0.6037108615277855,0.3919951403887689,0.7463548501198244,0.5707343412526998,0.4203721168874098,0.99104,성장관찰,True,성장관찰형,성장성 상위권 / 성장성 신뢰도 양호,주요 자동 리스크 낮음,"최종=0.604, 채널력=0.392, 성장성=0.746, 팬밀도=0.571, 라이브=0.420, 실전성=0.991, 운영제외리스크=0.000, 검증필요리스크=0.112",순위 19단계 하락 / 최종점수 -0.001 / 성장성 +0.000 / shortlist 신규 선정
271,474,UC1Rz7a_DWtsE9cQwSyElE0Q,인생84,,음악기타,1650000.0,403954.6,0.0115717795521209,0.6036450153340402,0.94738120950324,0.6756431022973619,0.1555075593952483,0.4203721168874098,0.89272,성장관찰,True,성장관찰형,성장성 상위권 / 성장성 신뢰도 양호,상위 세그먼트 불명확,"최종=0.604, 채널력=0.947, 성장성=0.676, 팬밀도=0.156, 라이브=0.420, 실전성=0.893, 운영제외리스크=0.000, 검증필요리스크=0.091",순위 11단계 하락 / 최종점수 -0.001 / 성장성 +0.001 / shortlist 신규 선정
272,475,UCZ_JAlrne0so-wVnHSVP5NQ,에타비,,서브컬쳐게임,1860.0,6049.2,0.0315470121750513,0.6035718912789582,0.5172786177105831,0.6380959992620099,0.5739740820734341,0.4203721168874098,0.99272,성장관찰,True,성장관찰형,성장성 상위권 / 성장성 신뢰도 양호,상위 세그먼트 불명확,"최종=0.604, 채널력=0.517, 성장성=0.638, 팬밀도=0.574, 라이브=0.420, 실전성=0.993, 운영제외리스크=0.000, 검증필요리스크=0.091",순위 10단계 하락 / 최종점수 -0.001 / 성장성 +0.002 / shortlist 신규 선정
273,479,UCXRcD5w4Pfh1o_ySwSN7AsA,피루[PIRU],버츄얼 퍼포먼스형,버튜버,27000.0,3380.5,0.0540428164631854,0.6028259776424001,0.3565739740820733,0.6175449238707239,0.8120950323974082,0.4203721168874098,0.98208,성장관찰,True,성장관찰형,성장성 상위권 / 팬밀도 상위권 / 성장성 신뢰도 양호,수집 영상 수 부족,"최종=0.603, 채널력=0.357, 성장성=0.618, 팬밀도=0.812, 라이브=0.420, 실전성=0.982, 운영제외리스크=0.000, 검증필요리스크=0.224",순위 20단계 하락 / 최종점수 -0.002 / 성장성 +0.000 / shortlist 신규 선정
274,483,UCJ51bYswgGAUgwrEmK0ewGw,나토리 만믈상인,음악·보이스형,보컬로이드JPOP커버,2650.0,4468.3,0.0840473455872596,0.6026191904967603,0.399244060475162,0.5,0.9346652267818576,0.3960583153347732,0.98208,성장관찰,True,성장관찰형,팬밀도 상위권,주요 자동 리스크 낮음,"최종=0.603, 채널력=0.399, 성장성=0.500, 팬밀도=0.935, 라이브=0.396, 실전성=0.982, 운영제외리스크=0.000, 검증필요리스크=0.224",순위 5단계 하락 / 최종점수 -0.000 / shortlist 신규 선정
275,488,UCY3DR8fsxcY7Jw00buGXs2w,Re: 세계 매드라이프,게임 실황형,명일방주,8170.0,9737.9,0.0239247344903392,0.6021929341432305,0.6290226781857451,0.6322372338050377,0.4260259179265658,0.4203721168874098,1.0,성장관찰,True,성장관찰형,성장성 상위권 / 실전성 리스크 낮음 / 성장성 신뢰도 양호,주요 자동 리스크 낮음,"최종=0.602, 채널력=0.629, 성장성=0.632, 팬밀도=0.426, 라이브=0.420, 실전성=1.000, 운영제외리스크=0.000, 검증필요리스크=0.000",순위 17단계 하락 / 최종점수 -0.001 / 성장성 +0.001 / shortlist 신규 선정
276,490,UCVhsKaBXVOTPRKOl8US-kmA,참다래,버츄얼 퍼포먼스형,버튜버,11300.0,7098.8,0.0258515591430974,0.6018830173539576,0.6136069114470842,0.6114238932200844,0.4665226781857451,0.4203721168874098,1.0,성장관찰,True,성장관찰형,성장성 상위권 / 실전성 리스크 낮음 / 성장성 신뢰도 양호,주요 자동 리스크 낮음,"최종=0.602, 채널력=0.614, 성장성=0.611, 팬밀도=0.467, 라이브=0.420, 실전성=1.000, 운영제외리스크=0.000, 검증필요리스크=0.000",순위 29단계 하락 / 최종점수 -0.002 / 성장성 -0.000 / shortlist 신규 선정
277,491,UCHHkbsAIVglw3SADXrrj0sA,시반 SHHVAN,버츄얼 퍼포먼스형,버튜버,2300.0,8389.6,0.0352364624218452,0.6017651664436473,0.4434935205183585,0.6476084614746841,0.6360691144708424,0.4203721168874098,0.99104,성장관찰,True,성장관찰형,성장성 상위권 / 성장성 신뢰도 양호,주요 자동 리스크 낮음,"최종=0.602, 채널력=0.443, 성장성=0.648, 팬밀도=0.636, 라이브=0.420, 실전성=0.991, 운영제외리스크=0.000, 검증필요리스크=0.112",순위 2단계 하락 / 최종점수 +0.000 / 성장성 +0.000 / shortlist 신규 선정
278,492,UCdN8Xg-FyGOGlpMVu56VJJw,Dubybuba 한국어로,음악·보이스형,ASMR보이스,2170.0,8312.4,0.2385544664441521,0.60175210237581,0.3693439524838013,0.5,0.9951403887688984,0.3960583153347732,0.97536,성장관찰,True,성장관찰형,팬밀도 상위권,성장성 신뢰도 낮음,"최종=0.602, 채널력=0.369, 성장성=0.500, 팬밀도=0.995, 라이브=0.396, 실전성=0.975, 운영제외리스크=0.000, 검증필요리스크=0.308",순위 6단계 하락 / 최종점수 -0.000 / shortlist 신규 선정
279,497,UCkR_KrJ3K2tteNpPvpNxv2A,이 신ᆞVtuber,버츄얼 퍼포먼스형,버튜버,4180.0,10094.3,0.0607351274285113,0.6010583661375729,0.4920356371490281,0.4721304751918052,0.853671706263499,0.4203721168874098,0.98208,성장관찰,True,성장관찰형,팬밀도 상위권,주요 자동 리스크 낮음,"최종=0.601, 채널력=0.492, 성장성=0.472, 팬밀도=0.854, 라이브=0.420, 실전성=0.982, 운영제외리스크=0.000, 검증필요리스크=0.224",순위 2단계 하락 / 최종점수 +0.000 / 성장성 -0.000 / shortlist 신규 선정
280,500,UC35BHBDODchKzeBGOXcsHSQ,옥탑청년,,커버기타,85500.0,370811.2,0.0090136237439699,0.6007979485079812,0.9377024838012958,0.6627125489151858,0.1096112311015118,0.4203721168874098,0.99272,성장관찰,True,성장관찰형,성장성 상위권 / 성장성 신뢰도 양호,상위 세그먼트 불명확,"최종=0.601, 채널력=0.938, 성장성=0.663, 팬밀도=0.110, 라이브=0.420, 실전성=0.993, 운영제외리스크=0.000, 검증필요리스크=0.091",순위 13단계 하락 / 최종점수 -0.001 / 성장성 -0.000 / shortlist 신규 선정
281,502,UCCCgO-2b8jWLMkbzZbNNa6Q,짤막쇼츠,음악·보이스형,ASMR보이스,33600.0,29663.5,0.0200853948856766,0.6004828123092208,0.752645788336933,0.7498253515993417,0.3509719222462203,0.4203721168874098,0.956,성장관찰,True,성장관찰형,성장성 상위권 / 성장성 신뢰도 양호,리믹스/쇼츠/플레이리스트/재업로드성 채널 의심,"최종=0.600, 채널력=0.753, 성장성=0.750, 팬밀도=0.351, 라이브=0.420, 실전성=0.956, 운영제외리스크=0.220, 검증필요리스크=0.000",순위 2단계 상승 / 최종점수 +0.000 / 성장성 +0.000 / shortlist 신규 선정
282,507,UCAfeWB5Nn5ICjCagXax2RMw,chuukii 츄우키,게임 실황형,로블록스,1380.0,6007.1,0.0389508936049664,0.6001840678185745,0.349932505399568,0.5,0.6895248380129589,0.8623110151187904,0.97536,성장관찰,True,성장관찰형,라이브친화도 상위권,성장성 신뢰도 낮음,"최종=0.600, 채널력=0.350, 성장성=0.500, 팬밀도=0.690, 라이브=0.862, 실전성=0.975, 운영제외리스크=0.000, 검증필요리스크=0.308",순위 4단계 하락 / 최종점수 -0.000 / shortlist 신규 선정
283,509,UCet69OefiLlFDeXEmwFGBog,쥬노링,버츄얼 퍼포먼스형,버튜버,10300.0,12853.2,0.0283351426362959,0.6000069619870411,0.5112985961123111,0.5,0.5113390928725702,0.8857991360691143,0.97536,성장관찰,True,성장관찰형,라이브친화도 상위권,성장성 신뢰도 낮음,"최종=0.600, 채널력=0.511, 성장성=0.500, 팬밀도=0.511, 라이브=0.886, 실전성=0.975, 운영제외리스크=0.000, 검증필요리스크=0.308",순위 21단계 하락 / 최종점수 -0.002 / shortlist 신규 선정
284,515,UCboIWAESJU220ull0J0IpLA,Young의 매일 여행 그림,창작·비주얼형,일러스트리깅,1400.0,69.6,0.0509427794194632,0.5995022591901045,0.2808585313174945,0.6076940179511552,0.7931965442764579,0.4203721168874098,1.0,성장관찰,True,성장관찰형,성장성 상위권 / 실전성 리스크 낮음 / 성장성 신뢰도 양호,주요 자동 리스크 낮음,"최종=0.600, 채널력=0.281, 성장성=0.608, 팬밀도=0.793, 라이브=0.420, 실전성=1.000, 운영제외리스크=0.000, 검증필요리스크=0.000",순위 18단계 하락 / 최종점수 -0.001 / 성장성 +0.000 / shortlist 신규 선정
285,516,UCu_Arix_5eDJQ128qqtLB1Q,방어태세,,서브컬쳐게임,13300.0,9186.6,0.0205390778942282,0.5992989637217384,0.6409827213822894,0.6940674165792521,0.3596112311015119,0.4203721168874098,0.99272,성장관찰,True,성장관찰형,성장성 상위권 / 성장성 신뢰도 양호,상위 세그먼트 불명확,"최종=0.599, 채널력=0.641, 성장성=0.694, 팬밀도=0.360, 라이브=0.420, 실전성=0.993, 운영제외리스크=0.000, 검증필요리스크=0.091",순위 71단계 상승 / 최종점수 +0.009 / 성장성 +0.000 / shortlist 신규 선정
286,517,UCgA5qk1WTuX0BKVkzhZrY_w,잉션,게임 실황형,원신,1300.0,2009.2,0.1272935478694577,0.5992613516198704,0.3281992440604751,0.5,0.9789416846652268,0.3960583153347732,0.98432,성장관찰,True,성장관찰형,팬밀도 상위권,성장성 신뢰도 낮음,"최종=0.599, 채널력=0.328, 성장성=0.500, 팬밀도=0.979, 라이브=0.396, 실전성=0.984, 운영제외리스크=0.000, 검증필요리스크=0.196",순위 4단계 하락 / 최종점수 -0.000 / shortlist 신규 선정
287,520,UCuIKhVgIvew7GpT5ks9hu8A,롤문가,,게임기타,12100.0,180840.2,0.0124745202905865,0.5989528094530081,0.8860421166306695,0.6441058350733732,0.1765658747300216,0.4203721168874098,0.99272,성장관찰,True,성장관찰형,성장성 상위권 / 성장성 신뢰도 양호,상위 세그먼트 불명확,"최종=0.599, 채널력=0.886, 성장성=0.644, 팬밀도=0.177, 라이브=0.420, 실전성=0.993, 운영제외리스크=0.000, 검증필요리스크=0.091",순위 13단계 하락 / 최종점수 -0.001 / 성장성 +0.000 / shortlist 신규 선정
288,526,UCuwrq5mY4kA6mSFvw7krCbQ,리덕자 Duckja,창작·비주얼형,코스프레,2270.0,1154.6,0.0176846309177437,0.5985929550062301,0.4707343412526997,0.6064389110911586,0.3018358531317495,0.8588307809075126,1.0,성장관찰,True,성장관찰형,성장성 상위권 / 라이브친화도 상위권 / 실전성 리스크 낮음 / 성장성 신뢰도 양호,주요 자동 리스크 낮음,"최종=0.599, 채널력=0.471, 성장성=0.606, 팬밀도=0.302, 라이브=0.859, 실전성=1.000, 운영제외리스크=0.000, 검증필요리스크=0.000",순위 8단계 하락 / 최종점수 -0.001 / 성장성 +0.000 / shortlist 신규 선정
289,530,UCEvmJrP-SrJLDuWDfSWKV8Q,긍정왕점프,버츄얼 퍼포먼스형,버튜버,14400.0,3248.1,0.0088844696529989,0.5980340596322912,0.3337338012958963,0.9043046718901344,0.1063714902807775,0.9217012490412356,0.98208,성장관찰,True,성장관찰형,성장성 상위권 / 라이브친화도 상위권 / 성장성 신뢰도 양호,수집 영상 수 부족,"최종=0.598, 채널력=0.334, 성장성=0.904, 팬밀도=0.106, 라이브=0.922, 실전성=0.982, 운영제외리스크=0.000, 검증필요리스크=0.224",순위 11단계 하락 / 최종점수 -0.001 / 성장성 -0.000 / shortlist 신규 선정
290,532,UC3AVRn3f5FReddakYoGKyqA,나는준준,음악·보이스형,성우더빙,1350.0,3038.5,0.0486849769832241,0.5979146636203875,0.3291846652267818,0.6146380603086146,0.7748380129589633,0.4203721168874098,0.99104,성장관찰,True,성장관찰형,성장성 상위권 / 성장성 신뢰도 양호,주요 자동 리스크 낮음,"최종=0.598, 채널력=0.329, 성장성=0.615, 팬밀도=0.775, 라이브=0.420, 실전성=0.991, 운영제외리스크=0.000, 검증필요리스크=0.112",순위 18단계 하락 / 최종점수 -0.002 / 성장성 -0.002 / shortlist 신규 선정
291,536,UCGNb2e83FAZTj0_x9k4JneA,첫눈에뿅,버츄얼 퍼포먼스형,버튜버,125000.0,10682.2,0.0267169017903153,0.597722170692263,0.5183450323974083,0.6948447926001784,0.4827213822894168,0.4203721168874098,0.99104,성장관찰,True,성장관찰형,성장성 상위권 / 성장성 신뢰도 양호,주요 자동 리스크 낮음,"최종=0.598, 채널력=0.518, 성장성=0.695, 팬밀도=0.483, 라이브=0.420, 실전성=0.991, 운영제외리스크=0.000, 검증필요리스크=0.112",순위 12단계 하락 / 최종점수 -0.001 / 성장성 -0.000 / shortlist 신규 선정
292,537,UC0ku1TXwKCLuRvwUfQGRogQ,Miruru Ch. 시로우미 미루루ASMR,음악·보이스형,ASMR보이스,3670.0,3113.6,0.0313473192766588,0.5976864976241901,0.3889308855291576,0.5,0.572354211663067,0.9603131749460044,0.97536,성장관찰,True,성장관찰형,라이브친화도 상위권,성장성 신뢰도 낮음,"최종=0.598, 채널력=0.389, 성장성=0.500, 팬밀도=0.572, 라이브=0.960, 실전성=0.975, 운영제외리스크=0.000, 검증필요리스크=0.308",순위 14단계 하락 / 최종점수 -0.001 / shortlist 신규 선정
293,540,UCnEAAByNnLhq4lRaQMt4eMg,은풍,게임 실황형,명조,1590.0,533.1,0.0506999977762797,0.5975001132184075,0.1033072354211662,0.8144893451272143,0.7904967602591793,0.4203721168874098,0.98208,성장관찰,True,성장관찰형,성장성 상위권 / 성장성 신뢰도 양호,수집 영상 수 부족,"최종=0.598, 채널력=0.103, 성장성=0.814, 팬밀도=0.790, 라이브=0.420, 실전성=0.982, 운영제외리스크=0.000, 검증필요리스크=0.224",순위 29단계 상승 / 최종점수 +0.005 / 성장성 +0.007 / shortlist 신규 선정
294,549,UC-EXiZUELhlS8Ykcc6N-nYQ,스바우 Subau,버츄얼 퍼포먼스형,버튜버,1230.0,1150.1,0.0720124627984212,0.5960688447445595,0.3550755939524838,0.4858825516730981,0.9044276457883368,0.4203721168874098,0.99104,성장관찰,True,성장관찰형,팬밀도 상위권,주요 자동 리스크 낮음,"최종=0.596, 채널력=0.355, 성장성=0.486, 팬밀도=0.904, 라이브=0.420, 실전성=0.991, 운영제외리스크=0.000, 검증필요리스크=0.112",순위 6단계 하락 / 최종점수 -0.000 / 성장성 -0.000 / shortlist 신규 선정
295,553,UCffLUjOXoWcb3y5GoKhS2cg,리프,버츄얼 퍼포먼스형,버튜버,1850.0,12441.9,0.0845799881330723,0.5954987325350479,0.3934800215982721,0.4910721709803807,0.937365010799136,0.4203721168874098,0.97536,성장관찰,True,성장관찰형,팬밀도 상위권,성장성 신뢰도 낮음,"최종=0.595, 채널력=0.393, 성장성=0.491, 팬밀도=0.937, 라이브=0.420, 실전성=0.975, 운영제외리스크=0.000, 검증필요리스크=0.308",순위 3단계 하락 / 최종점수 -0.000 / 성장성 +0.000 / shortlist 신규 선정
296,558,UC07zjrAQRPFmjlc8NIdIxGw,연예계 떡밥새,음악·보이스형,성우더빙,6200.0,306139.9,0.0075613810181,0.5952081358594291,0.7795626349892008,0.7613797700176265,0.0793736501079913,0.4203721168874098,1.0,성장관찰,True,성장관찰형,성장성 상위권 / 실전성 리스크 낮음 / 성장성 신뢰도 양호,주요 자동 리스크 낮음,"최종=0.595, 채널력=0.780, 성장성=0.761, 팬밀도=0.079, 라이브=0.420, 실전성=1.000, 운영제외리스크=0.000, 검증필요리스크=0.000",순위 8단계 상승 / 최종점수 +0.002 / 성장성 +0.000 / shortlist 신규 선정
297,563,UC9ZN8spK1Tb_5YGTW9RvNJQ,허니가루비,음악·보이스형,성우더빙,167000.0,572671.0,0.0158238795375022,0.594552207892849,0.7575053995680345,0.6704035107725891,0.2602591792656587,0.4203721168874098,0.99104,성장관찰,True,성장관찰형,성장성 상위권 / 성장성 신뢰도 양호,주요 자동 리스크 낮음,"최종=0.595, 채널력=0.758, 성장성=0.670, 팬밀도=0.260, 라이브=0.420, 실전성=0.991, 운영제외리스크=0.000, 검증필요리스크=0.112",순위 36단계 상승 / 최종점수 +0.005 / 성장성 +0.001 / shortlist 신규 선정
298,568,UC_SFDes1kseXgArF9YwQ5sw,마무 Mamuu,음악·보이스형,애니송커버,2930.0,725.9,0.1629769250873379,0.594079341170077,0.1499595032397407,0.6099165477006715,0.9886609071274298,0.4203721168874098,0.98208,성장관찰,True,성장관찰형,성장성 상위권 / 팬밀도 상위권 / 성장성 신뢰도 양호,수집 영상 수 부족,"최종=0.594, 채널력=0.150, 성장성=0.610, 팬밀도=0.989, 라이브=0.420, 실전성=0.982, 운영제외리스크=0.000, 검증필요리스크=0.224",순위 9단계 하락 / 최종점수 -0.000 / 성장성 -0.000 / shortlist 신규 선정
299,569,UCmEAILY_1aqlBwr1NI09hwQ,호시에 제로 Hoshie Zero Ch.,음악·보이스형,보컬로이드JPOP커버,5530.0,6483.0,0.0638191361464234,0.593938657451404,0.4623380129589632,0.5,0.8666306695464363,0.3960583153347732,0.97536,성장관찰,True,성장관찰형,팬밀도 상위권,성장성 신뢰도 낮음,"최종=0.594, 채널력=0.462, 성장성=0.500, 팬밀도=0.867, 라이브=0.396, 실전성=0.975, 운영제외리스크=0.000, 검증필요리스크=0.308",순위 11단계 하락 / 최종점수 -0.000 / shortlist 신규 선정
300,570,UCgqB0c3vAhnNdLLEoWMPOXw,LeFT 왼쪽이,음악·보이스형,보컬로이드JPOP커버,4310.0,476.5,0.1289875998341544,0.5938148073434125,0.301822354211663,0.5,0.980561555075594,0.3960583153347732,0.98432,성장관찰,True,성장관찰형,팬밀도 상위권,성장성 신뢰도 낮음,"최종=0.594, 채널력=0.302, 성장성=0.500, 팬밀도=0.981, 라이브=0.396, 실전성=0.984, 운영제외리스크=0.000, 검증필요리스크=0.196",순위 10단계 하락 / 최종점수 -0.000 / shortlist 신규 선정
301,571,UC9t2vU8t88mg2amSMMDMlcg,Dive into Worship 찬양덕후,음악·보이스형,애니송커버,3120.0,1763.0,0.0319440611439056,0.5936040823370062,0.4491360691144708,0.4715042372881355,0.5793736501079914,0.8201943844492442,0.98432,성장관찰,True,성장관찰형,라이브친화도 상위권,성장성 신뢰도 낮음,"최종=0.594, 채널력=0.449, 성장성=0.472, 팬밀도=0.579, 라이브=0.820, 실전성=0.984, 운영제외리스크=0.000, 검증필요리스크=0.196",순위 65단계 하락 / 최종점수 -0.006 / 성장성 -0.000 / shortlist 신규 선정
302,579,UCAzaNhWtXN8bCEPDWMfHhsg,이매방랑,버츄얼 퍼포먼스형,버튜버,2030.0,2346.2,0.0239553052377334,0.5920352417004372,0.3029562634989201,0.6573275362819168,0.427645788336933,0.8491725342507518,0.99104,성장관찰,True,성장관찰형,성장성 상위권 / 라이브친화도 상위권 / 성장성 신뢰도 양호,주요 자동 리스크 낮음,"최종=0.592, 채널력=0.303, 성장성=0.657, 팬밀도=0.428, 라이브=0.849, 실전성=0.991, 운영제외리스크=0.000, 검증필요리스크=0.112",순위 28단계 하락 / 최종점수 -0.003 / 성장성 -0.001 / shortlist 신규 선정
303,580,UCKvpiziIf9-Yl5KQO_2jjrA,키케미치 Kikemitchi,버츄얼 퍼포먼스형,버튜버,2240.0,3929.6,0.0382147244290303,0.5920165365831052,0.3822894168466522,0.6294862335710202,0.6760259179265659,0.4203721168874098,0.99104,성장관찰,True,성장관찰형,성장성 상위권 / 성장성 신뢰도 양호,주요 자동 리스크 낮음,"최종=0.592, 채널력=0.382, 성장성=0.629, 팬밀도=0.676, 라이브=0.420, 실전성=0.991, 운영제외리스크=0.000, 검증필요리스크=0.112",순위 7단계 하락 / 최종점수 +0.000 / 성장성 +0.001 / shortlist 신규 선정
304,582,UClmXXi4EAXMpw3nQpLDD8XA,독버섯통신,버츄얼 퍼포먼스형,버튜버,3420.0,27680.7,0.0140562888092436,0.5913788799717661,0.6666576673866091,0.7324732174413534,0.2116630669546436,0.4203721168874098,1.0,성장관찰,True,성장관찰형,성장성 상위권 / 실전성 리스크 낮음 / 성장성 신뢰도 양호,주요 자동 리스크 낮음,"최종=0.591, 채널력=0.667, 성장성=0.732, 팬밀도=0.212, 라이브=0.420, 실전성=1.000, 운영제외리스크=0.000, 검증필요리스크=0.000",순위 2단계 상승 / 최종점수 +0.001 / 성장성 +0.001 / shortlist 신규 선정
305,586,UC6XkCNjyKBP6B7BiW8f_VaQ,요하루,음악·보이스형,애니송커버,1250.0,1313.7,0.0709265132050565,0.5905926151187905,0.3676295896328293,0.5,0.9001079913606912,0.3960583153347732,0.98432,성장관찰,True,성장관찰형,팬밀도 상위권,성장성 신뢰도 낮음,"최종=0.591, 채널력=0.368, 성장성=0.500, 팬밀도=0.900, 라이브=0.396, 실전성=0.984, 운영제외리스크=0.000, 검증필요리스크=0.196",순위 2단계 상승 / 최종점수 -0.000 / shortlist 신규 선정
306,594,UCxsUej8Ic2gpxwQUvokIFYQ,남궁재불,버츄얼 퍼포먼스형,버튜버,57000.0,176259.8,0.0128283802370061,0.5899118630759832,0.8307775377969762,0.6190708815670292,0.1852051835853131,0.4203721168874098,1.0,성장관찰,True,성장관찰형,성장성 상위권 / 실전성 리스크 낮음 / 성장성 신뢰도 양호,주요 자동 리스크 낮음,"최종=0.590, 채널력=0.831, 성장성=0.619, 팬밀도=0.185, 라이브=0.420, 실전성=1.000, 운영제외리스크=0.000, 검증필요리스크=0.000",순위 14단계 하락 / 최종점수 -0.001 / 성장성 +0.000 / shortlist 신규 선정
307,596,UCTe0ti6qrcy7FVZK6L-zyEg,청예솔,음악·보이스형,성우더빙,2560.0,320.2,0.1748590401606861,0.5895468688333253,0.1150242980561554,0.6199054809626583,0.990280777537797,0.4203721168874098,0.98208,성장관찰,True,성장관찰형,성장성 상위권 / 팬밀도 상위권 / 성장성 신뢰도 양호,수집 영상 수 부족,"최종=0.590, 채널력=0.115, 성장성=0.620, 팬밀도=0.990, 라이브=0.420, 실전성=0.982, 운영제외리스크=0.000, 검증필요리스크=0.224",순위 3단계 하락 / 최종점수 -0.000 / 성장성 -0.000 / shortlist 신규 선정
308,600,UChT_3672e3gi9TzLUCpvDow,숭배하라,,게임기타,62100.0,228583.0,0.0084881337304552,0.5891132433286317,0.9285232181425488,0.634981767535682,0.1009719222462203,0.4203721168874098,0.99272,성장관찰,True,성장관찰형,성장성 상위권 / 성장성 신뢰도 양호,상위 세그먼트 불명확,"최종=0.589, 채널력=0.929, 성장성=0.635, 팬밀도=0.101, 라이브=0.420, 실전성=0.993, 운영제외리스크=0.000, 검증필요리스크=0.091",순위 9단계 하락 / 최종점수 -0.001 / 성장성 -0.000 / shortlist 신규 선정
309,606,UCVG2g1RoJ1WoqF6atbxjZWg,기민우 / ki minwoo,창작·비주얼형,일러스트리깅,4760.0,284.9,0.0639563126847045,0.5882482779706851,0.1422921166306694,0.487557998168749,0.8677105831533477,0.8660389635396776,0.97312,성장관찰,True,성장관찰형,팬밀도 상위권 / 라이브친화도 상위권,수집 영상 수 부족,"최종=0.588, 채널력=0.142, 성장성=0.488, 팬밀도=0.868, 라이브=0.866, 실전성=0.973, 운영제외리스크=0.000, 검증필요리스크=0.336",순위 2단계 하락 / 최종점수 -0.000 / 성장성 +0.000 / shortlist 신규 선정
310,608,UCXa8wKOc48Y_CSXSOgwO4zw,꿀멩이는 여왕님,버츄얼 퍼포먼스형,버튜버,36900.0,1472.5,0.0136990526213615,0.5877759715165685,0.5227591792656587,0.6646777189259642,0.2035637149028077,0.7458344900015724,1.0,성장관찰,True,성장관찰형,성장성 상위권 / 라이브친화도 상위권 / 실전성 리스크 낮음 / 성장성 신뢰도 양호,주요 자동 리스크 낮음,"최종=0.588, 채널력=0.523, 성장성=0.665, 팬밀도=0.204, 라이브=0.746, 실전성=1.000, 운영제외리스크=0.000, 검증필요리스크=0.000",순위 8단계 하락 / 최종점수 -0.001 / 성장성 +0.000 / shortlist 신규 선정
311,616,UCb5NLtXAsTBrmaZVhyFa-Wg,글자네,,서브컬쳐게임,579000.0,78273.1,0.0048218795453802,0.5868712182735526,0.8321274298056156,0.6232772774053086,0.0442764578833693,0.738474168723263,0.89272,성장관찰,True,성장관찰형,성장성 상위권 / 라이브친화도 상위권 / 성장성 신뢰도 양호,상위 세그먼트 불명확,"최종=0.587, 채널력=0.832, 성장성=0.623, 팬밀도=0.044, 라이브=0.738, 실전성=0.893, 운영제외리스크=0.000, 검증필요리스크=0.091",순위 413단계 상승 / 최종점수 +0.048 / 성장성 -0.000 / 버킷 변경: 보류 → 성장관찰 / shortlist 신규 선정
312,619,UC0QY17Ebhz9dKnc62Fzyw-Q,유일무이 락발라드,음악·보이스형,일렉기타연주,10500.0,929.3,0.0466880821353307,0.5866656954848257,0.2619465442764579,0.640869183058035,0.7575593952483801,0.4203721168874098,0.99104,성장관찰,True,성장관찰형,성장성 상위권 / 성장성 신뢰도 양호,주요 자동 리스크 낮음,"최종=0.587, 채널력=0.262, 성장성=0.641, 팬밀도=0.758, 라이브=0.420, 실전성=0.991, 운영제외리스크=0.000, 검증필요리스크=0.112",순위 258단계 하락 / 최종점수 -0.033 / 성장성 +0.001 / shortlist 신규 선정
313,627,UCF_M5YeDqUXw68RSZXV7xuw,머어어엉,음악·보이스형,애니송커버,85400.0,108318.3,0.022518052152318,0.5861490987516932,0.6367575593952484,0.4715042372881355,0.4038876889848812,0.8201943844492442,0.97536,성장관찰,True,성장관찰형,라이브친화도 상위권,성장성 신뢰도 낮음,"최종=0.586, 채널력=0.637, 성장성=0.472, 팬밀도=0.404, 라이브=0.820, 실전성=0.975, 운영제외리스크=0.000, 검증필요리스크=0.308",순위 1단계 하락 / 최종점수 -0.000 / 성장성 -0.000 / shortlist 신규 선정
314,635,UCnGJtrHxIEFJMSct-w6pKZg,얼어 죽어도 아이돌,음악·보이스형,보컬로이드JPOP커버,18700.0,6561.2,0.0118783501679886,0.5853012395625337,0.545909827213823,0.8446718250510835,0.161987041036717,0.4203721168874098,1.0,성장관찰,True,성장관찰형,성장성 상위권 / 실전성 리스크 낮음 / 성장성 신뢰도 양호,주요 자동 리스크 낮음,"최종=0.585, 채널력=0.546, 성장성=0.845, 팬밀도=0.162, 라이브=0.420, 실전성=1.000, 운영제외리스크=0.000, 검증필요리스크=0.000",순위 136단계 하락 / 최종점수 -0.015 / 성장성 -0.000 / shortlist 신규 선정
315,640,UCuAnzH0_5oVswMUAHwyOVgQ,경쓰 (Gyungs),창작·비주얼형,일러스트리깅,1320.0,1044.4,0.0293866320603042,0.5848901313174946,0.3551835853131749,0.5,0.5291576673866091,0.9203563714902808,0.98432,성장관찰,True,성장관찰형,라이브친화도 상위권,성장성 신뢰도 낮음,"최종=0.585, 채널력=0.355, 성장성=0.500, 팬밀도=0.529, 라이브=0.920, 실전성=0.984, 운영제외리스크=0.000, 검증필요리스크=0.196",순위 12단계 하락 / 최종점수 -0.001 / shortlist 신규 선정
316,644,UCo_ElhrCDfIk4213iFDcmJg,라라쇼핑,,음악기타,3400.0,1045.0,0.0231348056593183,0.5843425547557349,0.2621895248380129,0.6786959430072473,0.41414686825054,0.892432561561494,0.98376,성장관찰,True,성장관찰형,성장성 상위권 / 라이브친화도 상위권 / 성장성 신뢰도 양호,상위 세그먼트 불명확,"최종=0.584, 채널력=0.262, 성장성=0.679, 팬밀도=0.414, 라이브=0.892, 실전성=0.984, 운영제외리스크=0.000, 검증필요리스크=0.203",순위 4단계 하락 / 최종점수 -0.001 / 성장성 +0.001 / shortlist 신규 선정
317,648,UCfc2ZzKu4BfouQDbvDI_RCg,바코모,게임 실황형,니케,3910.0,9670.2,0.0287802692723941,0.5839397542370875,0.4138093952483801,0.6989078995212968,0.519438444924406,0.4203721168874098,0.99104,성장관찰,True,성장관찰형,성장성 상위권 / 성장성 신뢰도 양호,주요 자동 리스크 낮음,"최종=0.584, 채널력=0.414, 성장성=0.699, 팬밀도=0.519, 라이브=0.420, 실전성=0.991, 운영제외리스크=0.000, 검증필요리스크=0.112",순위 3단계 하락 / 최종점수 -0.000 / 성장성 -0.000 / shortlist 신규 선정
318,649,UCuEey2yW5Sb6Rl2yd24Wnqw,양윤아,음악·보이스형,애니송커버,1160.0,958.7,0.0633670636207059,0.5837375059841512,0.3376619870410366,0.4873430588771317,0.8639308855291576,0.4203721168874098,0.99104,성장관찰,True,성장관찰형,팬밀도 상위권,주요 자동 리스크 낮음,"최종=0.584, 채널력=0.338, 성장성=0.487, 팬밀도=0.864, 라이브=0.420, 실전성=0.991, 운영제외리스크=0.000, 검증필요리스크=0.112",순위 2단계 상승 / 최종점수 +0.001 / 성장성 +0.000 / shortlist 신규 선정
319,674,UC-zWgnP7za81YCNxL-H5taA,게이머 멜탕,게임 실황형,젠레스존제로,17600.0,17104.3,0.0170482352710314,0.5806265080610248,0.4742305615550756,0.7536735733117984,0.2867170626349892,0.6162602014127132,0.98208,성장관찰,True,성장관찰형,성장성 상위권 / 성장성 신뢰도 양호,수집 영상 수 부족,"최종=0.581, 채널력=0.474, 성장성=0.754, 팬밀도=0.287, 라이브=0.616, 실전성=0.982, 운영제외리스크=0.000, 검증필요리스크=0.224",순위 38단계 하락 / 최종점수 -0.005 / 성장성 +0.000 / shortlist 신규 선정
320,676,UCU4YYS1Tz2qE5cWG9pQFw8A,냐미냠뇸,음악·보이스형,보컬로이드JPOP커버,1450.0,1210.3,0.0632506440261301,0.5803703239540241,0.2960718142548596,0.5084196534471039,0.8633909287257019,0.4203721168874098,0.99104,성장관찰,True,성장관찰형,팬밀도 상위권,주요 자동 리스크 낮음,"최종=0.580, 채널력=0.296, 성장성=0.508, 팬밀도=0.863, 라이브=0.420, 실전성=0.991, 운영제외리스크=0.000, 검증필요리스크=0.112",순위 10단계 하락 / 최종점수 -0.000 / 성장성 +0.000 / shortlist 신규 선정
321,677,UCOeNO3FsTksjxAqE_SWpi5A,방송정보국제교육원,창작·비주얼형,일러스트리깅,1780.0,350.2,0.0449812749236316,0.58032583187607,0.1756614470842332,0.6962042891143921,0.7446004319654428,0.4203721168874098,0.99104,성장관찰,True,성장관찰형,성장성 상위권 / 성장성 신뢰도 양호,주요 자동 리스크 낮음,"최종=0.580, 채널력=0.176, 성장성=0.696, 팬밀도=0.745, 라이브=0.420, 실전성=0.991, 운영제외리스크=0.000, 검증필요리스크=0.112",순위 16단계 하락 / 최종점수 -0.001 / 성장성 +0.000 / shortlist 신규 선정
322,679,UCYhjjwOP66_CHrZwIJCsJVQ,타나리,음악·보이스형,보컬로이드JPOP커버,1800.0,1617.4,0.0417802373846648,0.5801916272138229,0.2282802375809934,0.5,0.7203023758099352,0.8623110151187904,0.97536,성장관찰,True,성장관찰형,라이브친화도 상위권,성장성 신뢰도 낮음,"최종=0.580, 채널력=0.228, 성장성=0.500, 팬밀도=0.720, 라이브=0.862, 실전성=0.975, 운영제외리스크=0.000, 검증필요리스크=0.308",순위 14단계 하락 / 최종점수 -0.001 / shortlist 신규 선정
323,680,UC5ItBiYBi_RPXTMWvPwb0Fg,애모의 캐릭터 탐구,창작·비주얼형,코스프레,27200.0,7783.2,0.0194009585363386,0.5801544825190581,0.6499730021598272,0.6066448001272241,0.3374730021598272,0.4203721168874098,1.0,성장관찰,True,성장관찰형,성장성 상위권 / 실전성 리스크 낮음 / 성장성 신뢰도 양호,주요 자동 리스크 낮음,"최종=0.580, 채널력=0.650, 성장성=0.607, 팬밀도=0.337, 라이브=0.420, 실전성=1.000, 운영제외리스크=0.000, 검증필요리스크=0.000",순위 18단계 하락 / 최종점수 -0.001 / 성장성 +0.001 / shortlist 신규 선정
324,685,UCMTAlsKBL11yAgwyuuW_CCA,곰삐삐,버츄얼 퍼포먼스형,버튜버,5750.0,2755.1,0.0359554964517108,0.5791068539956804,0.3260394168466522,0.5,0.646328293736501,0.8201943844492442,0.97536,성장관찰,True,성장관찰형,라이브친화도 상위권,성장성 신뢰도 낮음,"최종=0.579, 채널력=0.326, 성장성=0.500, 팬밀도=0.646, 라이브=0.820, 실전성=0.975, 운영제외리스크=0.000, 검증필요리스크=0.308",순위 14단계 하락 / 최종점수 -0.001 / shortlist 신규 선정
325,686,UCqyvD42C6aogz-InXGgNPXg,잼있는방,음악·보이스형,ASMR보이스,4620.0,13914.7,0.0201904710242339,0.5789857838187911,0.5202483801295896,0.7291025670338601,0.3520518358531317,0.4203721168874098,0.99104,성장관찰,True,성장관찰형,성장성 상위권 / 성장성 신뢰도 양호,주요 자동 리스크 낮음,"최종=0.579, 채널력=0.520, 성장성=0.729, 팬밀도=0.352, 라이브=0.420, 실전성=0.991, 운영제외리스크=0.000, 검증필요리스크=0.112",순위 19단계 하락 / 최종점수 -0.002 / 성장성 +0.001 / shortlist 신규 선정
326,689,UCyoqIWgyiQmxYiNP_l7KlyQ,허수아비(scarecrow),음악·보이스형,애니송커버,496000.0,39435.5,0.013161401812655,0.5785525396831855,0.8006479481641469,0.6422399132635319,0.193304535637149,0.4203721168874098,0.9,성장관찰,True,성장관찰형,성장성 상위권 / 성장성 신뢰도 양호,주요 자동 리스크 낮음,"최종=0.579, 채널력=0.801, 성장성=0.642, 팬밀도=0.193, 라이브=0.420, 실전성=0.900, 운영제외리스크=0.000, 검증필요리스크=0.000",순위 10단계 하락 / 최종점수 -0.000 / 성장성 +0.000 / shortlist 신규 선정
327,691,UCksaY4MYtrfpNdx5JR4Gdfw,끄아넹,버츄얼 퍼포먼스형,버튜버,2490.0,4872.7,0.0112368890028214,0.5781798268839761,0.5180885529157667,0.8512798235841584,0.1490280777537797,0.4203721168874098,1.0,성장관찰,True,성장관찰형,성장성 상위권 / 실전성 리스크 낮음 / 성장성 신뢰도 양호,주요 자동 리스크 낮음,"최종=0.578, 채널력=0.518, 성장성=0.851, 팬밀도=0.149, 라이브=0.420, 실전성=1.000, 운영제외리스크=0.000, 검증필요리스크=0.000",순위 70단계 상승 / 최종점수 +0.009 / 성장성 +0.000 / 버킷 변경: 보류 → 성장관찰 / shortlist 신규 선정
328,696,UC4UpjLHL4fvTpbjzew1LR1Q,리레덕질러,음악·보이스형,애니송커버,1930.0,22914.0,0.0825168218800786,0.5771894673866091,0.4390523758099352,0.5,0.9319654427645788,0.3960583153347732,0.77536,성장관찰,True,성장관찰형,팬밀도 상위권,성장성 신뢰도 낮음,"최종=0.577, 채널력=0.439, 성장성=0.500, 팬밀도=0.932, 라이브=0.396, 실전성=0.775, 운영제외리스크=0.000, 검증필요리스크=0.308",순위 12단계 하락 / 최종점수 -0.001 / shortlist 신규 선정
329,701,UCw5s3TorcAkONoogCYKH9EA,도화령 대피소,게임 실황형,마인크래프트,17300.0,1303.2,0.0328278614563575,0.5769160477714353,0.3074919006479481,0.6983874112954641,0.5944924406047516,0.4203721168874098,0.99104,성장관찰,True,성장관찰형,성장성 상위권 / 성장성 신뢰도 양호,주요 자동 리스크 낮음,"최종=0.577, 채널력=0.307, 성장성=0.698, 팬밀도=0.594, 라이브=0.420, 실전성=0.991, 운영제외리스크=0.000, 검증필요리스크=0.112",순위 84단계 상승 / 최종점수 +0.009 / 성장성 -0.000 / 버킷 변경: 보류 → 성장관찰 / shortlist 신규 선정
330,720,UC_Es0-SUUynIAkViUBYieEQ,짜이나,창작·비주얼형,코스프레,14300.0,259323.6,0.0101179012155084,0.5744425286675455,0.6589227861771059,0.7799826801546044,0.1279697624190064,0.4203721168874098,0.99104,성장관찰,True,성장관찰형,성장성 상위권 / 성장성 신뢰도 양호,주요 자동 리스크 낮음,"최종=0.574, 채널력=0.659, 성장성=0.780, 팬밀도=0.128, 라이브=0.420, 실전성=0.991, 운영제외리스크=0.000, 검증필요리스크=0.112",순위 9단계 하락 / 최종점수 -0.001 / 성장성 +0.001 / shortlist 신규 선정
331,726,UCU6wNDCMta4Imrk_uVgVPoA,키작은수호꼬마 PLAY,,서브컬쳐게임,1060.0,3142.3,0.0080601136563825,0.574018659238271,0.4282667386609071,0.8270676839874554,0.0885529157667386,0.7131052249846759,0.99272,성장관찰,True,성장관찰형,성장성 상위권 / 라이브친화도 상위권 / 성장성 신뢰도 양호,상위 세그먼트 불명확,"최종=0.574, 채널력=0.428, 성장성=0.827, 팬밀도=0.089, 라이브=0.713, 실전성=0.993, 운영제외리스크=0.000, 검증필요리스크=0.091",순위 4단계 하락 / 최종점수 -0.000 / 성장성 -0.000 / shortlist 신규 선정
332,728,UCxK9Lu1TjYqUH0FAOqW9EXQ,세이로쿠 키라 Seiroku Kira,음악·보이스형,JPOP커버,1200.0,2033.3,0.061718868723307,0.573678186440678,0.17252969762419,0.4715042372881355,0.857451403887689,0.8201943844492442,0.9664,성장관찰,True,성장관찰형,팬밀도 상위권 / 라이브친화도 상위권,수집 영상 수 부족 / 성장성 신뢰도 낮음,"최종=0.574, 채널력=0.173, 성장성=0.472, 팬밀도=0.857, 라이브=0.820, 실전성=0.966, 운영제외리스크=0.000, 검증필요리스크=0.420",순위 31단계 하락 / 최종점수 -0.003 / 성장성 -0.000 / shortlist 신규 선정
333,730,UCTAghUJDrcGoDYuPE__K6nQ,리렌,음악·보이스형,애니송커버,6100.0,14443.8,0.0207554387682404,0.5736089001535847,0.4653752699784017,0.742407703280462,0.3655507559395248,0.4203721168874098,0.99104,성장관찰,True,성장관찰형,성장성 상위권 / 성장성 신뢰도 양호,주요 자동 리스크 낮음,"최종=0.574, 채널력=0.465, 성장성=0.742, 팬밀도=0.366, 라이브=0.420, 실전성=0.991, 운영제외리스크=0.000, 검증필요리스크=0.112",순위 11단계 하락 / 최종점수 -0.001 / 성장성 +0.001 / shortlist 신규 선정
334,754,UCTlD91-4GZ2_QwMpapyb0nw,당쮸,음악·보이스형,애니송커버,1220.0,1261.0,0.238840691127559,0.5707828712473788,0.2145923326133909,0.4975366589764406,0.9956803455723542,0.4203721168874098,0.97536,성장관찰,True,성장관찰형,팬밀도 상위권,성장성 신뢰도 낮음,"최종=0.571, 채널력=0.215, 성장성=0.498, 팬밀도=0.996, 라이브=0.420, 실전성=0.975, 운영제외리스크=0.000, 검증필요리스크=0.308",순위 6단계 하락 / 최종점수 +0.000 / 성장성 -0.000 / shortlist 신규 선정
335,764,UCIuOr6ncaZhbQLGw7w7f3-g,이제티,게임 실황형,롤,2080.0,2258.8,0.0250060357329924,0.5697141115916973,0.3722057235421166,0.499942263683925,0.4465442764578833,0.8648671850679881,0.99104,성장관찰,True,성장관찰형,라이브친화도 상위권,주요 자동 리스크 낮음,"최종=0.570, 채널력=0.372, 성장성=0.500, 팬밀도=0.447, 라이브=0.865, 실전성=0.991, 운영제외리스크=0.000, 검증필요리스크=0.112",순위 69단계 하락 / 최종점수 -0.007 / 성장성 +0.000 / shortlist 신규 선정
336,781,UCtuqYU0W-R_RTn9KnmNMjzQ,골프전문의,음악·보이스형,보컬로이드JPOP커버,1150.0,3377.1,0.0376118110300214,0.5681603097192226,0.2552240820734341,0.5,0.6673866090712743,0.8201943844492442,0.97536,성장관찰,True,성장관찰형,라이브친화도 상위권,성장성 신뢰도 낮음,"최종=0.568, 채널력=0.255, 성장성=0.500, 팬밀도=0.667, 라이브=0.820, 실전성=0.975, 운영제외리스크=0.000, 검증필요리스크=0.308",순위 8단계 하락 / 최종점수 -0.000 / shortlist 신규 선정
337,796,UC7lV-1pINvjayeZ8CyvAG0Q,DBN한국농아방송,창작·비주얼형,일러스트리깅,9690.0,2299.0,0.0177130001090703,0.5657093739136801,0.5198434125269978,0.4715042372881355,0.3034557235421166,0.9352051835853132,0.98432,성장관찰,True,성장관찰형,라이브친화도 상위권,성장성 신뢰도 낮음,"최종=0.566, 채널력=0.520, 성장성=0.472, 팬밀도=0.303, 라이브=0.935, 실전성=0.984, 운영제외리스크=0.000, 검증필요리스크=0.196",순위 3단계 하락 / 최종점수 -0.000 / 성장성 -0.000 / shortlist 신규 선정
338,805,UCh9DWUstnqwxdWGodRwyE2Q,성우 류지아,음악·보이스형,성우,1960.0,1708.9,0.0677210738604951,0.5649478367170627,0.3095032397408208,0.5,0.8876889848812095,0.3960583153347732,0.97536,성장관찰,True,성장관찰형,팬밀도 상위권,성장성 신뢰도 낮음,"최종=0.565, 채널력=0.310, 성장성=0.500, 팬밀도=0.888, 라이브=0.396, 실전성=0.975, 운영제외리스크=0.000, 검증필요리스크=0.308",순위 2단계 하락 / 최종점수 -0.000 / shortlist 신규 선정
339,828,UCy98UQ7pP3QResyN_9wZ6zQ,👽d00bu💻 뚜부,버츄얼 퍼포먼스형,버튜버,2550.0,125.0,0.046665180967454,0.5630502866566608,0.1786312095032397,0.4715042372881355,0.7570194384449244,0.8201943844492442,0.97536,성장관찰,True,성장관찰형,라이브친화도 상위권,성장성 신뢰도 낮음,"최종=0.563, 채널력=0.179, 성장성=0.472, 팬밀도=0.757, 라이브=0.820, 실전성=0.975, 운영제외리스크=0.000, 검증필요리스크=0.308",순위 22단계 하락 / 최종점수 -0.002 / 성장성 -0.000 / shortlist 신규 선정
340,830,UCTSkjPPvz1b3y4yaHPR8c7w,뚜루띠안 빱찌,버츄얼 퍼포먼스형,버튜버,1490.0,1769.1,0.0695793292563316,0.5628690030237582,0.2941144708423326,0.5,0.8936285097192225,0.3960583153347732,0.97536,성장관찰,True,성장관찰형,팬밀도 상위권,성장성 신뢰도 낮음,"최종=0.563, 채널력=0.294, 성장성=0.500, 팬밀도=0.894, 라이브=0.396, 실전성=0.975, 운영제외리스크=0.000, 검증필요리스크=0.308",순위 2단계 상승 / 최종점수 +0.000 / shortlist 신규 선정
341,836,UCZiBx_ikAhOynZisXiyOkZA,토시 TOSY Music,음악·보이스형,애니송커버,4630.0,7891.3,0.0230204276982808,0.562087415550756,0.4035232181425486,0.5,0.4130669546436285,0.9352051835853132,0.97536,성장관찰,True,성장관찰형,라이브친화도 상위권,성장성 신뢰도 낮음,"최종=0.562, 채널력=0.404, 성장성=0.500, 팬밀도=0.413, 라이브=0.935, 실전성=0.975, 운영제외리스크=0.000, 검증필요리스크=0.308",순위 3단계 하락 / 최종점수 -0.000 / shortlist 신규 선정
342,861,UCUgGNomn6nUX7_YDlVjRnnA,김하루 ASMR,음악·보이스형,ASMR,22400.0,41720.4,0.0221722796163153,0.5594372375809936,0.5326538876889849,0.5,0.3963282937365011,0.8201943844492442,0.9664,성장관찰,True,성장관찰형,라이브친화도 상위권,수집 영상 수 부족 / 성장성 신뢰도 낮음,"최종=0.559, 채널력=0.533, 성장성=0.500, 팬밀도=0.396, 라이브=0.820, 실전성=0.966, 운영제외리스크=0.000, 검증필요리스크=0.420",순위 6단계 하락 / 최종점수 -0.001 / shortlist 신규 선정
343,885,UCHCdUOTRDQZd3bcaoNnOXkw,나라,버츄얼 퍼포먼스형,버튜버,1230.0,121.2,0.0568107574108294,0.5565197198379886,0.0522003239740819,0.4988759894103521,0.8336933045356372,0.8660389635396776,0.9664,성장관찰,True,성장관찰형,팬밀도 상위권 / 라이브친화도 상위권,수집 영상 수 부족 / 성장성 신뢰도 낮음,"최종=0.557, 채널력=0.052, 성장성=0.499, 팬밀도=0.834, 라이브=0.866, 실전성=0.966, 운영제외리스크=0.000, 검증필요리스크=0.420",순위 16단계 하락 / 최종점수 -0.002 / 성장성 -0.000 / shortlist 신규 선정
344,896,UCxjo-o0T9UaKW6Tsqyqk7Mg,팔공쓰 기록보관소,창작·비주얼형,코스프레,1020.0,450.9,0.0338374291496198,0.5553609036717063,0.1769438444924406,0.5,0.6090712742980562,0.9352051835853132,0.97536,성장관찰,True,성장관찰형,라이브친화도 상위권,성장성 신뢰도 낮음,"최종=0.555, 채널력=0.177, 성장성=0.500, 팬밀도=0.609, 라이브=0.935, 실전성=0.975, 운영제외리스크=0.000, 검증필요리스크=0.308",순위 14단계 하락 / 최종점수 -0.001 / shortlist 신규 선정
345,908,UCjaoaH1tIwV6uLZHEmlQNdw,사과몽,,서브컬쳐게임,174000.0,6993.6,0.016039108876473,0.554748974514039,0.5565874730021598,0.5,0.2640388768898488,0.9352051835853132,0.96808,성장관찰,True,성장관찰형,라이브친화도 상위권,상위 세그먼트 불명확 / 성장성 신뢰도 낮음,"최종=0.555, 채널력=0.557, 성장성=0.500, 팬밀도=0.264, 라이브=0.935, 실전성=0.968, 운영제외리스크=0.000, 검증필요리스크=0.399",순위 7단계 하락 / 최종점수 +0.000 / shortlist 신규 선정
346,928,UCS5TTrU1_hyrIDOkK2L7Y0Q,Cry'N [클라잉],음악·보이스형,보컬로이드JPOP커버,8080.0,279.3,0.0630723980567655,0.5519818539956803,0.2759449244060475,0.5,0.8623110151187905,0.3960583153347732,0.97536,성장관찰,True,성장관찰형,팬밀도 상위권,성장성 신뢰도 낮음,"최종=0.552, 채널력=0.276, 성장성=0.500, 팬밀도=0.862, 라이브=0.396, 실전성=0.975, 운영제외리스크=0.000, 검증필요리스크=0.308",순위 13단계 하락 / 최종점수 -0.001 / shortlist 신규 선정
347,949,UCD4A-FxPNHMlWMWbPihSRjA,무세이온의 먼지다듬이 (먼다의 오래된 책방),음악·보이스형,ASMR보이스,1210.0,139.7,0.1048566889669095,0.5501524803455724,0.1671976241900647,0.5,0.962742980561555,0.3960583153347732,0.97536,성장관찰,True,성장관찰형,팬밀도 상위권,성장성 신뢰도 낮음,"최종=0.550, 채널력=0.167, 성장성=0.500, 팬밀도=0.963, 라이브=0.396, 실전성=0.975, 운영제외리스크=0.000, 검증필요리스크=0.308",순위 13단계 하락 / 최종점수 -0.001 / shortlist 신규 선정
348,963,UCeuzr6cve2szkSiZjiZq7Sg,Hoyeon Kim_김호연,음악·보이스형,보컬로이드JPOP커버,4210.0,888.5,0.0627852771899779,0.548136011663067,0.2590037796976241,0.5,0.8617710583153347,0.3960583153347732,0.97536,성장관찰,True,성장관찰형,팬밀도 상위권,성장성 신뢰도 낮음,"최종=0.548, 채널력=0.259, 성장성=0.500, 팬밀도=0.862, 라이브=0.396, 실전성=0.975, 운영제외리스크=0.000, 검증필요리스크=0.308",순위 16단계 하락 / 최종점수 -0.000 / shortlist 신규 선정
349,972,UCpfiptu5RcY8fA5WgpnOPUA,설요비,음악·보이스형,애니송커버,1050.0,2430.8,0.0694859223764505,0.5470787762419007,0.2228806695464362,0.5,0.8930885529157667,0.3960583153347732,0.97536,성장관찰,True,성장관찰형,팬밀도 상위권,성장성 신뢰도 낮음,"최종=0.547, 채널력=0.223, 성장성=0.500, 팬밀도=0.893, 라이브=0.396, 실전성=0.975, 운영제외리스크=0.000, 검증필요리스크=0.308",순위 28단계 하락 / 최종점수 -0.002 / shortlist 신규 선정
350,988,UC76B7fEQvbBhSJwGhBZW4Lg,세자부활,버츄얼 퍼포먼스형,버튜버,25600.0,268580.6666666667,0.0046700456522996,0.5456127935205184,0.6780642548596113,0.5,0.0426565874730021,0.9659827213822896,0.97536,성장관찰,True,성장관찰형,라이브친화도 상위권,성장성 신뢰도 낮음,"최종=0.546, 채널력=0.678, 성장성=0.500, 팬밀도=0.043, 라이브=0.966, 실전성=0.975, 운영제외리스크=0.000, 검증필요리스크=0.308",순위 16단계 하락 / 최종점수 -0.000 / shortlist 신규 선정
351,1012,UCxKV3NQukfJ5M2O-BjKG-sg,언노운 Unknown,음악·보이스형,보컬로이드JPOP커버,1470.0,752.5,0.0713069385671148,0.5417807200863931,0.1906992440604751,0.5,0.9011879049676026,0.3960583153347732,0.97536,성장관찰,True,성장관찰형,팬밀도 상위권,성장성 신뢰도 낮음,"최종=0.542, 채널력=0.191, 성장성=0.500, 팬밀도=0.901, 라이브=0.396, 실전성=0.975, 운영제외리스크=0.000, 검증필요리스크=0.308",순위 7단계 하락 / 최종점수 -0.000 / shortlist 신규 선정
352,1013,UCco4sUw0IpFjQgmVB_NZOMA,햄보이의 게임쇼,,서브컬쳐게임,7520.0,7834.2,0.0200708100909125,0.541777990328367,0.4581668466522678,0.4715042372881355,0.3498920086393088,0.9203563714902808,0.96808,성장관찰,True,성장관찰형,라이브친화도 상위권,상위 세그먼트 불명확 / 성장성 신뢰도 낮음,"최종=0.542, 채널력=0.458, 성장성=0.472, 팬밀도=0.350, 라이브=0.920, 실전성=0.968, 운영제외리스크=0.000, 검증필요리스크=0.399",순위 21단계 하락 / 최종점수 -0.001 / 성장성 -0.000 / shortlist 신규 선정
353,1020,UCmBAWufnibK7SjCQOYKvBFQ,도도리,음악·보이스형,애니송커버,1190.0,128.5,0.0789722572509457,0.5411719187904968,0.1652537796976241,0.5,0.923866090712743,0.3960583153347732,0.97536,성장관찰,True,성장관찰형,팬밀도 상위권,성장성 신뢰도 낮음,"최종=0.541, 채널력=0.165, 성장성=0.500, 팬밀도=0.924, 라이브=0.396, 실전성=0.975, 운영제외리스크=0.000, 검증필요리스크=0.308",순위 14단계 하락 / 최종점수 -0.001 / shortlist 신규 선정
354,1021,UCSDkCTFNJPBUAGn-HoxYIvw,박이안,음악·보이스형,애니송커버,1340.0,1158.5,0.0661451622942139,0.5406710058974266,0.2163201943844492,0.4928760593220339,0.8795896328293736,0.3960583153347732,0.97536,성장관찰,True,성장관찰형,팬밀도 상위권,성장성 신뢰도 낮음,"최종=0.541, 채널력=0.216, 성장성=0.493, 팬밀도=0.880, 라이브=0.396, 실전성=0.975, 운영제외리스크=0.000, 검증필요리스크=0.308",순위 8단계 하락 / 최종점수 -0.000 / 성장성 -0.000 / shortlist 신규 선정
355,1030,UCzM_2QZF0nb5ADYmqm1jqhg,마크트리,버츄얼 퍼포먼스형,버튜버,1930.0,34635.0,0.0168270601182816,0.5392278043196544,0.4650512958963282,0.5,0.281317494600432,0.8857991360691143,0.97536,성장관찰,True,성장관찰형,라이브친화도 상위권,성장성 신뢰도 낮음,"최종=0.539, 채널력=0.465, 성장성=0.500, 팬밀도=0.281, 라이브=0.886, 실전성=0.975, 운영제외리스크=0.000, 검증필요리스크=0.308",순위 2단계 하락 / 최종점수 +0.000 / shortlist 신규 선정
356,1040,UCaWVtV0JDsNV6xfFJdLTdnQ,라시우Rasiu,음악·보이스형,보컬로이드JPOP커버,1890.0,3648.7,0.0270651431486193,0.5383498345572355,0.2968277537796976,0.5,0.490280777537797,0.8201943844492442,0.97536,성장관찰,True,성장관찰형,라이브친화도 상위권,성장성 신뢰도 낮음,"최종=0.538, 채널력=0.297, 성장성=0.500, 팬밀도=0.490, 라이브=0.820, 실전성=0.975, 운영제외리스크=0.000, 검증필요리스크=0.308",순위 16단계 하락 / 최종점수 -0.001 / shortlist 신규 선정
357,1042,UC3Sj2UIrbQEck3Ueci9nz0Q,시신,창작·비주얼형,일러스트리깅,3310.0,1368.1,0.0320025584667252,0.5380101059547461,0.202821274298056,0.5133992752176547,0.5804535637149028,0.8660389635396776,0.9664,성장관찰,True,성장관찰형,라이브친화도 상위권,수집 영상 수 부족 / 성장성 신뢰도 낮음,"최종=0.538, 채널력=0.203, 성장성=0.513, 팬밀도=0.580, 라이브=0.866, 실전성=0.966, 운영제외리스크=0.000, 검증필요리스크=0.420",순위 8단계 하락 / 최종점수 -0.000 / 성장성 +0.000 / shortlist 신규 선정
358,1052,UC-duUpvFvz7HyRDPHha6nOw,서몽,버츄얼 퍼포먼스형,버튜버,1590.0,702.9,0.093277971245163,0.5362203508018597,0.1149703023758098,0.4991719461850541,0.9476241900647948,0.4203721168874098,0.97312,성장관찰,True,성장관찰형,팬밀도 상위권,수집 영상 수 부족,"최종=0.536, 채널력=0.115, 성장성=0.499, 팬밀도=0.948, 라이브=0.420, 실전성=0.973, 운영제외리스크=0.000, 검증필요리스크=0.336",최종점수 -0.001 / 성장성 +0.000 / shortlist 신규 선정
359,1080,UCK8TkSRUpoDcgPZ0o8OTVgA,면담사유,버츄얼 퍼포먼스형,버튜버,1280.0,297.3,0.0874823709721473,0.5334178691144709,0.1121895248380129,0.5,0.9416846652267818,0.3960583153347732,0.97536,성장관찰,True,성장관찰형,팬밀도 상위권,성장성 신뢰도 낮음,"최종=0.533, 채널력=0.112, 성장성=0.500, 팬밀도=0.942, 라이브=0.396, 실전성=0.975, 운영제외리스크=0.000, 검증필요리스크=0.308",순위 3단계 하락 / 최종점수 -0.001 / shortlist 신규 선정
360,1094,UC16reCsMUju9zF4RNFq1vTg,바위게스빌,음악·보이스형,애니송커버,1090.0,360.1,0.0916846088787249,0.5322180850971923,0.1040361771058315,0.5,0.9443844492440604,0.3960583153347732,0.97536,성장관찰,True,성장관찰형,팬밀도 상위권,성장성 신뢰도 낮음,"최종=0.532, 채널력=0.104, 성장성=0.500, 팬밀도=0.944, 라이브=0.396, 실전성=0.975, 운영제외리스크=0.000, 검증필요리스크=0.308",순위 4단계 상승 / 최종점수 +0.001 / shortlist 신규 선정
361,1117,UCOD7x2tG6H1K8svg3l4Uk8g,유기농솜사탕,버츄얼 퍼포먼스형,버튜버,1580.0,448.1,0.0732837041307793,0.5293728535088039,0.1749055075593952,0.435884533898305,0.9076673866090712,0.3960583153347732,0.98208,성장관찰,True,성장관찰형,팬밀도 상위권,주요 자동 리스크 낮음,"최종=0.529, 채널력=0.175, 성장성=0.436, 팬밀도=0.908, 라이브=0.396, 실전성=0.982, 운영제외리스크=0.000, 검증필요리스크=0.224",순위 1단계 하락 / 최종점수 -0.000 / 성장성 -0.000 / shortlist 신규 선정
362,1140,UCsqC8IAPOFZQo9zEJ_y6zkw,아라네 ARANE,음악·보이스형,보컬로이드JPOP커버,1190.0,857.2,0.029799608998698,0.5263449749460043,0.1456938444924405,0.5,0.5421166306695464,0.8857991360691143,0.97536,성장관찰,True,성장관찰형,라이브친화도 상위권,성장성 신뢰도 낮음,"최종=0.526, 채널력=0.146, 성장성=0.500, 팬밀도=0.542, 라이브=0.886, 실전성=0.975, 운영제외리스크=0.000, 검증필요리스크=0.308",순위 5단계 하락 / 최종점수 -0.001 / shortlist 신규 선정
363,1146,UCt5YWAoGa18Hr2y9-eeVopw,신무기의 그림대장간,버츄얼 퍼포먼스형,버튜버,4970.0,22.6,0.0180035650623885,0.5257002335432148,0.2678320734341252,0.4928760593220339,0.3088552915766738,0.990280777537797,0.98432,성장관찰,True,성장관찰형,라이브친화도 상위권,성장성 신뢰도 낮음,"최종=0.526, 채널력=0.268, 성장성=0.493, 팬밀도=0.309, 라이브=0.990, 실전성=0.984, 운영제외리스크=0.000, 검증필요리스크=0.196",순위 5단계 하락 / 최종점수 -0.001 / 성장성 -0.000 / shortlist 신규 선정
364,1162,UCgTZYZEu4bGFkb9IFkoTr7A,이데일리ON (이데일리온),음악·보이스형,성우,94200.0,300.0,0.0298098753540931,0.5242277343412528,0.2262823974082073,0.5,0.5426565874730022,0.8201943844492442,0.9664,성장관찰,True,성장관찰형,라이브친화도 상위권,수집 영상 수 부족 / 성장성 신뢰도 낮음,"최종=0.524, 채널력=0.226, 성장성=0.500, 팬밀도=0.543, 라이브=0.820, 실전성=0.966, 운영제외리스크=0.000, 검증필요리스크=0.420",순위 207단계 상승 / 최종점수 +0.028 / shortlist 신규 선정
365,1204,UCzWwnzAP-YjCG-B4JCCm4VQ,클락,,서브컬쳐게임,2490.0,155.2,0.0160975840950293,0.5188337147527181,0.3288066954643627,0.4928760593220339,0.265658747300216,0.9732721382289417,0.97704,성장관찰,True,성장관찰형,라이브친화도 상위권,상위 세그먼트 불명확 / 성장성 신뢰도 낮음,"최종=0.519, 채널력=0.329, 성장성=0.493, 팬밀도=0.266, 라이브=0.973, 실전성=0.977, 운영제외리스크=0.000, 검증필요리스크=0.287",순위 4단계 하락 / 최종점수 -0.001 / 성장성 -0.000 / shortlist 신규 선정
366,1233,UCxhekwz6B78uEMNwkzbKXRw,라모 LAMO Channel,버츄얼 퍼포먼스형,버튜버,1510.0,1178.7,0.0301488445390216,0.5146748185745141,0.1465847732181425,0.5,0.5502159827213823,0.8623110151187904,0.9664,성장관찰,True,성장관찰형,라이브친화도 상위권,수집 영상 수 부족 / 성장성 신뢰도 낮음,"최종=0.515, 채널력=0.147, 성장성=0.500, 팬밀도=0.550, 라이브=0.862, 실전성=0.966, 운영제외리스크=0.000, 검증필요리스크=0.420",순위 245단계 하락 / 최종점수 -0.028 / shortlist 신규 선정
367,1244,UCVsxp4X3xpk2IlkGbdxkM6A,봉봉언니,창작·비주얼형,일러스트리깅,9520.0,2292.8,0.0165652047735556,0.5133897913606912,0.370639848812095,0.5,0.2742980561555075,0.8623110151187904,0.97536,성장관찰,True,성장관찰형,라이브친화도 상위권,성장성 신뢰도 낮음,"최종=0.513, 채널력=0.371, 성장성=0.500, 팬밀도=0.274, 라이브=0.862, 실전성=0.975, 운영제외리스크=0.000, 검증필요리스크=0.308",순위 59단계 상승 / 최종점수 +0.007 / shortlist 신규 선정
368,1277,UCYwpwnDIgo5uXUbUCxw46AA,채고라니,창작·비주얼형,일러스트리깅,1960.0,982.1,0.0151682124623287,0.5096373285756123,0.3004049676025918,0.4928760593220339,0.2408207343412527,0.9352051835853132,0.98432,성장관찰,True,성장관찰형,라이브친화도 상위권,성장성 신뢰도 낮음,"최종=0.510, 채널력=0.300, 성장성=0.493, 팬밀도=0.241, 라이브=0.935, 실전성=0.984, 운영제외리스크=0.000, 검증필요리스크=0.196",순위 10단계 상승 / 최종점수 +0.000 / 성장성 -0.000 / shortlist 신규 선정
369,1302,UCkfK-jp9c-Ur7ARWuQuw4dA,성우 손정민,게임 실황형,블루아카이브,2130.0,11597.5,0.0648731988983716,0.5061562224622032,0.3550620950323974,0.5,0.8741900647948164,0.3960583153347732,0.8424,성장관찰,True,성장관찰형,팬밀도 상위권,팬/클립/아카이브 채널 의심 / 수집 영상 수 부족 / 성장성 신뢰도 낮음,"최종=0.506, 채널력=0.355, 성장성=0.500, 팬밀도=0.874, 라이브=0.396, 실전성=0.842, 운영제외리스크=0.220, 검증필요리스크=0.420",최종점수 -0.000 / shortlist 신규 선정
370,1327,UC-32kVvyyCLgA1-IEZ1fN8w,엄지 umji_11,창작·비주얼형,일러스트리깅,1310.0,135.7,0.0209017033911548,0.5020638244719406,0.1739200863930885,0.4928760593220339,0.3693304535637149,0.949244060475162,0.97536,성장관찰,True,성장관찰형,라이브친화도 상위권,성장성 신뢰도 낮음,"최종=0.502, 채널력=0.174, 성장성=0.493, 팬밀도=0.369, 라이브=0.949, 실전성=0.975, 운영제외리스크=0.000, 검증필요리스크=0.308",최종점수 -0.001 / 성장성 -0.000 / shortlist 신규 선정
371,1437,UCIT8zOxmgTSWDthjO0KqPzQ,곰학,게임 실황형,원신,3700.0,6391.2,0.0163505814001767,0.485087242614489,0.3295761339092872,0.4928760593220339,0.2705183585313175,0.8201943844492442,0.9664,성장관찰,True,성장관찰형,라이브친화도 상위권,수집 영상 수 부족 / 성장성 신뢰도 낮음,"최종=0.485, 채널력=0.330, 성장성=0.493, 팬밀도=0.271, 라이브=0.820, 실전성=0.966, 운영제외리스크=0.000, 검증필요리스크=0.420",순위 55단계 하락 / 최종점수 -0.009 / 성장성 -0.000 / shortlist 신규 선정
372,1579,UCe-_vWdZiJRZioLqOTQs7WA,[ 유튜버 ] ETK로제,,서브컬쳐게임,1400.0,940.8,0.0165568154594536,0.4603318578833693,0.1674001079913606,0.5,0.2737580993520518,0.8623110151187904,0.96808,성장관찰,True,성장관찰형,라이브친화도 상위권,상위 세그먼트 불명확 / 성장성 신뢰도 낮음,"최종=0.460, 채널력=0.167, 성장성=0.500, 팬밀도=0.274, 라이브=0.862, 실전성=0.968, 운영제외리스크=0.000, 검증필요리스크=0.399",순위 3단계 상승 / 최종점수 -0.000 / shortlist 신규 선정
373,1619,UCVcB5OC1jvyu67uBzU9qtpg,넁둉챰치,음악·보이스형,보컬로이드JPOP커버,1280.0,152.8,0.0164031886525159,0.4475463788336933,0.1022273218142548,0.5,0.2721382289416846,0.8201943844492442,0.97536,성장관찰,True,성장관찰형,라이브친화도 상위권,성장성 신뢰도 낮음,"최종=0.448, 채널력=0.102, 성장성=0.500, 팬밀도=0.272, 라이브=0.820, 실전성=0.975, 운영제외리스크=0.000, 검증필요리스크=0.308",순위 1단계 상승 / 최종점수 -0.001 / shortlist 신규 선정
374,1629,UCqSbTiwViFanrgC4AdWzWMA,보이스큐브,음악·보이스형,ASMR보이스,1370.0,349.0,0.0067595226339711,0.4438839485552814,0.229225161987041,0.5039150251717426,0.0615550755939524,0.8435632615958332,0.98432,성장관찰,True,성장관찰형,라이브친화도 상위권,성장성 신뢰도 낮음,"최종=0.444, 채널력=0.229, 성장성=0.504, 팬밀도=0.062, 라이브=0.844, 실전성=0.984, 운영제외리스크=0.000, 검증필요리스크=0.196",최종점수 -0.001 / 성장성 +0.000 / shortlist 신규 선정
375,1643,UCRNxXam4IwvNmRNkxJCCu4Q,유쵸 ASMR,음악·보이스형,ASMR,1970.0,7518.4,0.0030861968156513,0.4399210388768898,0.3145383369330453,0.5,0.0264578833693304,0.8857991360691143,0.9664,성장관찰,True,성장관찰형,라이브친화도 상위권,수집 영상 수 부족 / 성장성 신뢰도 낮음,"최종=0.440, 채널력=0.315, 성장성=0.500, 팬밀도=0.026, 라이브=0.886, 실전성=0.966, 운영제외리스크=0.000, 검증필요리스크=0.420",순위 12단계 상승 / 최종점수 +0.001 / shortlist 신규 선정
376,1740,UCv1xK5QOP2DzW9XIGbXDtGA,1일1곡,음악·보이스형,보컬로이드JPOP커버,1280.0,143.5,0.0034843205574912,0.409008041900648,0.1017413606911446,0.5,0.029157667386609,0.9203563714902808,0.97536,성장관찰,True,성장관찰형,라이브친화도 상위권,성장성 신뢰도 낮음,"최종=0.409, 채널력=0.102, 성장성=0.500, 팬밀도=0.029, 라이브=0.920, 실전성=0.975, 운영제외리스크=0.000, 검증필요리스크=0.308",순위 1단계 상승 / 최종점수 +0.000 / shortlist 신규 선정
377,14,UCnckVKZ6mrvIXONGipCVfhQ,ASMRの館【NO'N'IGHT】,음악·보이스형,ASMR보이스,105000.0,14155.9,0.0462123518400589,0.748086374154237,0.7863390928725701,0.6749352088316581,0.7537796976241901,0.850101211813902,0.96464,검증필요,True,점수상위검증형,최종점수 상위 10% / 성장성 상위권 / 라이브친화도 상위권 / 성장성 신뢰도 양호,한국 타깃 적합성 낮음,"최종=0.748, 채널력=0.786, 성장성=0.675, 팬밀도=0.754, 라이브=0.850, 실전성=0.965, 운영제외리스크=0.136, 검증필요리스크=0.102",순위 1단계 하락 / 최종점수 -0.001 / 성장성 -0.000 / shortlist 신규 선정
378,56,UCMDjl5dLr7PBpVpQ5ArD9Ng,Mion(魅音) japaneseASMR,음악·보이스형,ASMR,18200.0,15815.1,0.0370894811402711,0.7023698563161345,0.6958963282937365,0.6532521423075716,0.6630669546436285,0.8514942281586271,0.96464,검증필요,True,점수상위검증형,최종점수 상위 10% / 성장성 상위권 / 라이브친화도 상위권 / 성장성 신뢰도 양호,한국 타깃 적합성 낮음,"최종=0.702, 채널력=0.696, 성장성=0.653, 팬밀도=0.663, 라이브=0.851, 실전성=0.965, 운영제외리스크=0.136, 검증필요리스크=0.102",순위 1단계 상승 / 최종점수 -0.000 / 성장성 +0.001 / shortlist 신규 선정
379,60,UCqHRiaUTqMCd_rAeow9fIKw,君影すず / Kimikage Suzu💌弾き語りVtuber,음악·보이스형,보컬로이드JPOP커버,1060.0,243.8,0.2097107549146512,0.7004150269227851,0.3580048596112311,0.5934720341954254,0.994060475161987,0.9601685579863865,0.96464,검증필요,True,점수상위검증형,최종점수 상위 10% / 성장성 상위권 / 팬밀도 상위권 / 라이브친화도 상위권 / 성장성 신뢰도 양호,한국 타깃 적합성 낮음,"최종=0.700, 채널력=0.358, 성장성=0.593, 팬밀도=0.994, 라이브=0.960, 실전성=0.965, 운영제외리스크=0.136, 검증필요리스크=0.102",순위 2단계 상승 / 최종점수 +0.000 / 성장성 +0.000 / shortlist 신규 선정
380,90,UC5-9Lj69d6OMFyAa_7Ffy1g,Lebi ASMR,음악·보이스형,ASMR,130000.0,37906.3,0.0307940772933943,0.6833218963453527,0.8789956803455723,0.4964089786336602,0.5631749460043196,0.8660389635396776,0.9688,검증필요,True,점수상위검증형,최종점수 상위 10% / 라이브친화도 상위권 / 성장성 신뢰도 양호,한국 타깃 적합성 낮음,"최종=0.683, 채널력=0.879, 성장성=0.496, 팬밀도=0.563, 라이브=0.866, 실전성=0.969, 운영제외리스크=0.120, 검증필요리스크=0.090",순위 2단계 상승 / 최종점수 -0.002 / 성장성 +0.000 / shortlist 신규 선정
381,93,UCQ1OcBFSr7GM9o60ZWIo6Eg,おゆちゃん oyuchan,음악·보이스형,ASMR,15600.0,2089.7,0.0660752023222092,0.6825476891607922,0.5261879049676026,0.5383084886116648,0.8790496760259179,0.8660389635396776,0.96464,검증필요,True,점수상위검증형,최종점수 상위 10% / 팬밀도 상위권 / 라이브친화도 상위권 / 성장성 신뢰도 양호,한국 타깃 적합성 낮음,"최종=0.683, 채널력=0.526, 성장성=0.538, 팬밀도=0.879, 라이브=0.866, 실전성=0.965, 운영제외리스크=0.136, 검증필요리스크=0.102",순위 5단계 상승 / 최종점수 +0.001 / 성장성 +0.001 / shortlist 신규 선정
382,107,UCWDaX0azTPdFWyoIjKWf_Xw,zeeplli,창작·비주얼형,코스프레,5430.0,26704.0,0.078421215764264,0.6775484426218474,0.7711933045356372,0.5183867896951915,0.9206263498920086,0.4203721168874098,0.9688,검증필요,True,점수상위검증형,최종점수 상위 10% / 팬밀도 상위권 / 성장성 신뢰도 양호,한국 타깃 적합성 낮음,"최종=0.678, 채널력=0.771, 성장성=0.518, 팬밀도=0.921, 라이브=0.420, 실전성=0.969, 운영제외리스크=0.120, 검증필요리스크=0.090",순위 5단계 상승 / 최종점수 +0.000 / 성장성 +0.001 / shortlist 신규 선정
383,111,UCopiv-5UTCaVBiuFPjfUB7Q,Etherho,창작·비주얼형,코스프레,3240.0,3626.7,0.0842504727911188,0.6761457749510931,0.4310610151187904,0.7683207596769935,0.9362850971922246,0.4203721168874098,0.9688,검증필요,True,점수상위검증형,최종점수 상위 10% / 성장성 상위권 / 팬밀도 상위권 / 성장성 신뢰도 양호,한국 타깃 적합성 낮음,"최종=0.676, 채널력=0.431, 성장성=0.768, 팬밀도=0.936, 라이브=0.420, 실전성=0.969, 운영제외리스크=0.120, 검증필요리스크=0.090",순위 26단계 상승 / 최종점수 +0.007 / 성장성 +0.000 / shortlist 신규 선정
384,117,UC4ILhQxtDOX9vJcUk-M61Ug,노노미야 미야 乃ノ宮みや,게임 실황형,명조,2810.0,85.2,0.1942771402870516,0.6741214040196752,0.3252699784017278,0.5765615739222388,0.9929805615550756,0.8660389635396776,0.96464,검증필요,True,점수상위검증형,최종점수 상위 10% / 성장성 상위권 / 팬밀도 상위권 / 라이브친화도 상위권 / 성장성 신뢰도 양호,한국 타깃 적합성 낮음,"최종=0.674, 채널력=0.325, 성장성=0.577, 팬밀도=0.993, 라이브=0.866, 실전성=0.965, 운영제외리스크=0.136, 검증필요리스크=0.102",순위 6단계 상승 / 최종점수 -0.000 / 성장성 +0.000 / shortlist 신규 선정
385,119,UCOppAa49THgpuXH2rD8ewdA,Simi and Chapchap,,서브컬쳐게임,557000.0,1190209.1,0.070182711975229,0.6732076387854212,0.8875809935205184,0.505487846650875,0.8974082073434125,0.4203721168874098,0.8615200000000001,검증필요,True,점수상위검증형,최종점수 상위 10% / 팬밀도 상위권,한국 타깃 적합성 낮음 / 상위 세그먼트 불명확,"최종=0.673, 채널력=0.888, 성장성=0.505, 팬밀도=0.897, 라이브=0.420, 실전성=0.862, 운영제외리스크=0.120, 검증필요리스크=0.181",순위 98단계 상승 / 최종점수 +0.026 / 성장성 +0.000 / shortlist 신규 선정
386,127,UC4h4ordWME9rE3qmI96Lr8A,Kuko__Ne,,서브컬쳐게임,11300.0,8122.6,0.1026283152944628,0.6694854430467163,0.6245410367170626,0.6032267649861076,0.9600431965442764,0.4203721168874098,0.96152,검증필요,True,점수상위검증형,최종점수 상위 10% / 성장성 상위권 / 팬밀도 상위권 / 성장성 신뢰도 양호,한국 타깃 적합성 낮음 / 상위 세그먼트 불명확,"최종=0.669, 채널력=0.625, 성장성=0.603, 팬밀도=0.960, 라이브=0.420, 실전성=0.962, 운영제외리스크=0.120, 검증필요리스크=0.181",순위 11단계 상승 / 최종점수 +0.000 / 성장성 +0.000 / shortlist 신규 선정
387,129,UCjWR6WlLlXorNTG3oGx0Lfw,Miavi Ch.荼楽庵みあび【ぶいカノ】,음악·보이스형,ASMR보이스,4460.0,2162.5,0.0954364617891355,0.6691097658894019,0.4054130669546436,0.487104282892111,0.9524838012958964,0.9414670377632792,0.96464,검증필요,True,점수상위검증형,최종점수 상위 10% / 팬밀도 상위권 / 라이브친화도 상위권,한국 타깃 적합성 낮음,"최종=0.669, 채널력=0.405, 성장성=0.487, 팬밀도=0.952, 라이브=0.941, 실전성=0.965, 운영제외리스크=0.136, 검증필요리스크=0.102",순위 10단계 상승 / 최종점수 -0.000 / 성장성 +0.000 / shortlist 신규 선정
388,136,UCm1KHL-zQmM6YS06o6hn_1Q,K-Story,음악·보이스형,성우더빙,2880.0,53478.1,0.0310559478938622,0.6682214075468187,0.7696139308855292,0.6564259700904632,0.5669546436285097,0.6215536635226686,0.9688,검증필요,True,점수상위검증형,최종점수 상위 10% / 성장성 상위권 / 성장성 신뢰도 양호,한국 타깃 적합성 낮음,"최종=0.668, 채널력=0.770, 성장성=0.656, 팬밀도=0.567, 라이브=0.622, 실전성=0.969, 운영제외리스크=0.120, 검증필요리스크=0.090",순위 23단계 하락 / 최종점수 -0.009 / 성장성 -0.001 / shortlist 신규 선정
389,139,UCSeDGuxXM9geg4fKw9s4Hsw,Cayla Ch.,버츄얼 퍼포먼스형,버튜버,1130.0,157.9,0.0905719309809415,0.6673681913600609,0.2781857451403887,0.5550047338326274,0.9438444924406048,0.9731747574607108,0.9688,검증필요,True,점수상위검증형,최종점수 상위 10% / 팬밀도 상위권 / 라이브친화도 상위권 / 성장성 신뢰도 양호,한국 타깃 적합성 낮음,"최종=0.667, 채널력=0.278, 성장성=0.555, 팬밀도=0.944, 라이브=0.973, 실전성=0.969, 운영제외리스크=0.120, 검증필요리스크=0.090",순위 10단계 하락 / 최종점수 -0.003 / 성장성 -0.002 / shortlist 신규 선정
390,140,UC-_mkD68xVkHolyfTSjkjnQ,Parang,음악·보이스형,보컬로이드JPOP커버,7640.0,20854.0,0.0732018805543836,0.6670972237580994,0.5340037796976242,0.5,0.9071274298056156,0.8201943844492442,0.95984,검증필요,True,점수상위검증형,최종점수 상위 10% / 팬밀도 상위권 / 라이브친화도 상위권,한국 타깃 적합성 낮음,"최종=0.667, 채널력=0.534, 성장성=0.500, 팬밀도=0.907, 라이브=0.820, 실전성=0.960, 운영제외리스크=0.120, 검증필요리스크=0.202",순위 9단계 상승 / 최종점수 -0.000 / shortlist 신규 선정
391,145,UCUMHMWJ7gOSdA0AhxcqxXUg,仁城ケン / Ken Niki,게임 실황형,원신,1570.0,838.7,0.1234287402926969,0.6659602657712378,0.3487850971922246,0.492286977496397,0.9757019438444924,0.9597970869611264,0.96464,검증필요,True,점수상위검증형,최종점수 상위 10% / 팬밀도 상위권 / 라이브친화도 상위권,한국 타깃 적합성 낮음,"최종=0.666, 채널력=0.349, 성장성=0.492, 팬밀도=0.976, 라이브=0.960, 실전성=0.965, 운영제외리스크=0.136, 검증필요리스크=0.102",순위 8단계 상승 / 최종점수 -0.000 / 성장성 -0.000 / shortlist 신규 선정
392,158,UCWk0Hx1LaFvmt9vnNeIt0jg,로플릭스,게임 실황형,로블록스,136000.0,135320.1,0.0339812358428676,0.6640076562877629,0.9249055075593952,0.4720366117201762,0.6150107991360692,0.4203721168874098,1.0,검증필요,True,점수상위검증형,최종점수 상위 10% / 실전성 리스크 낮음 / 성장성 신뢰도 양호,주요 자동 리스크 낮음,"최종=0.664, 채널력=0.925, 성장성=0.472, 팬밀도=0.615, 라이브=0.420, 실전성=1.000, 운영제외리스크=0.000, 검증필요리스크=0.000",순위 117단계 상승 / 최종점수 +0.030 / 성장성 +0.000 / shortlist 신규 선정
393,162,UCHFR84nup5zCrmM384wbBDQ,HMBC,창작·비주얼형,일러스트리깅,116000.0,7070.5,0.1663111684826394,0.6630920246507268,0.5899163066954644,0.5553086770707795,0.9892008639308856,0.4203721168874098,0.9688,검증필요,True,점수상위검증형,최종점수 상위 10% / 팬밀도 상위권 / 성장성 신뢰도 양호,한국 타깃 적합성 낮음,"최종=0.663, 채널력=0.590, 성장성=0.555, 팬밀도=0.989, 라이브=0.420, 실전성=0.969, 운영제외리스크=0.120, 검증필요리스크=0.090",순위 1단계 하락 / 최종점수 +0.001 / 성장성 +0.000 / shortlist 신규 선정
394,163,UCwmqFJK8mQ9vbXDFuD3TH1A,Starimation,버츄얼 퍼포먼스형,버튜버,67000.0,156.3,0.0925773639353124,0.6624416912812988,0.4381209503239741,0.5040281351852106,0.945464362850972,0.8660389635396776,0.95984,검증필요,True,점수상위검증형,최종점수 상위 10% / 팬밀도 상위권 / 라이브친화도 상위권,한국 타깃 적합성 낮음,"최종=0.662, 채널력=0.438, 성장성=0.504, 팬밀도=0.945, 라이브=0.866, 실전성=0.960, 운영제외리스크=0.120, 검증필요리스크=0.202",순위 4단계 하락 / 최종점수 -0.001 / 성장성 +0.000 / shortlist 신규 선정
395,165,UCWii0Ajc1FyXUC6nFX3NS2Q,M1Z,창작·비주얼형,일러스트리깅,6670.0,15464.0,0.0648973322542227,0.6614820477452862,0.5435475161987041,0.4476113468304205,0.8747300215982722,0.9140707487828909,0.95984,검증필요,True,점수상위검증형,최종점수 상위 10% / 팬밀도 상위권 / 라이브친화도 상위권,한국 타깃 적합성 낮음,"최종=0.661, 채널력=0.544, 성장성=0.448, 팬밀도=0.875, 라이브=0.914, 실전성=0.960, 운영제외리스크=0.120, 검증필요리스크=0.202",순위 2단계 하락 / 최종점수 -0.000 / 성장성 +0.000 / shortlist 신규 선정
396,169,UCNWOS9fLEy3umqMs4UC3YFg,류월 リュウォル,버츄얼 퍼포먼스형,버튜버,1570.0,602.5,0.0507945890016825,0.6610661870022403,0.3344492440604751,0.6305663654810816,0.7921166306695464,0.9593327481795512,0.96464,검증필요,True,점수상위검증형,최종점수 상위 10% / 성장성 상위권 / 라이브친화도 상위권 / 성장성 신뢰도 양호,한국 타깃 적합성 낮음,"최종=0.661, 채널력=0.334, 성장성=0.631, 팬밀도=0.792, 라이브=0.959, 실전성=0.965, 운영제외리스크=0.136, 검증필요리스크=0.102",순위 3단계 하락 / 최종점수 -0.000 / 성장성 +0.000 / shortlist 신규 선정
397,174,UCsvBhH9LEL7HF-h1OtHC28g,安心睡眠所 WhisperGirls ASMR,음악·보이스형,ASMR,148000.0,8574.7,0.0523123586511806,0.6592022018655037,0.7825998920086393,0.4254023089920183,0.800755939524838,0.6599204827358238,0.96464,검증필요,True,점수상위검증형,최종점수 상위 10% / 팬밀도 상위권 / 라이브친화도 상위권 / 성장성 신뢰도 양호,한국 타깃 적합성 낮음,"최종=0.659, 채널력=0.783, 성장성=0.425, 팬밀도=0.801, 라이브=0.660, 실전성=0.965, 운영제외리스크=0.136, 검증필요리스크=0.102",순위 10단계 하락 / 최종점수 -0.002 / 성장성 -0.000 / shortlist 신규 선정
398,188,UC7NQLBO-pAGltlrUJnGQWWg,반달asmr,음악·보이스형,ASMR보이스,13700.0,12293.1,0.0570107811808073,0.65604806999674,0.6654967602591793,0.4743359525660293,0.8353131749460043,0.4203721168874098,1.0,검증필요,True,점수상위검증형,최종점수 상위 20% / 팬밀도 상위권 / 실전성 리스크 낮음,주요 자동 리스크 낮음,"최종=0.656, 채널력=0.665, 성장성=0.474, 팬밀도=0.835, 라이브=0.420, 실전성=1.000, 운영제외리스크=0.000, 검증필요리스크=0.000",순위 2단계 하락 / 최종점수 +0.000 / 성장성 +0.001 / 버킷 변경: 즉시검토 → 검증필요 / shortlist 신규 선정
399,190,UCrEJrx_w6gc5fp7xpztJk7g,式代りりかちゃんねる,,서브컬쳐게임,4080.0,19.2,0.3086730399230399,0.6557490747569598,0.3349082073434125,0.5514877907639754,0.9973002159827212,0.8247322680753149,0.95736,검증필요,True,점수상위검증형,최종점수 상위 20% / 팬밀도 상위권 / 라이브친화도 상위권 / 성장성 신뢰도 양호,한국 타깃 적합성 낮음 / 상위 세그먼트 불명확,"최종=0.656, 채널력=0.335, 성장성=0.551, 팬밀도=0.997, 라이브=0.825, 실전성=0.957, 운영제외리스크=0.136, 검증필요리스크=0.193",순위 3단계 하락 / 최종점수 -0.000 / 성장성 +0.000 / shortlist 신규 선정
400,191,UCZiYhlLDJTT6CqJcHRP34ZA,호쿰이 Ho_kumee,음악·보이스형,성우더빙,48200.0,21110.6,0.0421912393392982,0.6556805065118906,0.8164551835853132,0.4409603980035077,0.7251619870410367,0.4203721168874098,1.0,검증필요,True,점수상위검증형,최종점수 상위 20% / 실전성 리스크 낮음 / 성장성 신뢰도 양호,주요 자동 리스크 낮음,"최종=0.656, 채널력=0.816, 성장성=0.441, 팬밀도=0.725, 라이브=0.420, 실전성=1.000, 운영제외리스크=0.000, 검증필요리스크=0.000",순위 49단계 상승 / 최종점수 +0.013 / 성장성 -0.000 / shortlist 신규 선정
401,192,UCmdJDKGQAhDBLBDj6lhe7Lw,검파루,게임 실황형,로블록스,8530.0,1828.1,0.0665057454822404,0.6554868157919866,0.2678050755939524,0.538345578536233,0.8817494600431965,0.9473177064111248,0.98208,검증필요,True,점수상위검증형,최종점수 상위 20% / 팬밀도 상위권 / 라이브친화도 상위권 / 성장성 신뢰도 양호,수집 영상 수 부족,"최종=0.655, 채널력=0.268, 성장성=0.538, 팬밀도=0.882, 라이브=0.947, 실전성=0.982, 운영제외리스크=0.000, 검증필요리스크=0.224",순위 1단계 하락 / 최종점수 +0.001 / 성장성 +0.000 / shortlist 신규 선정
402,197,UCj5THwXxwfZ7Dxw83v4n-5Q,타봇,,서브컬쳐게임,6250.0,12299.9,0.0649159055552205,0.6536637794439331,0.6364200863930887,0.4866519559141499,0.8752699784017278,0.4203721168874098,0.99272,검증필요,True,점수상위검증형,최종점수 상위 20% / 팬밀도 상위권 / 성장성 신뢰도 양호,상위 세그먼트 불명확,"최종=0.654, 채널력=0.636, 성장성=0.487, 팬밀도=0.875, 라이브=0.420, 실전성=0.993, 운영제외리스크=0.000, 검증필요리스크=0.091",순위 5단계 하락 / 최종점수 -0.000 / 성장성 -0.000 / shortlist 신규 선정
403,198,UCbZptNWeIIZ3wf4uasQ04vQ,구슬요Beadyo,버츄얼 퍼포먼스형,버튜버,33800.0,17703.9,0.0465265228857204,0.6533279916103921,0.720950323974082,0.4838399922692147,0.7553995680345572,0.4203721168874098,1.0,검증필요,True,점수상위검증형,최종점수 상위 20% / 실전성 리스크 낮음 / 성장성 신뢰도 양호,주요 자동 리스크 낮음,"최종=0.653, 채널력=0.721, 성장성=0.484, 팬밀도=0.755, 라이브=0.420, 실전성=1.000, 운영제외리스크=0.000, 검증필요리스크=0.000",순위 5단계 하락 / 최종점수 -0.000 / 성장성 +0.001 / shortlist 신규 선정
404,199,UCZ6mNZTiTUrUSbSYPlclI4A,레벤,창작·비주얼형,코스프레,18800.0,2102.4,0.0541562739820422,0.6528762587631071,0.5986501079913606,0.5325004959078057,0.8137149028077754,0.4203721168874098,1.0,검증필요,True,점수상위검증형,최종점수 상위 20% / 팬밀도 상위권 / 실전성 리스크 낮음 / 성장성 신뢰도 양호,주요 자동 리스크 낮음,"최종=0.653, 채널력=0.599, 성장성=0.533, 팬밀도=0.814, 라이브=0.420, 실전성=1.000, 운영제외리스크=0.000, 검증필요리스크=0.000",순위 31단계 상승 / 최종점수 +0.007 / 성장성 -0.000 / shortlist 신규 선정
405,203,UCpTsvZBRoH76YQTZkndBcOA,김치짱짱채고,음악·보이스형,애니송커버,6410.0,4351.5,0.0545520261575199,0.6516655365526042,0.5519438444924405,0.5631772593800148,0.8158747300215983,0.4203721168874098,1.0,검증필요,True,점수상위검증형,최종점수 상위 20% / 팬밀도 상위권 / 실전성 리스크 낮음 / 성장성 신뢰도 양호,주요 자동 리스크 낮음,"최종=0.652, 채널력=0.552, 성장성=0.563, 팬밀도=0.816, 라이브=0.420, 실전성=1.000, 운영제외리스크=0.000, 검증필요리스크=0.000",순위 4단계 하락 / 최종점수 +0.001 / 성장성 +0.001 / shortlist 신규 선정
406,208,UC_T9ZxoKC76lZe5zjQrKHdg,제이팝듣는예을이,음악·보이스형,JPOP커버,37000.0,19261.3,0.0340563654876151,0.6505636830999656,0.816212203023758,0.5081515485764688,0.6166306695464363,0.4203721168874098,1.0,검증필요,True,점수상위검증형,최종점수 상위 20% / 실전성 리스크 낮음 / 성장성 신뢰도 양호,주요 자동 리스크 낮음,"최종=0.651, 채널력=0.816, 성장성=0.508, 팬밀도=0.617, 라이브=0.420, 실전성=1.000, 운영제외리스크=0.000, 검증필요리스크=0.000",순위 13단계 하락 / 최종점수 -0.001 / 성장성 +0.000 / shortlist 신규 선정
407,209,UCkRPGZuRRS01T6sf6jJdklA,한시로 hanshiro,음악·보이스형,애니송커버,21000.0,8712.3,0.0395427393134952,0.6504891087920358,0.6519438444924406,0.5728911898556153,0.6981641468682506,0.4203721168874098,1.0,검증필요,True,점수상위검증형,최종점수 상위 20% / 성장성 상위권 / 실전성 리스크 낮음 / 성장성 신뢰도 양호,주요 자동 리스크 낮음,"최종=0.650, 채널력=0.652, 성장성=0.573, 팬밀도=0.698, 라이브=0.420, 실전성=1.000, 운영제외리스크=0.000, 검증필요리스크=0.000",순위 9단계 하락 / 최종점수 -0.000 / 성장성 +0.000 / shortlist 신규 선정
408,212,UCNmP0lRIVzcLGDRma9_rmzg,하늘 뜻 묵상하기 / Renungan Kehendak Tuhan,창작·비주얼형,코스프레,3790.0,32.5,0.5007810243364115,0.6491247417156932,0.3328833693304535,0.5819763336665796,0.9994600431965442,0.4203721168874098,1.0,검증필요,True,점수상위검증형,최종점수 상위 20% / 성장성 상위권 / 팬밀도 상위권 / 실전성 리스크 낮음 / 성장성 신뢰도 양호,주요 자동 리스크 낮음,"최종=0.649, 채널력=0.333, 성장성=0.582, 팬밀도=0.999, 라이브=0.420, 실전성=1.000, 운영제외리스크=0.000, 검증필요리스크=0.000",순위 6단계 하락 / 최종점수 -0.000 / 성장성 +0.000 / shortlist 신규 선정
409,215,UC2zBEPRPI-4emnMVFkJkn5g,장마군,창작·비주얼형,코스프레,161000.0,44773.8,0.0311946117292997,0.6484997458043998,0.8816279697624191,0.4871406494107256,0.5685745140388769,0.4203721168874098,1.0,검증필요,True,점수상위검증형,최종점수 상위 20% / 실전성 리스크 낮음 / 성장성 신뢰도 양호,주요 자동 리스크 낮음,"최종=0.648, 채널력=0.882, 성장성=0.487, 팬밀도=0.569, 라이브=0.420, 실전성=1.000, 운영제외리스크=0.000, 검증필요리스크=0.000",순위 10단계 하락 / 최종점수 -0.002 / 성장성 +0.000 / shortlist 신규 선정
410,216,UCGgha-h88UdbE-B8idaxRIQ,킴딸뚜,음악·보이스형,보컬로이드JPOP커버,11300.0,10863.7,0.0705676267621984,0.6483199257137814,0.5364740820734342,0.5337844375782949,0.8995680345572354,0.4203721168874098,0.99104,검증필요,True,점수상위검증형,최종점수 상위 20% / 팬밀도 상위권 / 성장성 신뢰도 양호,주요 자동 리스크 낮음,"최종=0.648, 채널력=0.536, 성장성=0.534, 팬밀도=0.900, 라이브=0.420, 실전성=0.991, 운영제외리스크=0.000, 검증필요리스크=0.112",순위 63단계 상승 / 최종점수 +0.014 / 성장성 +0.000 / shortlist 신규 선정
411,217,UClyh1xSrABqbItEr3dBJosQ,이와 IWA,버츄얼 퍼포먼스형,버튜버,33300.0,9330.3,0.0337348806414344,0.6481865587376138,0.6701403887688985,0.3407952968980931,0.607451403887689,0.9446245414779896,1.0,검증필요,True,점수상위검증형,최종점수 상위 20% / 라이브친화도 상위권 / 실전성 리스크 낮음 / 성장성 신뢰도 양호,주요 자동 리스크 낮음,"최종=0.648, 채널력=0.670, 성장성=0.341, 팬밀도=0.607, 라이브=0.945, 실전성=1.000, 운영제외리스크=0.000, 검증필요리스크=0.000",순위 10단계 하락 / 최종점수 -0.001 / 성장성 -0.000 / shortlist 신규 선정
412,220,UCfc3gFP8AzsIkIMdh8KoEiA,h,음악·보이스형,애니송커버,23600.0,19688.4,0.0806345118341015,0.647392762274964,0.6409152267818574,0.5075340050561373,0.927645788336933,0.4203721168874098,0.9688,검증필요,True,점수상위검증형,최종점수 상위 20% / 팬밀도 상위권,한국 타깃 적합성 낮음,"최종=0.647, 채널력=0.641, 성장성=0.508, 팬밀도=0.928, 라이브=0.420, 실전성=0.969, 운영제외리스크=0.120, 검증필요리스크=0.090",순위 19단계 상승 / 최종점수 +0.005 / 성장성 +0.000 / shortlist 신규 선정
413,221,UCRYkpw1bwnlGkOrjmMOFdzQ,햄생햄사🐹,,서브컬쳐게임,5800.0,10891.8,0.0718943815081489,0.6473826323700318,0.6245410367170626,0.4510674827946166,0.9038876889848813,0.4203721168874098,0.99272,검증필요,True,점수상위검증형,최종점수 상위 20% / 팬밀도 상위권 / 성장성 신뢰도 양호,상위 세그먼트 불명확,"최종=0.647, 채널력=0.625, 성장성=0.451, 팬밀도=0.904, 라이브=0.420, 실전성=0.993, 운영제외리스크=0.000, 검증필요리스크=0.091",순위 7단계 하락 / 최종점수 +0.000 / 성장성 +0.001 / shortlist 신규 선정
414,222,UCnmeME7qmJQFx4hz1nc_aPw,요다찡,음악·보이스형,애니송커버,4340.0,1597.4,0.0491739759140716,0.6471243344660054,0.4567224622030237,0.474104236566558,0.7796976241900648,0.7490848614725978,1.0,검증필요,True,점수상위검증형,최종점수 상위 20% / 라이브친화도 상위권 / 실전성 리스크 낮음 / 성장성 신뢰도 양호,주요 자동 리스크 낮음,"최종=0.647, 채널력=0.457, 성장성=0.474, 팬밀도=0.780, 라이브=0.749, 실전성=1.000, 운영제외리스크=0.000, 검증필요리스크=0.000",순위 24단계 상승 / 최종점수 +0.005 / 성장성 +0.001 / shortlist 신규 선정
415,223,UCN9Xl60hSPfIsr1pphcblXQ,포포,음악·보이스형,커버,10700.0,14556.6,0.0343232484609919,0.6470066454402217,0.7458423326133911,0.5486171962433817,0.6193304535637149,0.4203721168874098,1.0,검증필요,True,점수상위검증형,최종점수 상위 20% / 실전성 리스크 낮음 / 성장성 신뢰도 양호,주요 자동 리스크 낮음,"최종=0.647, 채널력=0.746, 성장성=0.549, 팬밀도=0.619, 라이브=0.420, 실전성=1.000, 운영제외리스크=0.000, 검증필요리스크=0.000",순위 13단계 하락 / 최종점수 -0.001 / 성장성 +0.001 / shortlist 신규 선정
416,224,UCATD8EWMEQ3oWImTKnBHwsg,려피,음악·보이스형,성우,5910.0,19714.5,0.0384125468464372,0.6469698739305055,0.6691144708423326,0.5591345889539756,0.6825053995680346,0.4203721168874098,1.0,검증필요,True,점수상위검증형,최종점수 상위 20% / 실전성 리스크 낮음 / 성장성 신뢰도 양호,주요 자동 리스크 낮음,"최종=0.647, 채널력=0.669, 성장성=0.559, 팬밀도=0.683, 라이브=0.420, 실전성=1.000, 운영제외리스크=0.000, 검증필요리스크=0.000",순위 210단계 상승 / 최종점수 +0.039 / 성장성 +0.000 / shortlist 신규 선정
417,226,UC032LUA2DU5dkrsXrPApzNQ,복이복이,창작·비주얼형,일러스트리깅,1070.0,307.9,0.0642501340336353,0.6463044600652537,0.284719222462203,0.5056053995092706,0.8714902807775378,0.8024590499327662,1.0,검증필요,True,점수상위검증형,최종점수 상위 20% / 팬밀도 상위권 / 라이브친화도 상위권 / 실전성 리스크 낮음,주요 자동 리스크 낮음,"최종=0.646, 채널력=0.285, 성장성=0.506, 팬밀도=0.871, 라이브=0.802, 실전성=1.000, 운영제외리스크=0.000, 검증필요리스크=0.000",순위 3단계 상승 / 최종점수 +0.000 / 성장성 +0.000 / shortlist 신규 선정
418,229,UCK1YvSf7hFRraM_nV5JKh1Q,강해온,버츄얼 퍼포먼스형,버튜버,19200.0,4319.7,0.0839610387070131,0.6459785742724312,0.4078158747300215,0.3860169491525423,0.9330453563714904,0.8201943844492442,0.99104,검증필요,True,점수상위검증형,최종점수 상위 20% / 팬밀도 상위권 / 라이브친화도 상위권,주요 자동 리스크 낮음,"최종=0.646, 채널력=0.408, 성장성=0.386, 팬밀도=0.933, 라이브=0.820, 실전성=0.991, 운영제외리스크=0.000, 검증필요리스크=0.112",순위 17단계 하락 / 최종점수 -0.001 / 성장성 -0.000 / shortlist 신규 선정
419,230,UCPj3xZZIaCoIrWXMZqd99MA,오북이,버츄얼 퍼포먼스형,버튜버,6820.0,32335.5,0.0563083415551985,0.6457668163828354,0.7040226781857452,0.4120135950896497,0.8293736501079914,0.4203721168874098,1.0,검증필요,True,점수상위검증형,최종점수 상위 20% / 팬밀도 상위권 / 실전성 리스크 낮음 / 성장성 신뢰도 양호,주요 자동 리스크 낮음,"최종=0.646, 채널력=0.704, 성장성=0.412, 팬밀도=0.829, 라이브=0.420, 실전성=1.000, 운영제외리스크=0.000, 검증필요리스크=0.000",순위 9단계 하락 / 최종점수 -0.001 / 성장성 +0.001 / shortlist 신규 선정
420,231,UC_SxALU0Px8jp1zUZLag8rA,효미채널,음악·보이스형,커버,2060.0,1750.1,0.0895038536294081,0.6457617398096116,0.4271868250539957,0.54084072827846,0.9422246220302376,0.4203721168874098,1.0,검증필요,True,점수상위검증형,최종점수 상위 20% / 팬밀도 상위권 / 실전성 리스크 낮음 / 성장성 신뢰도 양호,주요 자동 리스크 낮음,"최종=0.646, 채널력=0.427, 성장성=0.541, 팬밀도=0.942, 라이브=0.420, 실전성=1.000, 운영제외리스크=0.000, 검증필요리스크=0.000",순위 12단계 하락 / 최종점수 -0.001 / 성장성 +0.000 / shortlist 신규 선정
421,234,UC53bBUFosQasZJ93fkvhcvg,운월,,기타 연주,5030.0,18359.8,0.0369142883300617,0.6448029350883656,0.5093277537796976,0.524642470191767,0.6592872570194385,0.8610596070590728,0.98376,검증필요,True,점수상위검증형,최종점수 상위 20% / 라이브친화도 상위권,상위 세그먼트 불명확,"최종=0.645, 채널력=0.509, 성장성=0.525, 팬밀도=0.659, 라이브=0.861, 실전성=0.984, 운영제외리스크=0.000, 검증필요리스크=0.203",순위 1단계 하락 / 최종점수 -0.000 / 성장성 -0.000 / shortlist 신규 선정
422,235,UCwzjZoIBQawaVLOnQZqfE4w,마쫀쿠,음악·보이스형,애니송커버,3780.0,122634.8,0.0407867950592651,0.644270857964876,0.6562230021598272,0.5375631650717914,0.7105831533477321,0.4203721168874098,1.0,검증필요,True,점수상위검증형,최종점수 상위 20% / 실전성 리스크 낮음 / 성장성 신뢰도 양호,주요 자동 리스크 낮음,"최종=0.644, 채널력=0.656, 성장성=0.538, 팬밀도=0.711, 라이브=0.420, 실전성=1.000, 운영제외리스크=0.000, 검증필요리스크=0.000",순위 1단계 하락 / 최종점수 -0.001 / 성장성 +0.001 / shortlist 신규 선정
423,237,UC3__1jHBKyqEcem8sLGEz2w,말랑만두 MRMD,,게임기타,24500.0,212715.0,0.0294917858388209,0.6436138094210873,0.8931155507559395,0.5180455372117616,0.5329373650107991,0.4203721168874098,0.99272,검증필요,True,점수상위검증형,최종점수 상위 20% / 성장성 신뢰도 양호,상위 세그먼트 불명확,"최종=0.644, 채널력=0.893, 성장성=0.518, 팬밀도=0.533, 라이브=0.420, 실전성=0.993, 운영제외리스크=0.000, 검증필요리스크=0.091",순위 6단계 하락 / 최종점수 -0.002 / 성장성 +0.001 / shortlist 신규 선정
424,240,UChEejxuuRu15AaVBV5kkM0g,소히SOHEE,음악·보이스형,ASMR보이스,43100.0,5430.2,0.0495594425441115,0.6434360032184455,0.4801700863930885,0.4822315324923605,0.7823974082073434,0.738474168723263,0.99104,검증필요,True,점수상위검증형,최종점수 상위 20% / 라이브친화도 상위권 / 성장성 신뢰도 양호,주요 자동 리스크 낮음,"최종=0.643, 채널력=0.480, 성장성=0.482, 팬밀도=0.782, 라이브=0.738, 실전성=0.991, 운영제외리스크=0.000, 검증필요리스크=0.112",순위 3단계 하락 / 최종점수 -0.000 / 성장성 +0.000 / shortlist 신규 선정
425,241,UC1AOWZMkhjILCXp7Z_ZiXNQ,푸름,음악·보이스형,보컬로이드JPOP커버,25000.0,34672.2,0.0493715747312395,0.643304695411662,0.6067089632829374,0.5544479933490346,0.7802375809935205,0.4203721168874098,0.99104,검증필요,True,점수상위검증형,최종점수 상위 20% / 성장성 신뢰도 양호,주요 자동 리스크 낮음,"최종=0.643, 채널력=0.607, 성장성=0.554, 팬밀도=0.780, 라이브=0.420, 실전성=0.991, 운영제외리스크=0.000, 검증필요리스크=0.112",순위 5단계 하락 / 최종점수 -0.001 / 성장성 +0.000 / shortlist 신규 선정
426,242,UCSp-CZomiouEjlIEBjNXceA,수박연,창작·비주얼형,일러스트리깅,30400.0,1148.5,0.0284925043223698,0.6432122902953087,0.4966522678185744,0.5135941525890634,0.5140388768898488,0.9803591715634516,1.0,검증필요,True,점수상위검증형,최종점수 상위 20% / 라이브친화도 상위권 / 실전성 리스크 낮음 / 성장성 신뢰도 양호,주요 자동 리스크 낮음,"최종=0.643, 채널력=0.497, 성장성=0.514, 팬밀도=0.514, 라이브=0.980, 실전성=1.000, 운영제외리스크=0.000, 검증필요리스크=0.000",순위 570단계 상승 / 최종점수 +0.079 / 성장성 +0.000 / 버킷 변경: 보류 → 검증필요 / shortlist 신규 선정
427,243,UCr1I3uFDnb-va1ThpyXoGfg,flowpli,음악·보이스형,애니송커버,3640.0,3530.0,0.0528694351249453,0.6429252234151237,0.511744060475162,0.689799544302465,0.8045356371490281,0.4203721168874098,0.9688,검증필요,True,점수상위검증형,최종점수 상위 20% / 성장성 상위권 / 팬밀도 상위권 / 성장성 신뢰도 양호,한국 타깃 적합성 낮음,"최종=0.643, 채널력=0.512, 성장성=0.690, 팬밀도=0.805, 라이브=0.420, 실전성=0.969, 운영제외리스크=0.120, 검증필요리스크=0.090",순위 11단계 하락 / 최종점수 -0.002 / 성장성 +0.000 / shortlist 신규 선정
428,245,UCxM_h0LDzNU0XVD8YWCb17A,취한무드등,음악·보이스형,애니송커버,413000.0,77465.4,0.0297498202870959,0.6416352279598216,0.8289956803455724,0.5737408749426629,0.5388768898488121,0.4203721168874098,0.9,검증필요,True,점수상위검증형,최종점수 상위 20% / 성장성 상위권 / 성장성 신뢰도 양호,주요 자동 리스크 낮음,"최종=0.642, 채널력=0.829, 성장성=0.574, 팬밀도=0.539, 라이브=0.420, 실전성=0.900, 운영제외리스크=0.000, 검증필요리스크=0.000",최종점수 -0.001 / 성장성 +0.000 / shortlist 신규 선정
429,247,UChl5RQ8On9tJx4gpV5FAlKA,소유타로,버츄얼 퍼포먼스형,버튜버,96400.0,2943.1,0.044814996504775,0.641413843157601,0.591657667386609,0.5517858366564227,0.744060475161987,0.4203721168874098,1.0,검증필요,True,점수상위검증형,최종점수 상위 20% / 실전성 리스크 낮음 / 성장성 신뢰도 양호,주요 자동 리스크 낮음,"최종=0.641, 채널력=0.592, 성장성=0.552, 팬밀도=0.744, 라이브=0.420, 실전성=1.000, 운영제외리스크=0.000, 검증필요리스크=0.000",순위 2단계 상승 / 최종점수 +0.000 / 성장성 +0.001 / shortlist 신규 선정
430,248,UC-dFqg_nDGqahNdA9VfBpiw,Tsalthsu / 소은설,게임 실황형,명일방주,36000.0,9159.9,0.0307442050980046,0.6412879623774672,0.6695734341252699,0.3813578900841926,0.5604751619870411,0.8926470800612325,1.0,검증필요,True,점수상위검증형,최종점수 상위 20% / 라이브친화도 상위권 / 실전성 리스크 낮음 / 성장성 신뢰도 양호,주요 자동 리스크 낮음,"최종=0.641, 채널력=0.670, 성장성=0.381, 팬밀도=0.560, 라이브=0.893, 실전성=1.000, 운영제외리스크=0.000, 검증필요리스크=0.000",순위 7단계 하락 / 최종점수 -0.001 / 성장성 +0.000 / shortlist 신규 선정
431,252,UCmhFE3o7nU9BibLqtlhhDKA,히요리미,창작·비주얼형,코스프레,19700.0,34520.9,0.0384148468799673,0.6404817894405276,0.7466792656587473,0.4745948395027283,0.6830453563714903,0.4203721168874098,1.0,검증필요,True,점수상위검증형,최종점수 상위 20% / 실전성 리스크 낮음 / 성장성 신뢰도 양호,주요 자동 리스크 낮음,"최종=0.640, 채널력=0.747, 성장성=0.475, 팬밀도=0.683, 라이브=0.420, 실전성=1.000, 운영제외리스크=0.000, 검증필요리스크=0.000",순위 1단계 하락 / 최종점수 -0.000 / 성장성 -0.000 / shortlist 신규 선정
432,255,UCOHxnPvdeY0e9qqI8NmoNiA,아카즈네 카츠키,음악·보이스형,성우더빙,3160.0,3793.6,0.0764965070588053,0.6401831525302907,0.2836258099352051,0.5568359179550602,0.9152267818574514,0.738474168723263,0.98208,검증필요,True,점수상위검증형,최종점수 상위 20% / 팬밀도 상위권 / 라이브친화도 상위권 / 성장성 신뢰도 양호,수집 영상 수 부족,"최종=0.640, 채널력=0.284, 성장성=0.557, 팬밀도=0.915, 라이브=0.738, 실전성=0.982, 운영제외리스크=0.000, 검증필요리스크=0.224",순위 21단계 상승 / 최종점수 +0.006 / 성장성 +0.000 / shortlist 신규 선정
433,257,UCKLcMrZs89XiYmwlA5Tzm3Q,밀크티콩,음악·보이스형,ASMR보이스,2920.0,766.1,0.0601536563130971,0.6401018653333651,0.3028482721382289,0.5854282267893217,0.8509719222462203,0.6156101271185082,1.0,검증필요,True,점수상위검증형,최종점수 상위 20% / 성장성 상위권 / 팬밀도 상위권 / 실전성 리스크 낮음 / 성장성 신뢰도 양호,주요 자동 리스크 낮음,"최종=0.640, 채널력=0.303, 성장성=0.585, 팬밀도=0.851, 라이브=0.616, 실전성=1.000, 운영제외리스크=0.000, 검증필요리스크=0.000",순위 14단계 하락 / 최종점수 -0.002 / 성장성 -0.000 / shortlist 신규 선정
434,258,UCrvP8WFMQpvG-KILKEAFNUw,지환지환 JiHwanJiHwan,음악·보이스형,보컬로이드JPOP커버,75800.0,16355.5,0.0301142648108447,0.6393790191645764,0.72829373650108,0.5319094018177534,0.5491360691144709,0.5293988628012285,1.0,검증필요,True,점수상위검증형,최종점수 상위 20% / 실전성 리스크 낮음 / 성장성 신뢰도 양호,주요 자동 리스크 낮음,"최종=0.639, 채널력=0.728, 성장성=0.532, 팬밀도=0.549, 라이브=0.529, 실전성=1.000, 운영제외리스크=0.000, 검증필요리스크=0.000",순위 10단계 하락 / 최종점수 -0.002 / 성장성 +0.000 / shortlist 신규 선정
435,259,UCAaJnU6hKOfjM_dJIloFlaQ,food_injimin,음악·보이스형,ASMR,241000.0,309248.6,0.0386398455183992,0.6393678600770138,0.9445869330453563,0.4311877406496973,0.6846652267818575,0.4203721168874098,0.9688,검증필요,True,점수상위검증형,최종점수 상위 20% / 성장성 신뢰도 양호,한국 타깃 적합성 낮음,"최종=0.639, 채널력=0.945, 성장성=0.431, 팬밀도=0.685, 라이브=0.420, 실전성=0.969, 운영제외리스크=0.120, 검증필요리스크=0.090",순위 2단계 하락 / 최종점수 +0.001 / 성장성 +0.002 / shortlist 신규 선정
436,261,UCWmwRi5e-M0drfXIBTzwVvQ,미즈이로 / Mizuiro,음악·보이스형,보컬로이드JPOP커버,2150.0,1741.5,0.0767229640269855,0.6382142277448054,0.4293736501079913,0.5325311935206286,0.9163066954643628,0.4203721168874098,1.0,검증필요,True,점수상위검증형,최종점수 상위 20% / 팬밀도 상위권 / 실전성 리스크 낮음 / 성장성 신뢰도 양호,주요 자동 리스크 낮음,"최종=0.638, 채널력=0.429, 성장성=0.533, 팬밀도=0.916, 라이브=0.420, 실전성=1.000, 운영제외리스크=0.000, 검증필요리스크=0.000",순위 1단계 상승 / 최종점수 +0.000 / 성장성 +0.000 / shortlist 신규 선정
437,262,UCvvoamBxo07NYYo7LGIjMRw,기사 샬롯,게임 실황형,롤,12900.0,18331.0,0.0529385747454757,0.6378521240226269,0.6926025917926566,0.4113868397458009,0.8056155507559395,0.4203721168874098,1.0,검증필요,True,점수상위검증형,최종점수 상위 20% / 팬밀도 상위권 / 실전성 리스크 낮음 / 성장성 신뢰도 양호,주요 자동 리스크 낮음,"최종=0.638, 채널력=0.693, 성장성=0.411, 팬밀도=0.806, 라이브=0.420, 실전성=1.000, 운영제외리스크=0.000, 검증필요리스크=0.000",순위 1단계 하락 / 최종점수 -0.000 / 성장성 +0.000 / shortlist 신규 선정
438,264,UCrqXe5a-Yfxa1vHfLtNhnrw,바나나맛토끼,음악·보이스형,성우,12000.0,64941.0,0.0658552140963476,0.6377874360097885,0.53125,0.55340310980177,0.8779697624190065,0.4203721168874098,0.98208,검증필요,True,점수상위검증형,최종점수 상위 20% / 팬밀도 상위권 / 성장성 신뢰도 양호,수집 영상 수 부족,"최종=0.638, 채널력=0.531, 성장성=0.553, 팬밀도=0.878, 라이브=0.420, 실전성=0.982, 운영제외리스크=0.000, 검증필요리스크=0.224",순위 6단계 하락 / 최종점수 -0.001 / 성장성 -0.000 / shortlist 신규 선정
439,266,UCQcxskNI68kTk_LKi3IGVCw,통깡이,창작·비주얼형,코스프레,169000.0,126462.2,0.0303538992795167,0.6372552539941357,0.8352861771058315,0.4948479565061264,0.5539956803455723,0.4203721168874098,1.0,검증필요,True,점수상위검증형,최종점수 상위 20% / 실전성 리스크 낮음,주요 자동 리스크 낮음,"최종=0.637, 채널력=0.835, 성장성=0.495, 팬밀도=0.554, 라이브=0.420, 실전성=1.000, 운영제외리스크=0.000, 검증필요리스크=0.000",순위 6단계 하락 / 최종점수 -0.001 / 성장성 -0.000 / shortlist 신규 선정
440,267,UCtxgoIuaAaOowq0w-2MCaJg,901K,음악·보이스형,커버,319000.0,55055.6,0.0188678880609611,0.6371492354249865,0.8879589632829374,0.7933437248066809,0.3293736501079913,0.4203721168874098,0.8688,검증필요,True,점수상위검증형,최종점수 상위 20% / 성장성 상위권 / 성장성 신뢰도 양호,한국 타깃 적합성 낮음,"최종=0.637, 채널력=0.888, 성장성=0.793, 팬밀도=0.329, 라이브=0.420, 실전성=0.869, 운영제외리스크=0.120, 검증필요리스크=0.090",순위 226단계 하락 / 최종점수 -0.074 / 성장성 -0.000 / shortlist 신규 선정
441,268,UCAHDR0KKaaMqzmzZgRSdvCA,댕균,,게임기타,236000.0,42998.3,0.0328994573511953,0.6370318644093678,0.8006479481641469,0.5175542494886349,0.5961123110151187,0.4203721168874098,0.99272,검증필요,True,점수상위검증형,최종점수 상위 20%,상위 세그먼트 불명확,"최종=0.637, 채널력=0.801, 성장성=0.518, 팬밀도=0.596, 라이브=0.420, 실전성=0.993, 운영제외리스크=0.000, 검증필요리스크=0.091",순위 9단계 하락 / 최종점수 -0.001 / 성장성 +0.000 / shortlist 신규 선정
442,273,UCVWZqtCQeIAWYmLj4-VAo8w,빵룽,게임 실황형,니케,23100.0,28.8,0.0725963707345286,0.6356448384449244,0.1733666306695463,0.5,0.9055075593952484,0.990280777537797,0.98208,검증필요,True,점수상위검증형,최종점수 상위 20% / 팬밀도 상위권 / 라이브친화도 상위권 / 성장성 신뢰도 양호,수집 영상 수 부족,"최종=0.636, 채널력=0.173, 성장성=0.500, 팬밀도=0.906, 라이브=0.990, 실전성=0.982, 운영제외리스크=0.000, 검증필요리스크=0.224",순위 9단계 하락 / 최종점수 -0.002 / shortlist 신규 선정
443,274,UCowA7kuyXmoz77iUwNTemTA,[한세긴]HANSEGIN,버츄얼 퍼포먼스형,버튜버,12600.0,3626.3,0.047331428408693,0.635619936969922,0.6436960043196545,0.4736602306328548,0.7651187904967602,0.4203721168874098,1.0,검증필요,True,점수상위검증형,최종점수 상위 20% / 실전성 리스크 낮음 / 성장성 신뢰도 양호,주요 자동 리스크 낮음,"최종=0.636, 채널력=0.644, 성장성=0.474, 팬밀도=0.765, 라이브=0.420, 실전성=1.000, 운영제외리스크=0.000, 검증필요리스크=0.000",순위 8단계 하락 / 최종점수 -0.001 / 성장성 +0.001 / shortlist 신규 선정
444,275,UCfs9UQJvLXRfUCGKOAuWozg,찾았다 내 엔돌핀,,커버기타,103000.0,137619.7,0.0217042643903477,0.63531869637126,0.897219222462203,0.60228930964257,0.3839092872570194,0.4203721168874098,0.99272,검증필요,True,점수상위검증형,최종점수 상위 20% / 성장성 상위권 / 성장성 신뢰도 양호,상위 세그먼트 불명확,"최종=0.635, 채널력=0.897, 성장성=0.602, 팬밀도=0.384, 라이브=0.420, 실전성=0.993, 운영제외리스크=0.000, 검증필요리스크=0.091",순위 6단계 하락 / 최종점수 -0.001 / 성장성 -0.000 / shortlist 신규 선정
445,276,UClorA5fpH2npVPCcZ7pNz7Q,주이녹은 이렇게 털었다.,창작·비주얼형,코스프레,6890.0,9896.4,0.0394842205870301,0.6352374518021474,0.6243790496760259,0.4274566443581256,0.6965442764578834,0.6329763975494146,1.0,검증필요,True,점수상위검증형,최종점수 상위 20% / 라이브친화도 상위권 / 실전성 리스크 낮음 / 성장성 신뢰도 양호,주요 자동 리스크 낮음,"최종=0.635, 채널력=0.624, 성장성=0.427, 팬밀도=0.697, 라이브=0.633, 실전성=1.000, 운영제외리스크=0.000, 검증필요리스크=0.000",순위 5단계 하락 / 최종점수 -0.000 / 성장성 -0.000 / shortlist 신규 선정
446,278,UCzMCmKckj1Qnk2egPmhh1Mg,로드 업,창작·비주얼형,코스프레,2930.0,1046.8,0.0654563944372966,0.6337918050342943,0.4035097192224621,0.5684531179655019,0.8763498920086393,0.4203721168874098,1.0,검증필요,True,점수상위검증형,최종점수 상위 20% / 성장성 상위권 / 팬밀도 상위권 / 실전성 리스크 낮음 / 성장성 신뢰도 양호,주요 자동 리스크 낮음,"최종=0.634, 채널력=0.404, 성장성=0.568, 팬밀도=0.876, 라이브=0.420, 실전성=1.000, 운영제외리스크=0.000, 검증필요리스크=0.000",순위 263단계 상승 / 최종점수 +0.037 / 성장성 +0.001 / 버킷 변경: 보류 → 검증필요 / shortlist 신규 선정
447,281,UCl-XpmnxjOp9DudQgDyybPA,p q ASMR 피큐,음악·보이스형,ASMR,297000.0,146089.6,0.0327541349311421,0.6334538467168987,0.8471112311015118,0.4418585121266083,0.5923326133909287,0.4203721168874098,1.0,검증필요,True,점수상위검증형,최종점수 상위 20% / 실전성 리스크 낮음,주요 자동 리스크 낮음,"최종=0.633, 채널력=0.847, 성장성=0.442, 팬밀도=0.592, 라이브=0.420, 실전성=1.000, 운영제외리스크=0.000, 검증필요리스크=0.000",순위 8단계 하락 / 최종점수 -0.001 / 성장성 +0.000 / shortlist 신규 선정
448,282,UCbCQlr9oa98vtOxE7gsZlDQ,플레이우람,게임 실황형,로블록스,139000.0,239310.4,0.0189673082092522,0.6330946010904964,0.9167116630669544,0.590378793482484,0.3320734341252699,0.4203721168874098,1.0,검증필요,True,점수상위검증형,최종점수 상위 20% / 성장성 상위권 / 실전성 리스크 낮음 / 성장성 신뢰도 양호,주요 자동 리스크 낮음,"최종=0.633, 채널력=0.917, 성장성=0.590, 팬밀도=0.332, 라이브=0.420, 실전성=1.000, 운영제외리스크=0.000, 검증필요리스크=0.000",순위 5단계 하락 / 최종점수 -0.001 / 성장성 +0.000 / shortlist 신규 선정
449,284,UC1buyG2FW9muxjQqLibkEQg,김모닥ASMR,음악·보이스형,ASMR,4150.0,192.9,0.0351750149924353,0.6329450693185537,0.4213012958963282,0.5706488773241524,0.6349892008639308,0.7385298292035597,1.0,검증필요,True,점수상위검증형,최종점수 상위 20% / 성장성 상위권 / 라이브친화도 상위권 / 실전성 리스크 낮음 / 성장성 신뢰도 양호,주요 자동 리스크 낮음,"최종=0.633, 채널력=0.421, 성장성=0.571, 팬밀도=0.635, 라이브=0.739, 실전성=1.000, 운영제외리스크=0.000, 검증필요리스크=0.000",순위 12단계 하락 / 최종점수 -0.002 / 성장성 +0.000 / shortlist 신규 선정
450,286,UCzm6YktXB86ZykTr0qqHN-A,아샤_누아르,버츄얼 퍼포먼스형,버튜버,1610.0,7764.2,0.0393402569416016,0.6326409609673229,0.4166036717062635,0.5018051772774904,0.6949244060475162,0.8514942281586271,0.99104,검증필요,True,점수상위검증형,최종점수 상위 20% / 라이브친화도 상위권 / 성장성 신뢰도 양호,주요 자동 리스크 낮음,"최종=0.633, 채널력=0.417, 성장성=0.502, 팬밀도=0.695, 라이브=0.851, 실전성=0.991, 운영제외리스크=0.000, 검증필요리스크=0.112",순위 9단계 상승 / 최종점수 +0.001 / 성장성 +0.000 / shortlist 신규 선정
451,287,UCFQ_1q1xTuE7WRB1BcDTddQ,선우현 SUN WOOHYUN,,서브컬쳐게임,3820.0,6105.4,0.0771254803966421,0.6326365052975198,0.4795761339092872,0.5016974439595883,0.9173866090712745,0.4203721168874098,0.99272,검증필요,True,점수상위검증형,최종점수 상위 20% / 팬밀도 상위권,상위 세그먼트 불명확,"최종=0.633, 채널력=0.480, 성장성=0.502, 팬밀도=0.917, 라이브=0.420, 실전성=0.993, 운영제외리스크=0.000, 검증필요리스크=0.091",순위 3단계 하락 / 최종점수 -0.000 / 성장성 +0.000 / shortlist 신규 선정
452,288,UCbQJzZ5xE59bRGLkDWYUfYA,HEXIA,,서브컬쳐게임,8220.0,5564.7,0.0687703608424254,0.6325718917424575,0.3965577753779697,0.5307553683965384,0.8903887688984882,0.8135956590040405,0.95256,검증필요,True,점수상위검증형,최종점수 상위 20% / 팬밀도 상위권 / 라이브친화도 상위권,한국 타깃 적합성 낮음 / 상위 세그먼트 불명확,"최종=0.633, 채널력=0.397, 성장성=0.531, 팬밀도=0.890, 라이브=0.814, 실전성=0.953, 운영제외리스크=0.120, 검증필요리스크=0.293",순위 3단계 하락 / 최종점수 -0.000 / 성장성 +0.000 / shortlist 신규 선정
453,290,UCFx-7dIGXBOdHj287BFi34Q,엔써입니닷,창작·비주얼형,코스프레,1490.0,18778.7,0.0583244850722521,0.6318098533958888,0.593817494600432,0.4385750432309928,0.8423326133909287,0.4203721168874098,1.0,검증필요,True,점수상위검증형,최종점수 상위 20% / 팬밀도 상위권 / 실전성 리스크 낮음 / 성장성 신뢰도 양호,주요 자동 리스크 낮음,"최종=0.632, 채널력=0.594, 성장성=0.439, 팬밀도=0.842, 라이브=0.420, 실전성=1.000, 운영제외리스크=0.000, 검증필요리스크=0.000",순위 2단계 하락 / 최종점수 -0.001 / 성장성 +0.000 / shortlist 신규 선정
454,291,UCEWL4bxxTiPkDek36RV1_Vw,후니스토리 (Hoony_story),음악·보이스형,애니송커버,10200.0,14375.4,0.1042117598074851,0.6314968983801731,0.4414011879049676,0.5361976259810981,0.961123110151188,0.4203721168874098,0.98208,검증필요,True,점수상위검증형,최종점수 상위 20% / 팬밀도 상위권 / 성장성 신뢰도 양호,수집 영상 수 부족,"최종=0.631, 채널력=0.441, 성장성=0.536, 팬밀도=0.961, 라이브=0.420, 실전성=0.982, 운영제외리스크=0.000, 검증필요리스크=0.224",순위 3단계 상승 / 최종점수 -0.000 / 성장성 +0.001 / shortlist 신규 선정
455,292,UCgjaQlejpAnIu0q-xtVfTEw,밍모,버츄얼 퍼포먼스형,버튜버,1060000.0,134281.1,0.0153851721192271,0.6313399810460246,0.8523218142548596,0.5781771074242422,0.2462203023758099,0.738474168723263,0.9,검증필요,True,점수상위검증형,최종점수 상위 20% / 성장성 상위권 / 라이브친화도 상위권 / 성장성 신뢰도 양호,주요 자동 리스크 낮음,"최종=0.631, 채널력=0.852, 성장성=0.578, 팬밀도=0.246, 라이브=0.738, 실전성=0.900, 운영제외리스크=0.000, 검증필요리스크=0.000",순위 7단계 상승 / 최종점수 +0.000 / 성장성 -0.000 / shortlist 신규 선정
456,293,UCnKsGVgol9KUL00MO-wo0gw,푸쿠푸쿠푸,음악·보이스형,ASMR보이스,19900.0,26090.6,0.0215530151899183,0.6312654364054329,0.7311015118790497,0.5202396331216046,0.3817494600431965,0.738474168723263,1.0,검증필요,True,점수상위검증형,최종점수 상위 20% / 라이브친화도 상위권 / 실전성 리스크 낮음 / 성장성 신뢰도 양호,주요 자동 리스크 낮음,"최종=0.631, 채널력=0.731, 성장성=0.520, 팬밀도=0.382, 라이브=0.738, 실전성=1.000, 운영제외리스크=0.000, 검증필요리스크=0.000",순위 285단계 상승 / 최종점수 +0.040 / 성장성 +0.000 / 버킷 변경: 보류 → 검증필요 / shortlist 신규 선정
457,295,UCSUxlr87tWOFtviPtCbHHvg,시롤,게임 실황형,명일방주,4620.0,928.5,0.033864707512542,0.6309545337236802,0.4136879049676025,0.6027148704145507,0.6096112311015118,0.7137904004826716,1.0,검증필요,True,점수상위검증형,최종점수 상위 20% / 성장성 상위권 / 라이브친화도 상위권 / 실전성 리스크 낮음 / 성장성 신뢰도 양호,주요 자동 리스크 낮음,"최종=0.631, 채널력=0.414, 성장성=0.603, 팬밀도=0.610, 라이브=0.714, 실전성=1.000, 운영제외리스크=0.000, 검증필요리스크=0.000",순위 80단계 상승 / 최종점수 +0.014 / 성장성 +0.000 / shortlist 신규 선정
458,297,UCk5Hy3Ge_ZQ12EqF1jFrZ6g,만디 MANDII,버츄얼 퍼포먼스형,버튜버,72800.0,17199.3,0.0361134370468134,0.6304366899354773,0.731182505399568,0.4776233718165337,0.6490280777537797,0.4203721168874098,1.0,검증필요,True,점수상위검증형,최종점수 상위 20% / 실전성 리스크 낮음 / 성장성 신뢰도 양호,주요 자동 리스크 낮음,"최종=0.630, 채널력=0.731, 성장성=0.478, 팬밀도=0.649, 라이브=0.420, 실전성=1.000, 운영제외리스크=0.000, 검증필요리스크=0.000",순위 16단계 하락 / 최종점수 -0.003 / 성장성 +0.000 / shortlist 신규 선정
459,298,UCkLkQPqe0JVEeo8joSdqDEg,성우지망생 open,음악·보이스형,커버,1640.0,5926.0,0.0581270591663295,0.6300428375827564,0.573285637149028,0.4492449497299107,0.8412526997840173,0.4203721168874098,1.0,검증필요,True,점수상위검증형,최종점수 상위 20% / 팬밀도 상위권 / 실전성 리스크 낮음 / 성장성 신뢰도 양호,주요 자동 리스크 낮음,"최종=0.630, 채널력=0.573, 성장성=0.449, 팬밀도=0.841, 라이브=0.420, 실전성=1.000, 운영제외리스크=0.000, 검증필요리스크=0.000",순위 5단계 상승 / 최종점수 -0.000 / 성장성 +0.000 / shortlist 신규 선정
460,302,UCj_I95b86vCanXFLfRXxmEw,Dancer Girl Model,창작·비주얼형,코스프레,1300.0,1501.4,0.1078452239895733,0.6294626608058276,0.3065739740820734,0.6163747941027579,0.964902807775378,0.5333921763227738,0.9688,검증필요,True,점수상위검증형,최종점수 상위 20% / 성장성 상위권 / 팬밀도 상위권 / 성장성 신뢰도 양호,한국 타깃 적합성 낮음,"최종=0.629, 채널력=0.307, 성장성=0.616, 팬밀도=0.965, 라이브=0.533, 실전성=0.969, 운영제외리스크=0.120, 검증필요리스크=0.090",순위 10단계 상승 / 최종점수 +0.001 / 성장성 -0.000 / shortlist 신규 선정
461,303,UCeWXsngilephkNmGWxCkBEw,키득가득,창작·비주얼형,코스프레,576000.0,276713.4,0.0294526325700232,0.6293992180590925,0.868952483801296,0.5054342366825764,0.5302375809935205,0.4203721168874098,0.9,검증필요,True,점수상위검증형,최종점수 상위 20% / 성장성 신뢰도 양호,주요 자동 리스크 낮음,"최종=0.629, 채널력=0.869, 성장성=0.505, 팬밀도=0.530, 라이브=0.420, 실전성=0.900, 운영제외리스크=0.000, 검증필요리스크=0.000",순위 13단계 상승 / 최종점수 +0.002 / 성장성 +0.001 / shortlist 신규 선정
462,304,UC5BqHBXULXfGcA7DxD2_Osw,구자구자민,,서브컬쳐게임,6000.0,25419.5,0.0370095321127694,0.629352032364207,0.6856371490280777,0.5300059446682909,0.6603671706263499,0.4203721168874098,0.99272,검증필요,True,점수상위검증형,최종점수 상위 20% / 성장성 신뢰도 양호,상위 세그먼트 불명확,"최종=0.629, 채널력=0.686, 성장성=0.530, 팬밀도=0.660, 라이브=0.420, 실전성=0.993, 운영제외리스크=0.000, 검증필요리스크=0.091",순위 4단계 상승 / 최종점수 +0.001 / 성장성 +0.001 / shortlist 신규 선정
463,305,UCTcfeDdlXqaACHUmB1PI5DQ,리드봇,음악·보이스형,애니송커버,3570.0,14346.7,0.037146951895121,0.628956070949215,0.624379049676026,0.5443733981152108,0.6641468682505399,0.4203721168874098,1.0,검증필요,True,점수상위검증형,최종점수 상위 20% / 실전성 리스크 낮음 / 성장성 신뢰도 양호,주요 자동 리스크 낮음,"최종=0.629, 채널력=0.624, 성장성=0.544, 팬밀도=0.664, 라이브=0.420, 실전성=1.000, 운영제외리스크=0.000, 검증필요리스크=0.000",순위 4단계 하락 / 최종점수 -0.001 / 성장성 +0.004 / shortlist 신규 선정
464,306,UCDolfJ-ZFgv8LF1eKwxVpmQ,그랩더기타 Electric,,음악기타,33700.0,23456.8,0.0254931917765909,0.628708510741903,0.8379589632829374,0.5658478876555885,0.4595032397408207,0.4203721168874098,0.99272,검증필요,True,점수상위검증형,최종점수 상위 20% / 성장성 상위권 / 성장성 신뢰도 양호,상위 세그먼트 불명확,"최종=0.629, 채널력=0.838, 성장성=0.566, 팬밀도=0.460, 라이브=0.420, 실전성=0.993, 운영제외리스크=0.000, 검증필요리스크=0.091",순위 8단계 하락 / 최종점수 -0.002 / 성장성 +0.000 / shortlist 신규 선정
465,307,UC06uJrLAp-qtEt-4N0RD3RA,그린비,음악·보이스형,애니송커버,1190.0,4385.8,0.0807932110526272,0.6285491699803767,0.460340172786177,0.4643487517979311,0.9281857451403888,0.4203721168874098,1.0,검증필요,True,점수상위검증형,최종점수 상위 20% / 팬밀도 상위권 / 실전성 리스크 낮음 / 성장성 신뢰도 양호,주요 자동 리스크 낮음,"최종=0.629, 채널력=0.460, 성장성=0.464, 팬밀도=0.928, 라이브=0.420, 실전성=1.000, 운영제외리스크=0.000, 검증필요리스크=0.000",순위 20단계 하락 / 최종점수 -0.004 / 성장성 -0.001 / shortlist 신규 선정
466,308,UC26Tg4U56GfLN2cnswVjGjA,데스해머쵸로키,버츄얼 퍼포먼스형,버튜버,26400.0,32590.1,0.050752093723514,0.6283356385564836,0.6377429805615551,0.4681181698073218,0.791036717062635,0.4203721168874098,0.99104,검증필요,True,점수상위검증형,최종점수 상위 20% / 성장성 신뢰도 양호,주요 자동 리스크 낮음,"최종=0.628, 채널력=0.638, 성장성=0.468, 팬밀도=0.791, 라이브=0.420, 실전성=0.991, 운영제외리스크=0.000, 검증필요리스크=0.112",순위 1단계 하락 / 최종점수 -0.000 / 성장성 +0.000 / shortlist 신규 선정
467,309,UCuSIjVPnbZLGUahBI9dx0mg,디짐,음악·보이스형,애니송커버,11800.0,624.0,0.1191736851615576,0.6280516632176341,0.4286987041036716,0.4530687021901722,0.9719222462203024,0.4203721168874098,1.0,검증필요,True,점수상위검증형,최종점수 상위 20% / 팬밀도 상위권 / 실전성 리스크 낮음 / 성장성 신뢰도 양호,주요 자동 리스크 낮음,"최종=0.628, 채널력=0.429, 성장성=0.453, 팬밀도=0.972, 라이브=0.420, 실전성=1.000, 운영제외리스크=0.000, 검증필요리스크=0.000",순위 2단계 상승 / 최종점수 -0.000 / 성장성 +0.000 / shortlist 신규 선정
468,310,UCEq_p71BgIX470O_Uf9G5_g,あいに,창작·비주얼형,일러스트리깅,1340.0,236.8,0.0842055162635016,0.6274402032048307,0.2955453563714902,0.4850025761031012,0.9357451403887688,0.8532824840580361,0.96464,검증필요,True,점수상위검증형,최종점수 상위 20% / 팬밀도 상위권 / 라이브친화도 상위권,한국 타깃 적합성 낮음,"최종=0.627, 채널력=0.296, 성장성=0.485, 팬밀도=0.936, 라이브=0.853, 실전성=0.965, 운영제외리스크=0.136, 검증필요리스크=0.102",최종점수 -0.001 / 성장성 +0.000 / shortlist 신규 선정
469,312,UCXOLqHsi_mxJdTIqU7B6OmQ,천양 ChunYang,,서브컬쳐게임,163000.0,6901.8,0.0497180524594018,0.6268978760346973,0.6681695464362851,0.4386604927972398,0.7829373650107991,0.4203721168874098,0.99272,검증필요,True,점수상위검증형,최종점수 상위 20%,상위 세그먼트 불명확,"최종=0.627, 채널력=0.668, 성장성=0.439, 팬밀도=0.783, 라이브=0.420, 실전성=0.993, 운영제외리스크=0.000, 검증필요리스크=0.091",순위 2단계 상승 / 최종점수 -0.001 / 성장성 -0.000 / shortlist 신규 선정
470,313,UCpxwnDg6T0nByL-tIA0EUsQ,레모치,창작·비주얼형,일러스트리깅,2910.0,76.1,0.0864674742818346,0.6268959183585312,0.0985016198704103,0.5,0.9406047516198704,0.990280777537797,0.98208,검증필요,True,점수상위검증형,최종점수 상위 20% / 팬밀도 상위권 / 라이브친화도 상위권 / 성장성 신뢰도 양호,수집 영상 수 부족,"최종=0.627, 채널력=0.099, 성장성=0.500, 팬밀도=0.941, 라이브=0.990, 실전성=0.982, 운영제외리스크=0.000, 검증필요리스크=0.224",순위 275단계 하락 / 최종점수 -0.086 / 버킷 변경: 즉시검토 → 검증필요 / shortlist 신규 선정
471,314,UCm49yGxiVBxaP1YB5l5UaOQ,와그작,음악·보이스형,성우더빙,16300.0,15264.9,0.0370410103422962,0.6268681011464279,0.6901187904967603,0.4878092202481138,0.6609071274298056,0.4203721168874098,1.0,검증필요,True,점수상위검증형,최종점수 상위 20% / 실전성 리스크 낮음,주요 자동 리스크 낮음,"최종=0.627, 채널력=0.690, 성장성=0.488, 팬밀도=0.661, 라이브=0.420, 실전성=1.000, 운영제외리스크=0.000, 검증필요리스크=0.000",순위 3단계 상승 / 최종점수 -0.000 / 성장성 -0.000 / shortlist 신규 선정
472,315,UCxBWCgdIk9VQAfUc5pINioA,아로치카 arochika,음악·보이스형,보컬로이드JPOP커버,356000.0,155912.1,0.0264317203368588,0.6266764426269518,0.8505669546436286,0.5504597301639002,0.4789416846652268,0.4203721168874098,0.9,검증필요,True,점수상위검증형,최종점수 상위 20% / 성장성 신뢰도 양호,주요 자동 리스크 낮음,"최종=0.627, 채널력=0.851, 성장성=0.550, 팬밀도=0.479, 라이브=0.420, 실전성=0.900, 운영제외리스크=0.000, 검증필요리스크=0.000",순위 9단계 하락 / 최종점수 -0.002 / 성장성 -0.001 / shortlist 신규 선정
473,316,UCX1sPxHo0ek2Tq56U08lJDA,까룽 Karung / KR VTUBER Ch.,게임 실황형,명일방주,1170.0,102.6,0.0660091923847292,0.6266698687817034,0.0887284017278617,0.5860587058631442,0.8785097192224622,0.8660389635396776,0.99104,검증필요,True,점수상위검증형,최종점수 상위 20% / 성장성 상위권 / 팬밀도 상위권 / 라이브친화도 상위권 / 성장성 신뢰도 양호,주요 자동 리스크 낮음,"최종=0.627, 채널력=0.089, 성장성=0.586, 팬밀도=0.879, 라이브=0.866, 실전성=0.991, 운영제외리스크=0.000, 검증필요리스크=0.112",순위 3단계 하락 / 최종점수 -0.002 / 성장성 +0.000 / shortlist 신규 선정
474,317,UC4RqkMZg4xRy0gWizubvPLw,블레어 로즈 Blaire Rose,버츄얼 퍼포먼스형,버튜버,15400.0,24113.5,0.0440920925490955,0.6265009676310087,0.639457343412527,0.4669082034505279,0.7365010799136069,0.4203721168874098,1.0,검증필요,True,점수상위검증형,최종점수 상위 20% / 실전성 리스크 낮음,주요 자동 리스크 낮음,"최종=0.627, 채널력=0.639, 성장성=0.467, 팬밀도=0.737, 라이브=0.420, 실전성=1.000, 운영제외리스크=0.000, 검증필요리스크=0.000",순위 2단계 하락 / 최종점수 -0.001 / 성장성 +0.000 / shortlist 신규 선정
475,320,UCJlxs_b9JGhP4IH-YXChLpA,공삼이,음악·보이스형,보컬로이드JPOP커버,11900.0,29946.8,0.0442568307279694,0.6261910392205838,0.6075593952483802,0.5261754862796955,0.7375809935205183,0.4203721168874098,0.99104,검증필요,True,점수상위검증형,최종점수 상위 20% / 성장성 신뢰도 양호,주요 자동 리스크 낮음,"최종=0.626, 채널력=0.608, 성장성=0.526, 팬밀도=0.738, 라이브=0.420, 실전성=0.991, 운영제외리스크=0.000, 검증필요리스크=0.112",순위 1단계 하락 / 최종점수 -0.000 / 성장성 +0.000 / shortlist 신규 선정
476,321,UCDDpK1E7ua8fg-Nl6XwPUPQ,홈도리,창작·비주얼형,코스프레,28800.0,25258.4,0.0366362362701573,0.6257119316313002,0.8189119870410366,0.3854551513997334,0.6571274298056156,0.4203721168874098,1.0,검증필요,True,점수상위검증형,최종점수 상위 20% / 실전성 리스크 낮음 / 성장성 신뢰도 양호,주요 자동 리스크 낮음,"최종=0.626, 채널력=0.819, 성장성=0.385, 팬밀도=0.657, 라이브=0.420, 실전성=1.000, 운영제외리스크=0.000, 검증필요리스크=0.000",순위 217단계 상승 / 최종점수 +0.029 / 성장성 -0.000 / 버킷 변경: 보류 → 검증필요 / shortlist 신규 선정
477,324,UCeaB7s_kJoj_lWwKLApEHig,킹덤러너,,서브컬쳐게임,93400.0,13283.5,0.032599945007922,0.6251166966555324,0.7146868250539957,0.5472077308984945,0.5901727861771058,0.4203721168874098,0.99272,검증필요,True,점수상위검증형,최종점수 상위 20% / 성장성 신뢰도 양호,상위 세그먼트 불명확,"최종=0.625, 채널력=0.715, 성장성=0.547, 팬밀도=0.590, 라이브=0.420, 실전성=0.993, 운영제외리스크=0.000, 검증필요리스크=0.091",순위 473단계 상승 / 최종점수 +0.059 / 성장성 -0.000 / 버킷 변경: 보류 → 검증필요 / shortlist 신규 선정
478,325,UCtyDaj-Cime9qDkQ2zdqrjw,Coloso - 콜로소,창작·비주얼형,일러스트리깅,51000.0,130.7,0.0566940617911028,0.6247012990548739,0.432694384449244,0.546996358720889,0.8331533477321814,0.4203721168874098,1.0,검증필요,True,점수상위검증형,최종점수 상위 20% / 팬밀도 상위권 / 실전성 리스크 낮음 / 성장성 신뢰도 양호,주요 자동 리스크 낮음,"최종=0.625, 채널력=0.433, 성장성=0.547, 팬밀도=0.833, 라이브=0.420, 실전성=1.000, 운영제외리스크=0.000, 검증필요리스크=0.000",순위 113단계 상승 / 최종점수 +0.017 / 성장성 +0.000 / shortlist 신규 선정
479,328,UCPKX_gPYPpYsIIEHdfR1BZw,TobBab 톱밥,게임 실황형,명일방주,20600.0,2686.8,0.0382524713273667,0.6243308051867988,0.5546976241900647,0.5719979889205283,0.677645788336933,0.4203721168874098,1.0,검증필요,True,점수상위검증형,최종점수 상위 20% / 성장성 상위권 / 실전성 리스크 낮음 / 성장성 신뢰도 양호,주요 자동 리스크 낮음,"최종=0.624, 채널력=0.555, 성장성=0.572, 팬밀도=0.678, 라이브=0.420, 실전성=1.000, 운영제외리스크=0.000, 검증필요리스크=0.000",순위 38단계 하락 / 최종점수 -0.008 / 성장성 +0.001 / shortlist 신규 선정
480,330,UCR2F-Yc7L7c4W7xR5U4zsLg,PROPIC,창작·비주얼형,일러스트리깅,69500.0,7771.4,0.0610927173934736,0.6241366796057933,0.6652267818574514,0.4988086203305434,0.8547516198704104,0.4203721168874098,0.95984,검증필요,True,점수상위검증형,최종점수 상위 20% / 팬밀도 상위권,한국 타깃 적합성 낮음,"최종=0.624, 채널력=0.665, 성장성=0.499, 팬밀도=0.855, 라이브=0.420, 실전성=0.960, 운영제외리스크=0.120, 검증필요리스크=0.202",순위 1단계 하락 / 최종점수 -0.000 / 성장성 +0.000 / shortlist 신규 선정
481,331,UCqxQTogUVaVb61zBllz1Jrw,유윤주 YUYUNJU,음악·보이스형,보컬로이드JPOP커버,2370.0,660.8,0.080910076875957,0.6241245938758654,0.3626619870410367,0.524869588450286,0.9287257019438444,0.4203721168874098,1.0,검증필요,True,점수상위검증형,최종점수 상위 20% / 팬밀도 상위권 / 실전성 리스크 낮음 / 성장성 신뢰도 양호,주요 자동 리스크 낮음,"최종=0.624, 채널력=0.363, 성장성=0.525, 팬밀도=0.929, 라이브=0.420, 실전성=1.000, 운영제외리스크=0.000, 검증필요리스크=0.000",순위 4단계 하락 / 최종점수 -0.000 / 성장성 -0.003 / shortlist 신규 선정
482,334,UC2KFBTZ9d-mOa0zCytAZRMw,Trollya 트롤야,창작·비주얼형,코스프레,280000.0,175221.3,0.0273650185660486,0.6235805808086022,0.9165226781857452,0.4301216090446793,0.4929805615550756,0.4203721168874098,1.0,검증필요,True,점수상위검증형,최종점수 상위 20% / 실전성 리스크 낮음 / 성장성 신뢰도 양호,주요 자동 리스크 낮음,"최종=0.624, 채널력=0.917, 성장성=0.430, 팬밀도=0.493, 라이브=0.420, 실전성=1.000, 운영제외리스크=0.000, 검증필요리스크=0.000",순위 92단계 상승 / 최종점수 +0.014 / 성장성 -0.000 / shortlist 신규 선정
483,336,UC8vRXCc8WyRfJijmMrbEgMQ,미니멜로,버츄얼 퍼포먼스형,버튜버,16100.0,5470.5,0.0454218627779494,0.6234224757817954,0.6032667386609071,0.4745912740600177,0.7489200863930886,0.4203721168874098,1.0,검증필요,True,점수상위검증형,최종점수 상위 20% / 실전성 리스크 낮음 / 성장성 신뢰도 양호,주요 자동 리스크 낮음,"최종=0.623, 채널력=0.603, 성장성=0.475, 팬밀도=0.749, 라이브=0.420, 실전성=1.000, 운영제외리스크=0.000, 검증필요리스크=0.000",순위 10단계 하락 / 최종점수 -0.001 / 성장성 -0.000 / shortlist 신규 선정
484,338,UCPz1qEgzvz1lzR2lt8yJKQA,나힝구 HINGGU,게임 실황형,원신,24000.0,10640.3,0.0357095710712415,0.6232605548018335,0.6726781857451404,0.5017802634635786,0.6441684665226782,0.4203721168874098,1.0,검증필요,True,점수상위검증형,최종점수 상위 20% / 실전성 리스크 낮음 / 성장성 신뢰도 양호,주요 자동 리스크 낮음,"최종=0.623, 채널력=0.673, 성장성=0.502, 팬밀도=0.644, 라이브=0.420, 실전성=1.000, 운영제외리스크=0.000, 검증필요리스크=0.000",순위 1단계 상승 / 최종점수 -0.000 / 성장성 +0.000 / shortlist 신규 선정
485,341,UCTcM3GwacInqPCBscKqWggw,밥먹는위츄,음악·보이스형,보컬로이드JPOP커버,1770.0,16100.0,0.0480738340009322,0.6227715366579001,0.5958963282937364,0.4606632054518449,0.7710583153347732,0.4203721168874098,1.0,검증필요,True,점수상위검증형,최종점수 상위 20% / 실전성 리스크 낮음 / 성장성 신뢰도 양호,주요 자동 리스크 낮음,"최종=0.623, 채널력=0.596, 성장성=0.461, 팬밀도=0.771, 라이브=0.420, 실전성=1.000, 운영제외리스크=0.000, 검증필요리스크=0.000",순위 4단계 하락 / 최종점수 -0.001 / 성장성 +0.001 / shortlist 신규 선정
486,343,UCCIBHeZ0QmSRkLSuQKbwyOA,이든아람ID-Aram,음악·보이스형,보컬로이드JPOP커버,1370.0,276.0,0.0963352435488493,0.6225367887762747,0.3005129589632829,0.548514653545083,0.9535637149028078,0.4203721168874098,1.0,검증필요,True,점수상위검증형,최종점수 상위 20% / 팬밀도 상위권 / 실전성 리스크 낮음 / 성장성 신뢰도 양호,주요 자동 리스크 낮음,"최종=0.623, 채널력=0.301, 성장성=0.549, 팬밀도=0.954, 라이브=0.420, 실전성=1.000, 운영제외리스크=0.000, 검증필요리스크=0.000",순위 7단계 하락 / 최종점수 -0.001 / 성장성 +0.000 / shortlist 신규 선정
487,344,UCKUUL3fMVvYVZdGkKhhjP0A,주톨: 주전자 스토리,게임 실황형,로블록스,107000.0,65480.9,0.018682579779629,0.6225070194045113,0.9027942764578832,0.511577943548855,0.3255939524838013,0.5267985656244083,1.0,검증필요,True,점수상위검증형,최종점수 상위 20% / 실전성 리스크 낮음 / 성장성 신뢰도 양호,주요 자동 리스크 낮음,"최종=0.623, 채널력=0.903, 성장성=0.512, 팬밀도=0.326, 라이브=0.527, 실전성=1.000, 운영제외리스크=0.000, 검증필요리스크=0.000",순위 11단계 하락 / 최종점수 -0.001 / 성장성 +0.001 / shortlist 신규 선정
488,345,UCkuCYW0YqNpyOCwfInMOBdA,낄넷오,창작·비주얼형,코스프레,1370.0,574.1,0.1037300297713368,0.6223832268161626,0.3231101511879049,0.5246960081614682,0.960583153347732,0.4203721168874098,1.0,검증필요,True,점수상위검증형,최종점수 상위 20% / 팬밀도 상위권 / 실전성 리스크 낮음,주요 자동 리스크 낮음,"최종=0.622, 채널력=0.323, 성장성=0.525, 팬밀도=0.961, 라이브=0.420, 실전성=1.000, 운영제외리스크=0.000, 검증필요리스크=0.000",순위 5단계 하락 / 최종점수 -0.000 / 성장성 +0.000 / shortlist 신규 선정
489,349,UCdRDEMsLzDgoXY0AdQ1yN8g,새라새라 게임채널,음악·보이스형,성우더빙,232000.0,1820.1,0.0634641805611582,0.6217472573894605,0.5662796976241901,0.4068797180923297,0.8644708423326134,0.4203721168874098,1.0,검증필요,True,점수상위검증형,최종점수 상위 20% / 팬밀도 상위권 / 실전성 리스크 낮음 / 성장성 신뢰도 양호,주요 자동 리스크 낮음,"최종=0.622, 채널력=0.566, 성장성=0.407, 팬밀도=0.864, 라이브=0.420, 실전성=1.000, 운영제외리스크=0.000, 검증필요리스크=0.000",순위 53단계 상승 / 최종점수 +0.008 / 성장성 +0.001 / shortlist 신규 선정
490,351,UC45KACI1fa73JD9wIqtUgTQ,컷플로우(Cut Flow),음악·보이스형,성우더빙,1560.0,23408.6,0.0556198093485129,0.6216185459737495,0.4973272138228942,0.5285758690837351,0.8239740820734341,0.4203721168874098,0.99104,검증필요,True,점수상위검증형,최종점수 상위 20% / 팬밀도 상위권 / 성장성 신뢰도 양호,주요 자동 리스크 낮음,"최종=0.622, 채널력=0.497, 성장성=0.529, 팬밀도=0.824, 라이브=0.420, 실전성=0.991, 운영제외리스크=0.000, 검증필요리스크=0.112",순위 4단계 하락 / 최종점수 +0.000 / 성장성 +0.001 / shortlist 신규 선정
491,352,UC_AlLNQfh5EQWlU7gcU3Dgw,부산갈매지,버츄얼 퍼포먼스형,버튜버,10300.0,7923.5,0.0428883058367597,0.6209872324196668,0.5058585313174946,0.595559067359419,0.7273218142548596,0.4203721168874098,0.99104,검증필요,True,점수상위검증형,최종점수 상위 20% / 성장성 상위권 / 성장성 신뢰도 양호,주요 자동 리스크 낮음,"최종=0.621, 채널력=0.506, 성장성=0.596, 팬밀도=0.727, 라이브=0.420, 실전성=0.991, 운영제외리스크=0.000, 검증필요리스크=0.112",순위 18단계 하락 / 최종점수 -0.003 / 성장성 +0.001 / shortlist 신규 선정
492,353,UCeABQJ3ru_A7Mp88VQ6OCEw,영웅강토,창작·비주얼형,코스프레,2120.0,2691.3,0.0276000150671934,0.6208693460053553,0.4611501079913607,0.5348144953922314,0.4989200863930885,0.8660389635396776,1.0,검증필요,True,점수상위검증형,최종점수 상위 20% / 라이브친화도 상위권 / 실전성 리스크 낮음 / 성장성 신뢰도 양호,주요 자동 리스크 낮음,"최종=0.621, 채널력=0.461, 성장성=0.535, 팬밀도=0.499, 라이브=0.866, 실전성=1.000, 운영제외리스크=0.000, 검증필요리스크=0.000",순위 128단계 하락 / 최종점수 -0.025 / 성장성 +0.001 / shortlist 신규 선정
493,356,UCmR85IxpV09ATGFrn2fkZAw,달토끼멜라,버츄얼 퍼포먼스형,버튜버,3250.0,94.5,0.1303297191687674,0.6208325282606665,0.1069249460043196,0.5064659392691918,0.9811015118790496,0.8660389635396776,0.98208,검증필요,True,점수상위검증형,최종점수 상위 20% / 팬밀도 상위권 / 라이브친화도 상위권,수집 영상 수 부족,"최종=0.621, 채널력=0.107, 성장성=0.506, 팬밀도=0.981, 라이브=0.866, 실전성=0.982, 운영제외리스크=0.000, 검증필요리스크=0.224",순위 7단계 하락 / 최종점수 -0.000 / 성장성 -0.000 / shortlist 신규 선정
494,357,UCWQtRSnpl_MBw9OnSuYMLSA,SangDeok 상득,,커버기타,90300.0,6725.3,0.0414156915523307,0.6208217929306049,0.7552105831533477,0.39990527467633,0.7176025917926566,0.4203721168874098,0.99272,검증필요,True,점수상위검증형,최종점수 상위 20% / 성장성 신뢰도 양호,상위 세그먼트 불명확,"최종=0.621, 채널력=0.755, 성장성=0.400, 팬밀도=0.718, 라이브=0.420, 실전성=0.993, 운영제외리스크=0.000, 검증필요리스크=0.091",순위 11단계 하락 / 최종점수 -0.001 / 성장성 +0.000 / shortlist 신규 선정
495,361,UC-Xm0ieEEJZ08k_7TrQzXJg,Dasha from Russia🪆(Даша фром Раша),음악·보이스형,ASMR보이스,14100.0,39840.3,0.038826680592255,0.6198636397408208,0.6290226781857452,0.5,0.6879049676025918,0.8201943844492442,0.94208,검증필요,True,점수상위검증형,최종점수 상위 20% / 라이브친화도 상위권,한국 타깃 적합성 낮음 / 성장성 신뢰도 낮음,"최종=0.620, 채널력=0.629, 성장성=0.500, 팬밀도=0.688, 라이브=0.820, 실전성=0.942, 운영제외리스크=0.128, 검증필요리스크=0.404",순위 1단계 하락 / 최종점수 +0.000 / shortlist 신규 선정
496,362,UCpE0XP_oEADNsmF4k3cyQBg,뿡단장 김도희,게임 실황형,니케,12200.0,2727.9,0.0443220831838829,0.6198519136026686,0.3117305615550755,0.4864855756354199,0.7386609071274298,0.9519961954306656,0.98208,검증필요,True,점수상위검증형,최종점수 상위 20% / 라이브친화도 상위권 / 성장성 신뢰도 양호,수집 영상 수 부족,"최종=0.620, 채널력=0.312, 성장성=0.486, 팬밀도=0.739, 라이브=0.952, 실전성=0.982, 운영제외리스크=0.000, 검증필요리스크=0.224",순위 6단계 하락 / 최종점수 -0.000 / 성장성 +0.000 / shortlist 신규 선정
497,364,UCr7xxlqEdP4SrrYSj8QyqfQ,싱압둘의 예상보다 본격적인 지식유튜브,버츄얼 퍼포먼스형,버튜버,22900.0,11122.2,0.0354476108050314,0.6194778410531152,0.6760529157667385,0.4885887603344782,0.6403887688984882,0.4203721168874098,1.0,검증필요,True,점수상위검증형,최종점수 상위 20% / 실전성 리스크 낮음 / 성장성 신뢰도 양호,주요 자동 리스크 낮음,"최종=0.619, 채널력=0.676, 성장성=0.489, 팬밀도=0.640, 라이브=0.420, 실전성=1.000, 운영제외리스크=0.000, 검증필요리스크=0.000",순위 2단계 상승 / 최종점수 +0.001 / 성장성 +0.001 / shortlist 신규 선정
498,365,UCGOojUpn8QUVmZggtIoJu4A,포키쨩,버츄얼 퍼포먼스형,버튜버,6920.0,2878.4,0.0558970777162694,0.6194089785135897,0.520950323974082,0.4642665345106557,0.826133909287257,0.4203721168874098,1.0,검증필요,True,점수상위검증형,최종점수 상위 20% / 팬밀도 상위권 / 실전성 리스크 낮음 / 성장성 신뢰도 양호,주요 자동 리스크 낮음,"최종=0.619, 채널력=0.521, 성장성=0.464, 팬밀도=0.826, 라이브=0.420, 실전성=1.000, 운영제외리스크=0.000, 검증필요리스크=0.000",순위 6단계 하락 / 최종점수 -0.001 / 성장성 -0.000 / shortlist 신규 선정
499,367,UCqoh79Zy5BvLqUEO8nR9pcA,삐니언,음악·보이스형,보컬로이드JPOP커버,5030.0,1530.1,0.0541516961672746,0.6187038014159499,0.4592872570194384,0.5203796400628989,0.8131749460043196,0.4203721168874098,1.0,검증필요,True,점수상위검증형,최종점수 상위 20% / 팬밀도 상위권 / 실전성 리스크 낮음,주요 자동 리스크 낮음,"최종=0.619, 채널력=0.459, 성장성=0.520, 팬밀도=0.813, 라이브=0.420, 실전성=1.000, 운영제외리스크=0.000, 검증필요리스크=0.000",순위 1단계 상승 / 최종점수 -0.000 / 성장성 -0.000 / shortlist 신규 선정
500,368,UCM9XzN_3lmh2RWzZasqdrxA,겜talks,음악·보이스형,성우더빙,98200.0,10500.6,0.0395295361595674,0.6185543418896808,0.6974892008639308,0.4239013173178929,0.6970842332613391,0.4203721168874098,1.0,검증필요,True,점수상위검증형,최종점수 상위 20% / 실전성 리스크 낮음 / 성장성 신뢰도 양호,주요 자동 리스크 낮음,"최종=0.619, 채널력=0.697, 성장성=0.424, 팬밀도=0.697, 라이브=0.420, 실전성=1.000, 운영제외리스크=0.000, 검증필요리스크=0.000",순위 242단계 상승 / 최종점수 +0.031 / 성장성 -0.000 / 버킷 변경: 보류 → 검증필요 / shortlist 신규 선정
501,369,UCvumrv5uKyQhEH8x2iNGAcQ,오늘도 공학 (오공),음악·보이스형,보컬로이드JPOP커버,1420.0,3125.4,0.0785666226865766,0.6184730444750661,0.4501889848812094,0.441853795696737,0.9211663066954644,0.4203721168874098,1.0,검증필요,True,점수상위검증형,최종점수 상위 20% / 팬밀도 상위권 / 실전성 리스크 낮음,주요 자동 리스크 낮음,"최종=0.618, 채널력=0.450, 성장성=0.442, 팬밀도=0.921, 라이브=0.420, 실전성=1.000, 운영제외리스크=0.000, 검증필요리스크=0.000",순위 2단계 하락 / 최종점수 -0.000 / 성장성 +0.000 / shortlist 신규 선정
502,370,UCXzC9dyZOCF6zOQqp0lpyjw,Honeyduck허니덕,,커버기타,13700.0,464.2,0.0781017876664815,0.6184551927657835,0.486852051835853,0.4432118476760812,0.9200863930885528,0.4203721168874098,0.99272,검증필요,True,점수상위검증형,최종점수 상위 20% / 팬밀도 상위권 / 성장성 신뢰도 양호,상위 세그먼트 불명확,"최종=0.618, 채널력=0.487, 성장성=0.443, 팬밀도=0.920, 라이브=0.420, 실전성=0.993, 운영제외리스크=0.000, 검증필요리스크=0.091",순위 15단계 하락 / 최종점수 -0.002 / 성장성 +0.000 / shortlist 신규 선정
503,371,UCCs6PUrVAbCaN0xuQ35qiLQ,니니아 ninia,버츄얼 퍼포먼스형,버튜버,27000.0,15790.2,0.031459288469293,0.6183823168674644,0.7068304535637149,0.5131010428247871,0.5734341252699784,0.4203721168874098,1.0,검증필요,True,점수상위검증형,최종점수 상위 20% / 실전성 리스크 낮음,주요 자동 리스크 낮음,"최종=0.618, 채널력=0.707, 성장성=0.513, 팬밀도=0.573, 라이브=0.420, 실전성=1.000, 운영제외리스크=0.000, 검증필요리스크=0.000",순위 13단계 하락 / 최종점수 -0.002 / 성장성 -0.000 / shortlist 신규 선정
504,375,UCzoP3s16B9hP7f_qIc6DReQ,쵸쵸우,버츄얼 퍼포먼스형,버튜버,470000.0,66424.5,0.0263061933713423,0.617879529494481,0.823488120950324,0.5424396686062487,0.4762419006479482,0.4203721168874098,0.9,검증필요,True,점수상위검증형,성장성 신뢰도 양호,주요 자동 리스크 낮음,"최종=0.618, 채널력=0.823, 성장성=0.542, 팬밀도=0.476, 라이브=0.420, 실전성=0.900, 운영제외리스크=0.000, 검증필요리스크=0.000",순위 64단계 상승 / 최종점수 +0.011 / 성장성 +0.000 / shortlist 신규 선정
505,376,UCH0PwG_XtzRbJEZaiT3DyzA,Hajin Nails,음악·보이스형,ASMR보이스,8090.0,1625.0,0.1787143233870948,0.6178235253408546,0.4846382289416846,0.4746569478169162,0.9913606911447084,0.4203721168874098,0.9688,검증필요,True,점수상위검증형,팬밀도 상위권 / 성장성 신뢰도 양호,한국 타깃 적합성 낮음,"최종=0.618, 채널력=0.485, 성장성=0.475, 팬밀도=0.991, 라이브=0.420, 실전성=0.969, 운영제외리스크=0.120, 검증필요리스크=0.090",순위 3단계 상승 / 최종점수 +0.001 / 성장성 -0.000 / shortlist 신규 선정
506,377,UCD4gMauUKUFKKrv0oHQSgyw,판구리,버츄얼 퍼포먼스형,버튜버,4600.0,1362.4,0.0669436093179136,0.6177944301167313,0.4459233261339093,0.4729036379683429,0.8828293736501079,0.4203721168874098,1.0,검증필요,True,점수상위검증형,팬밀도 상위권 / 실전성 리스크 낮음 / 성장성 신뢰도 양호,주요 자동 리스크 낮음,"최종=0.618, 채널력=0.446, 성장성=0.473, 팬밀도=0.883, 라이브=0.420, 실전성=1.000, 운영제외리스크=0.000, 검증필요리스크=0.000",순위 3단계 하락 / 최종점수 +0.000 / 성장성 +0.001 / shortlist 신규 선정
507,378,UCN3c5AfpvGtsb82vJDAbc9w,갱여운,음악·보이스형,ASMR보이스,145000.0,8068.7,0.0364434492963666,0.6177198084356184,0.6799136069114471,0.4695188814244114,0.6528077753779697,0.4203721168874098,1.0,검증필요,True,점수상위검증형,실전성 리스크 낮음 / 성장성 신뢰도 양호,주요 자동 리스크 낮음,"최종=0.618, 채널력=0.680, 성장성=0.470, 팬밀도=0.653, 라이브=0.420, 실전성=1.000, 운영제외리스크=0.000, 검증필요리스크=0.000",순위 95단계 하락 / 최종점수 -0.016 / 성장성 +0.001 / shortlist 신규 선정
508,379,UCA93r5MD4i0JqurHB8FAWHg,라레서,창작·비주얼형,코스프레,2410.0,1738.3,0.0553658094777755,0.6175581466870427,0.434962203023758,0.5281882782958204,0.822354211663067,0.4203721168874098,1.0,검증필요,True,점수상위검증형,팬밀도 상위권 / 실전성 리스크 낮음 / 성장성 신뢰도 양호,주요 자동 리스크 낮음,"최종=0.618, 채널력=0.435, 성장성=0.528, 팬밀도=0.822, 라이브=0.420, 실전성=1.000, 운영제외리스크=0.000, 검증필요리스크=0.000",순위 8단계 상승 / 최종점수 +0.002 / 성장성 -0.000 / shortlist 신규 선정
509,380,UCZCQ89t8HyeLkv4nGVtPwqQ,엘리 Ellie 【에스더】,음악·보이스형,성우,26100.0,9144.9,0.0368445026361785,0.6174528714709213,0.6617170626349893,0.478196050394986,0.6587473002159827,0.4203721168874098,1.0,검증필요,True,점수상위검증형,실전성 리스크 낮음 / 성장성 신뢰도 양호,주요 자동 리스크 낮음,"최종=0.617, 채널력=0.662, 성장성=0.478, 팬밀도=0.659, 라이브=0.420, 실전성=1.000, 운영제외리스크=0.000, 검증필요리스크=0.000",순위 18단계 상승 / 최종점수 +0.003 / 성장성 +0.000 / shortlist 신규 선정
510,383,UC1txdKJc5qtfIl7WR6_1DJA,사먀,,서브컬쳐게임,13900.0,4691.7,0.0392507310047632,0.616917878477343,0.5869060475161987,0.5381418344429124,0.6922246220302376,0.4203721168874098,0.99272,검증필요,True,점수상위검증형,성장성 신뢰도 양호,상위 세그먼트 불명확,"최종=0.617, 채널력=0.587, 성장성=0.538, 팬밀도=0.692, 라이브=0.420, 실전성=0.993, 운영제외리스크=0.000, 검증필요리스크=0.091",순위 5단계 하락 / 최종점수 -0.000 / 성장성 +0.000 / shortlist 신규 선정
511,384,UC7ilNDoKW1sxHqqIJj-DgKQ,이돈호 변호사,게임 실황형,롤,173000.0,7259.9,0.0226707112034966,0.616799794113791,0.764727321814255,0.5926283258010999,0.4071274298056155,0.4203721168874098,1.0,검증필요,True,점수상위검증형,성장성 상위권 / 실전성 리스크 낮음 / 성장성 신뢰도 양호,주요 자동 리스크 낮음,"최종=0.617, 채널력=0.765, 성장성=0.593, 팬밀도=0.407, 라이브=0.420, 실전성=1.000, 운영제외리스크=0.000, 검증필요리스크=0.000",순위 2단계 상승 / 최종점수 +0.001 / 성장성 +0.000 / shortlist 신규 선정
512,386,UCir68f1DVuwXkVtRU_b9woQ,망야 MANGYA,버츄얼 퍼포먼스형,버튜버,26400.0,5001.7,0.0627396745609003,0.6165961952733228,0.3860016198704103,0.4802979503231961,0.8612311015118791,0.6531411365248283,0.98208,검증필요,True,점수상위검증형,팬밀도 상위권 / 라이브친화도 상위권 / 성장성 신뢰도 양호,수집 영상 수 부족,"최종=0.617, 채널력=0.386, 성장성=0.480, 팬밀도=0.861, 라이브=0.653, 실전성=0.982, 운영제외리스크=0.000, 검증필요리스크=0.224",순위 10단계 상승 / 최종점수 +0.002 / 성장성 +0.000 / shortlist 신규 선정
513,388,UC5YeYaQh3f8cdapz9dapIzQ,세로게임 4K,게임 실황형,니케,1870.0,538.9,0.0339818622138814,0.6164507259900994,0.340901727861771,0.521876196510224,0.6155507559395248,0.8660389635396776,1.0,검증필요,True,점수상위검증형,라이브친화도 상위권 / 실전성 리스크 낮음 / 성장성 신뢰도 양호,주요 자동 리스크 낮음,"최종=0.616, 채널력=0.341, 성장성=0.522, 팬밀도=0.616, 라이브=0.866, 실전성=1.000, 운영제외리스크=0.000, 검증필요리스크=0.000",순위 11단계 상승 / 최종점수 +0.002 / 성장성 +0.001 / shortlist 신규 선정
514,389,UCnEsfgPyuwW3l2yFx1iA2sQ,김태경,음악·보이스형,성우더빙,12200.0,937.6,0.0356239545104958,0.6163904514492857,0.5275917926565874,0.419674565348481,0.6430885529157667,0.7422126475052871,1.0,검증필요,True,점수상위검증형,라이브친화도 상위권 / 실전성 리스크 낮음 / 성장성 신뢰도 양호,주요 자동 리스크 낮음,"최종=0.616, 채널력=0.528, 성장성=0.420, 팬밀도=0.643, 라이브=0.742, 실전성=1.000, 운영제외리스크=0.000, 검증필요리스크=0.000",순위 41단계 하락 / 최종점수 -0.005 / 성장성 +0.000 / shortlist 신규 선정
515,391,UCs2yuJwlg2TsOtUeDSZF3_g,원정상,창작·비주얼형,코스프레,515000.0,18796.7,0.0211346437541466,0.6162702783247054,0.8414011879049675,0.4328138139965133,0.3736501079913606,0.738474168723263,0.9,검증필요,True,점수상위검증형,라이브친화도 상위권 / 성장성 신뢰도 양호,주요 자동 리스크 낮음,"최종=0.616, 채널력=0.841, 성장성=0.433, 팬밀도=0.374, 라이브=0.738, 실전성=0.900, 운영제외리스크=0.000, 검증필요리스크=0.000",순위 665단계 상승 / 최종점수 +0.080 / 성장성 +0.000 / 버킷 변경: 보류 → 검증필요 / shortlist 신규 선정
516,393,UCoLI3bO41BnxIEqGePfzWHA,최고다버린이,창작·비주얼형,코스프레,12700.0,4822.2,0.0154404396296205,0.6159407985741412,0.6605021598272138,0.5340773592124107,0.2494600431965442,0.9080496888629296,1.0,검증필요,True,점수상위검증형,라이브친화도 상위권 / 실전성 리스크 낮음 / 성장성 신뢰도 양호,주요 자동 리스크 낮음,"최종=0.616, 채널력=0.661, 성장성=0.534, 팬밀도=0.249, 라이브=0.908, 실전성=1.000, 운영제외리스크=0.000, 검증필요리스크=0.000",순위 3단계 하락 / 최종점수 +0.000 / 성장성 +0.001 / shortlist 신규 선정
517,394,UCkPF-ps8X46wuE5JVeHISiQ,볼따구는 귀여워,창작·비주얼형,일러스트리깅,5280.0,7922.2,0.0406845358112601,0.615886546610291,0.5931695464362852,0.5496178622171451,0.7084233261339092,0.3042874214936504,1.0,검증필요,True,점수상위검증형,실전성 리스크 낮음 / 성장성 신뢰도 양호,주요 자동 리스크 낮음,"최종=0.616, 채널력=0.593, 성장성=0.550, 팬밀도=0.708, 라이브=0.304, 실전성=1.000, 운영제외리스크=0.000, 검증필요리스크=0.000",순위 18단계 하락 / 최종점수 -0.001 / 성장성 -0.000 / shortlist 신규 선정
518,395,UClK-4_77WOTHBArekj-WRpA,아카캉,창작·비주얼형,코스프레,376000.0,68443.1,0.0234992694697503,0.6158350625600113,0.9063309935205184,0.5167148676909487,0.4168466522678186,0.4203721168874098,0.9,검증필요,True,점수상위검증형,성장성 신뢰도 양호,주요 자동 리스크 낮음,"최종=0.616, 채널력=0.906, 성장성=0.517, 팬밀도=0.417, 라이브=0.420, 실전성=0.900, 운영제외리스크=0.000, 검증필요리스크=0.000",순위 22단계 하락 / 최종점수 -0.002 / 성장성 +0.000 / shortlist 신규 선정
519,396,UCDWa2FrGfr1LUCCVN-55H6Q,유루 YURU,음악·보이스형,커버,40100.0,1537.7,0.0528649273278578,0.6155898832613044,0.5280237580993521,0.4624635331082483,0.8039956803455723,0.4203721168874098,1.0,검증필요,True,점수상위검증형,팬밀도 상위권 / 실전성 리스크 낮음 / 성장성 신뢰도 양호,주요 자동 리스크 낮음,"최종=0.616, 채널력=0.528, 성장성=0.462, 팬밀도=0.804, 라이브=0.420, 실전성=1.000, 운영제외리스크=0.000, 검증필요리스크=0.000",순위 39단계 하락 / 최종점수 -0.005 / 성장성 -0.003 / shortlist 신규 선정
520,397,UC_0f1DP-KvrWANohL2yMBuA,정새로나🍒토닥토닥🍒예수님이 좋다,창작·비주얼형,일러스트리깅,14400.0,839.6,0.2282954627266549,0.6155791967395656,0.3364200863930885,0.4993702327413473,0.9946004319654428,0.4203721168874098,0.99104,검증필요,True,점수상위검증형,팬밀도 상위권 / 성장성 신뢰도 양호,주요 자동 리스크 낮음,"최종=0.616, 채널력=0.336, 성장성=0.499, 팬밀도=0.995, 라이브=0.420, 실전성=0.991, 운영제외리스크=0.000, 검증필요리스크=0.112",순위 8단계 하락 / 최종점수 -0.000 / 성장성 +0.001 / shortlist 신규 선정
521,398,UCizFuRtdIqEZ7LM6jUuQ7eQ,진천우사랑단,게임 실황형,명일방주,14200.0,77348.2,0.0267882412040414,0.6150069985124795,0.7708693304535637,0.5198831131861108,0.4854211663066954,0.4203721168874098,1.0,검증필요,True,점수상위검증형,실전성 리스크 낮음 / 성장성 신뢰도 양호,주요 자동 리스크 낮음,"최종=0.615, 채널력=0.771, 성장성=0.520, 팬밀도=0.485, 라이브=0.420, 실전성=1.000, 운영제외리스크=0.000, 검증필요리스크=0.000",순위 21단계 하락 / 최종점수 -0.002 / 성장성 -0.000 / shortlist 신규 선정
522,401,UCVBvhSJqFGP4Eth8_5BBKBg,김크랫,게임 실황형,로블록스,16000.0,1610.3,0.0825876308881974,0.6141983415836886,0.2810070194384448,0.447029288697009,0.9325053995680346,0.7487133904473378,0.98208,검증필요,True,점수상위검증형,팬밀도 상위권 / 라이브친화도 상위권 / 성장성 신뢰도 양호,수집 영상 수 부족,"최종=0.614, 채널력=0.281, 성장성=0.447, 팬밀도=0.933, 라이브=0.749, 실전성=0.982, 운영제외리스크=0.000, 검증필요리스크=0.224",순위 425단계 상승 / 최종점수 +0.051 / 성장성 -0.000 / 버킷 변경: 보류 → 검증필요 / shortlist 신규 선정
523,402,UCbK6FQgxpjdkF8U1ANYp6rQ,시바스,,서브컬쳐게임,74200.0,9882.6,0.0318412954696772,0.6141309003038068,0.7530777537796975,0.4879904853658738,0.5772138228941684,0.4203721168874098,0.99272,검증필요,True,점수상위검증형,성장성 신뢰도 양호,상위 세그먼트 불명확,"최종=0.614, 채널력=0.753, 성장성=0.488, 팬밀도=0.577, 라이브=0.420, 실전성=0.993, 운영제외리스크=0.000, 검증필요리스크=0.091",순위 81단계 하락 / 최종점수 -0.012 / 성장성 +0.000 / shortlist 신규 선정
524,403,UCQxMfu8LfK7Rr6nSlLXSzsw,히게,버츄얼 퍼포먼스형,버튜버,9730.0,1175.3,0.0515328331045264,0.6140311313809933,0.4629589632829373,0.5126856704070448,0.7980561555075594,0.4203721168874098,1.0,검증필요,True,점수상위검증형,실전성 리스크 낮음,주요 자동 리스크 낮음,"최종=0.614, 채널력=0.463, 성장성=0.513, 팬밀도=0.798, 라이브=0.420, 실전성=1.000, 운영제외리스크=0.000, 검증필요리스크=0.000",순위 8단계 하락 / 최종점수 -0.001 / 성장성 +0.000 / shortlist 신규 선정
525,405,UC7u_9oeGLllTJhpK66KvlNA,Mo,,음악기타,12400.0,72598.6,0.0244895105334019,0.6136190172860587,0.8426700863930885,0.6446894298489243,0.4352051835853132,0.4203721168874098,0.96152,검증필요,True,점수상위검증형,성장성 상위권 / 성장성 신뢰도 양호,한국 타깃 적합성 낮음 / 상위 세그먼트 불명확,"최종=0.614, 채널력=0.843, 성장성=0.645, 팬밀도=0.435, 라이브=0.420, 실전성=0.962, 운영제외리스크=0.120, 검증필요리스크=0.181",순위 17단계 하락 / 최종점수 -0.002 / 성장성 +0.000 / shortlist 신규 선정
526,406,UChIRM-Jc3dRLI_6cB0nFMkA,렌야 베레타,음악·보이스형,보컬로이드JPOP커버,3430.0,6101.9,0.0639577683843662,0.61356910767972,0.3666171706263498,0.5677399779225525,0.8682505399568035,0.4203721168874098,0.99104,검증필요,True,점수상위검증형,성장성 상위권 / 팬밀도 상위권 / 성장성 신뢰도 양호,주요 자동 리스크 낮음,"최종=0.614, 채널력=0.367, 성장성=0.568, 팬밀도=0.868, 라이브=0.420, 실전성=0.991, 운영제외리스크=0.000, 검증필요리스크=0.112",순위 6단계 하락 / 최종점수 -0.001 / 성장성 -0.001 / shortlist 신규 선정
527,408,UCwGS2W6UD4dJJU4IK2wyxvw,남도형의 블루클럽,음악·보이스형,성우더빙,565000.0,179668.5,0.0177442153418188,0.6132358126696662,0.9548326133909288,0.4902814930814847,0.3039956803455723,0.5467651332321349,0.9,검증필요,True,점수상위검증형,뚜렷한 강점 신호 부족,주요 자동 리스크 낮음,"최종=0.613, 채널력=0.955, 성장성=0.490, 팬밀도=0.304, 라이브=0.547, 실전성=0.900, 운영제외리스크=0.000, 검증필요리스크=0.000",순위 7단계 하락 / 최종점수 -0.001 / 성장성 -0.000 / shortlist 신규 선정
528,409,UCPG0HdsSrqunVcn7o2EWTqw,김유하 왕팬 (김유하 팬계정),음악·보이스형,보컬로이드JPOP커버,3080.0,1433.7,0.0728249936004025,0.6128435253888537,0.4303455723542116,0.539936768005415,0.906047516198704,0.6166316724379732,0.772,검증필요,True,점수상위검증형,팬밀도 상위권 / 성장성 신뢰도 양호,팬/클립/아카이브 채널 의심,"최종=0.613, 채널력=0.430, 성장성=0.540, 팬밀도=0.906, 라이브=0.617, 실전성=0.772, 운영제외리스크=0.140, 검증필요리스크=0.000",최종점수 +0.000 / 성장성 -0.000 / shortlist 신규 선정
529,410,UC-OZRE6tL3on-o2ZJqRtkRQ,뮤라코 Myurako,창작·비주얼형,코스프레,13100.0,9782.4,0.046813732563894,0.6125327415409129,0.4196139308855292,0.4729968999970075,0.7602591792656588,0.738474168723263,0.98208,검증필요,True,점수상위검증형,라이브친화도 상위권,수집 영상 수 부족,"최종=0.613, 채널력=0.420, 성장성=0.473, 팬밀도=0.760, 라이브=0.738, 실전성=0.982, 운영제외리스크=0.000, 검증필요리스크=0.224",순위 4단계 하락 / 최종점수 -0.001 / 성장성 +0.000 / shortlist 신규 선정
530,412,UColWmQaXpotDmvKiAvejZxw,싯포 しっぽ,,커버기타,2780.0,2595.8,0.0468440442230278,0.612383947402343,0.5374460043196544,0.6394950303105077,0.7613390928725702,0.4203721168874098,0.95736,검증필요,True,점수상위검증형,성장성 상위권 / 성장성 신뢰도 양호,한국 타깃 적합성 낮음 / 상위 세그먼트 불명확,"최종=0.612, 채널력=0.537, 성장성=0.639, 팬밀도=0.761, 라이브=0.420, 실전성=0.957, 운영제외리스크=0.136, 검증필요리스크=0.193",순위 5단계 하락 / 최종점수 -0.001 / 성장성 -0.002 / shortlist 신규 선정
531,413,UC22uV3VJfK_Itr3dCZeDDVQ,유현,음악·보이스형,애니송커버,1510.0,30.7,0.3773152862710983,0.6123209597269645,0.281560475161987,0.4912836380419155,0.9989200863930886,0.4203721168874098,1.0,검증필요,True,점수상위검증형,팬밀도 상위권 / 실전성 리스크 낮음 / 성장성 신뢰도 양호,주요 자동 리스크 낮음,"최종=0.612, 채널력=0.282, 성장성=0.491, 팬밀도=0.999, 라이브=0.420, 실전성=1.000, 운영제외리스크=0.000, 검증필요리스크=0.000",순위 3단계 하락 / 최종점수 -0.000 / 성장성 +0.001 / shortlist 신규 선정
532,417,UCbTbuhbYPJoGCHd93di7IWQ,편집하는남자,음악·보이스형,성우더빙,62400.0,4535.9,0.0337304848953315,0.6116955233180021,0.6189254859611231,0.5319842161246864,0.6069114470842333,0.4203721168874098,1.0,검증필요,True,점수상위검증형,실전성 리스크 낮음 / 성장성 신뢰도 양호,주요 자동 리스크 낮음,"최종=0.612, 채널력=0.619, 성장성=0.532, 팬밀도=0.607, 라이브=0.420, 실전성=1.000, 운영제외리스크=0.000, 검증필요리스크=0.000",순위 185단계 상승 / 최종점수 +0.023 / 성장성 +0.001 / 버킷 변경: 보류 → 검증필요 / shortlist 신규 선정
533,419,UC7FaOtvUsrRUzlTgbbcztMg,Eson ASMR 이선,음악·보이스형,ASMR,46100.0,12338.2,0.0715191890985383,0.6114542336933044,0.4712607991360691,0.5,0.9028077753779696,0.3960583153347732,0.98208,검증필요,True,점수상위검증형,팬밀도 상위권,수집 영상 수 부족,"최종=0.611, 채널력=0.471, 성장성=0.500, 팬밀도=0.903, 라이브=0.396, 실전성=0.982, 운영제외리스크=0.000, 검증필요리스크=0.224",순위 4단계 하락 / 최종점수 +0.000 / shortlist 신규 선정
534,421,UCJo6G1u0e_-wS-JQn3T-zEw,머니코믹스 Money Comics,음악·보이스형,ASMR보이스,1360000.0,119995.8,0.0193201256312392,0.6112242635625326,0.8492440604751621,0.4676313309599559,0.33585313174946,0.6837740573621867,0.9,검증필요,True,점수상위검증형,라이브친화도 상위권 / 성장성 신뢰도 양호,주요 자동 리스크 낮음,"최종=0.611, 채널력=0.849, 성장성=0.468, 팬밀도=0.336, 라이브=0.684, 실전성=0.900, 운영제외리스크=0.000, 검증필요리스크=0.000",순위 149단계 상승 / 최종점수 +0.019 / 성장성 +0.001 / 버킷 변경: 보류 → 검증필요 / shortlist 신규 선정
535,422,UC3wA0h62pmP7wxSGRNMQTvQ,삐야기,음악·보이스형,애니송커버,748000.0,48963.8,0.0381735233425936,0.6112118153189536,0.7007019438444924,0.4955608560231788,0.6744060475161987,0.4203721168874098,0.89104,검증필요,True,점수상위검증형,성장성 신뢰도 양호,주요 자동 리스크 낮음,"최종=0.611, 채널력=0.701, 성장성=0.496, 팬밀도=0.674, 라이브=0.420, 실전성=0.891, 운영제외리스크=0.000, 검증필요리스크=0.112",순위 392단계 상승 / 최종점수 +0.047 / 성장성 +0.001 / 버킷 변경: 보류 → 검증필요 / shortlist 신규 선정
536,423,UC4VWaR3R17Ruc7j1Cy1-PKQ,게임찍먹 전문 겜노인,,서브컬쳐게임,9020.0,395.8,0.1016526346930999,0.6109748901168143,0.4012419006479481,0.4536397238989078,0.9584233261339092,0.4203721168874098,0.99272,검증필요,True,점수상위검증형,팬밀도 상위권 / 성장성 신뢰도 양호,상위 세그먼트 불명확,"최종=0.611, 채널력=0.401, 성장성=0.454, 팬밀도=0.958, 라이브=0.420, 실전성=0.993, 운영제외리스크=0.000, 검증필요리스크=0.091",순위 249단계 상승 / 최종점수 +0.031 / 성장성 +0.000 / 버킷 변경: 보류 → 검증필요 / shortlist 신규 선정
537,425,UCy709n-h1QUhEOR2hdqbYNA,단츄,음악·보이스형,커버,30000.0,41043.2,0.0275981010332517,0.6107122403644227,0.8412526997840173,0.4390614298896722,0.4983801295896328,0.4203721168874098,1.0,검증필요,True,점수상위검증형,실전성 리스크 낮음,주요 자동 리스크 낮음,"최종=0.611, 채널력=0.841, 성장성=0.439, 팬밀도=0.498, 라이브=0.420, 실전성=1.000, 운영제외리스크=0.000, 검증필요리스크=0.000",순위 21단계 하락 / 최종점수 -0.003 / 성장성 -0.000 / shortlist 신규 선정
538,426,UCGa0i7fssw6ZecR8BaulWyA,RealMouth MUKBANG,음악·보이스형,ASMR보이스,2880000.0,145442.4,0.0235176319352301,0.6105299303774299,0.8575593952483801,0.6530071139071225,0.4173866090712743,0.4203721168874098,0.8688,검증필요,True,점수상위검증형,성장성 상위권 / 성장성 신뢰도 양호,한국 타깃 적합성 낮음,"최종=0.611, 채널력=0.858, 성장성=0.653, 팬밀도=0.417, 라이브=0.420, 실전성=0.869, 운영제외리스크=0.120, 검증필요리스크=0.090",순위 42단계 하락 / 최종점수 -0.006 / 성장성 +0.001 / shortlist 신규 선정
539,427,UC-2qfXK88iD2Xzv6xVs0yrg,쭈루리,창작·비주얼형,코스프레,113000.0,9801.2,0.0473404870431675,0.6103039101860693,0.510542656587473,0.5236020849916652,0.765658747300216,0.4203721168874098,0.99104,검증필요,True,점수상위검증형,성장성 신뢰도 양호,주요 자동 리스크 낮음,"최종=0.610, 채널력=0.511, 성장성=0.524, 팬밀도=0.766, 라이브=0.420, 실전성=0.991, 운영제외리스크=0.000, 검증필요리스크=0.112",순위 39단계 상승 / 최종점수 +0.006 / 성장성 +0.000 / 버킷 변경: 보류 → 검증필요 / shortlist 신규 선정
540,428,UC2Pe_NOSIvRyg1kYDJNHfTA,온세계천국허봉랑선교사협력방송,음악·보이스형,ASMR보이스,15100.0,345.6,0.052040652044095,0.6101472186733625,0.416792656587473,0.5342395767350832,0.7991360691144709,0.4203721168874098,1.0,검증필요,True,점수상위검증형,실전성 리스크 낮음,주요 자동 리스크 낮음,"최종=0.610, 채널력=0.417, 성장성=0.534, 팬밀도=0.799, 라이브=0.420, 실전성=1.000, 운영제외리스크=0.000, 검증필요리스크=0.000",순위 349단계 하락 / 최종점수 -0.078 / 성장성 +0.000 / 버킷 변경: 즉시검토 → 검증필요 / shortlist 신규 선정
541,429,UCbYbIsGOwG9CCEbK5zUyx_A,징기스칸 Genghis Khan ジンギスカン,버츄얼 퍼포먼스형,버튜버,14000.0,1620.1,0.0941842063401137,0.6098141736529479,0.5688714902807774,0.4281819444884622,0.9497840172786176,0.4203721168874098,0.96464,검증필요,True,점수상위검증형,팬밀도 상위권 / 성장성 신뢰도 양호,한국 타깃 적합성 낮음,"최종=0.610, 채널력=0.569, 성장성=0.428, 팬밀도=0.950, 라이브=0.420, 실전성=0.965, 운영제외리스크=0.136, 검증필요리스크=0.102",순위 8단계 하락 / 최종점수 -0.001 / 성장성 -0.001 / shortlist 신규 선정
542,430,UCUC5lTC__yyekAWXws4L7Rg,건붕이,게임 실황형,명일방주,14100.0,9467.4,0.024708064080626,0.6095837383293747,0.7295221382289417,0.5694870589993049,0.4389848812095032,0.4203721168874098,1.0,검증필요,True,점수상위검증형,성장성 상위권 / 실전성 리스크 낮음 / 성장성 신뢰도 양호,주요 자동 리스크 낮음,"최종=0.610, 채널력=0.730, 성장성=0.569, 팬밀도=0.439, 라이브=0.420, 실전성=1.000, 운영제외리스크=0.000, 검증필요리스크=0.000",순위 80단계 하락 / 최종점수 -0.011 / 성장성 +0.000 / shortlist 신규 선정
543,431,UCss96PGc_5XcqHwEznoUHzw,아연화_あえんかちゃんCh.,버츄얼 퍼포먼스형,버튜버,3170.0,92.6,0.104354199218322,0.6094444542477281,0.2556290496760258,0.487752691290246,0.9622030237580994,0.8660389635396776,0.94896,검증필요,True,점수상위검증형,팬밀도 상위권 / 라이브친화도 상위권,한국 타깃 적합성 낮음 / 성장성 신뢰도 낮음,"최종=0.609, 채널력=0.256, 성장성=0.488, 팬밀도=0.962, 라이브=0.866, 실전성=0.949, 운영제외리스크=0.136, 검증필요리스크=0.298",순위 7단계 하락 / 최종점수 -0.000 / 성장성 +0.000 / shortlist 신규 선정
544,432,UC3MzKO2JkHd9ZTMOSZALh0Q,지구의 가사집 [J-POP],음악·보이스형,커버,43100.0,1151.9,0.0553573010078305,0.6091255910910186,0.5695464362850972,0.554608648235969,0.8218142548596112,0.4203721168874098,0.956,검증필요,True,점수상위검증형,팬밀도 상위권 / 성장성 신뢰도 양호,리믹스/쇼츠/플레이리스트/재업로드성 채널 의심,"최종=0.609, 채널력=0.570, 성장성=0.555, 팬밀도=0.822, 라이브=0.420, 실전성=0.956, 운영제외리스크=0.220, 검증필요리스크=0.000",순위 24단계 하락 / 최종점수 -0.004 / 성장성 +0.000 / shortlist 신규 선정
545,434,UCloojcVpPkblPFyvCffOjDg,화성인 식탐여교사의 먹스테이,음악·보이스형,ASMR보이스,14000.0,888.3,0.0338969729540484,0.6087706045732897,0.453023758099352,0.4776593559056041,0.6117710583153347,0.738474168723263,1.0,검증필요,True,점수상위검증형,라이브친화도 상위권 / 실전성 리스크 낮음 / 성장성 신뢰도 양호,주요 자동 리스크 낮음,"최종=0.609, 채널력=0.453, 성장성=0.478, 팬밀도=0.612, 라이브=0.738, 실전성=1.000, 운영제외리스크=0.000, 검증필요리스크=0.000",순위 16단계 하락 / 최종점수 -0.002 / 성장성 +0.001 / shortlist 신규 선정
546,437,UCwBGUikdtqUHHEmAfScS9Cw,로강,음악·보이스형,성우,1540.0,9532.4,0.0363926697100813,0.6081600657034518,0.5445329373650108,0.5425959727157326,0.6517278617710583,0.4203721168874098,1.0,검증필요,True,점수상위검증형,실전성 리스크 낮음 / 성장성 신뢰도 양호,주요 자동 리스크 낮음,"최종=0.608, 채널력=0.545, 성장성=0.543, 팬밀도=0.652, 라이브=0.420, 실전성=1.000, 운영제외리스크=0.000, 검증필요리스크=0.000",순위 20단계 하락 / 최종점수 -0.003 / 성장성 -0.000 / shortlist 신규 선정
547,439,UCQibn-rXVUJxB8Igd1-LFIQ,ちょぼゲーム,,서브컬쳐게임,1290.0,268.7,0.0864313259573719,0.6078262429976006,0.2944384449244059,0.3836591499022475,0.9395248380129588,0.9626197251916728,0.95736,검증필요,True,점수상위검증형,팬밀도 상위권 / 라이브친화도 상위권 / 성장성 신뢰도 양호,한국 타깃 적합성 낮음 / 상위 세그먼트 불명확,"최종=0.608, 채널력=0.294, 성장성=0.384, 팬밀도=0.940, 라이브=0.963, 실전성=0.957, 운영제외리스크=0.136, 검증필요리스크=0.193",순위 10단계 하락 / 최종점수 -0.001 / 성장성 +0.000 / shortlist 신규 선정
548,447,UCk9WugifY9UZ0i1ZBftQaJg,한여름(一夏) = onlysummer17,음악·보이스형,보컬로이드JPOP커버,1940.0,545.6,0.0594134612936488,0.6065561390928725,0.343925485961123,0.5,0.847732181425486,0.8623110151187904,0.94896,검증필요,True,점수상위검증형,팬밀도 상위권 / 라이브친화도 상위권,한국 타깃 적합성 낮음 / 성장성 신뢰도 낮음,"최종=0.607, 채널력=0.344, 성장성=0.500, 팬밀도=0.848, 라이브=0.862, 실전성=0.949, 운영제외리스크=0.136, 검증필요리스크=0.298",순위 2단계 하락 / 최종점수 +0.000 / shortlist 신규 선정
549,449,UCBDKajPkJ-NgrzCdpwLOmCw,시로 SHIRO:,음악·보이스형,보컬로이드JPOP커버,2220.0,4036.0,0.070396465023111,0.6062744579388424,0.3830183585313174,0.5054671622018929,0.8979481641468683,0.4203721168874098,0.99104,검증필요,True,점수상위검증형,팬밀도 상위권,주요 자동 리스크 낮음,"최종=0.606, 채널력=0.383, 성장성=0.505, 팬밀도=0.898, 라이브=0.420, 실전성=0.991, 운영제외리스크=0.000, 검증필요리스크=0.112",순위 3단계 하락 / 최종점수 -0.000 / 성장성 -0.000 / shortlist 신규 선정
550,451,UCBQ0d8n55a0iPv4C6pxplHw,18BB,음악·보이스형,보컬로이드JPOP커버,1240.0,2801.9,0.0717754620134642,0.6060568753568127,0.4275917926565874,0.546608436997637,0.9033477321814256,0.4203721168874098,0.9688,검증필요,True,점수상위검증형,팬밀도 상위권,한국 타깃 적합성 낮음,"최종=0.606, 채널력=0.428, 성장성=0.547, 팬밀도=0.903, 라이브=0.420, 실전성=0.969, 운영제외리스크=0.120, 검증필요리스크=0.090",순위 7단계 하락 / 최종점수 -0.001 / 성장성 +0.000 / shortlist 신규 선정
551,452,UC3b5qacpZhRpxNQTjYGNK3g,때론사베,버츄얼 퍼포먼스형,버튜버,1080.0,289.0,0.1354976451542636,0.606052112235602,0.2835043196544276,0.4800951438387311,0.9827213822894167,0.4203721168874098,1.0,검증필요,True,점수상위검증형,팬밀도 상위권 / 실전성 리스크 낮음 / 성장성 신뢰도 양호,주요 자동 리스크 낮음,"최종=0.606, 채널력=0.284, 성장성=0.480, 팬밀도=0.983, 라이브=0.420, 실전성=1.000, 운영제외리스크=0.000, 검증필요리스크=0.000",순위 17단계 상승 / 최종점수 +0.002 / 성장성 +0.001 / 버킷 변경: 보류 → 검증필요 / shortlist 신규 선정
552,457,UC141BuVRzSSXJX33Am9yxEA,소니쇼게임방송,음악·보이스형,성우더빙,257000.0,31713.3,0.0237673776891055,0.6055937634367916,0.8591252699784018,0.4669821733523906,0.4217062634989201,0.4203721168874098,1.0,검증필요,True,점수상위검증형,실전성 리스크 낮음 / 성장성 신뢰도 양호,주요 자동 리스크 낮음,"최종=0.606, 채널력=0.859, 성장성=0.467, 팬밀도=0.422, 라이브=0.420, 실전성=1.000, 운영제외리스크=0.000, 검증필요리스크=0.000",순위 22단계 하락 / 최종점수 -0.002 / 성장성 +0.002 / shortlist 신규 선정
553,461,UC08R7HreKgNUU1eCRPdcj7Q,PUKA ch. ASMR,음악·보이스형,ASMR,14000.0,2236.1,0.0594107367952385,0.6053354856195452,0.3022543196544275,0.4671703673226609,0.8471922246220303,0.9650342868558628,0.95088,검증필요,True,점수상위검증형,팬밀도 상위권 / 라이브친화도 상위권 / 성장성 신뢰도 양호,한국 타깃 적합성 낮음 / 수집 영상 수 부족,"최종=0.605, 채널력=0.302, 성장성=0.467, 팬밀도=0.847, 라이브=0.965, 실전성=0.951, 운영제외리스크=0.120, 검증필요리스크=0.314",순위 11단계 하락 / 최종점수 -0.001 / 성장성 +0.000 / shortlist 신규 선정
554,462,UCvHNsB134CB1qpzpuLmHlbQ,애니에이오,음악·보이스형,성우,21000.0,162499.2,0.0152841289999239,0.6051155057131259,0.8734881209503239,0.5935678465546647,0.244060475161987,0.4203721168874098,1.0,검증필요,True,점수상위검증형,성장성 상위권 / 실전성 리스크 낮음 / 성장성 신뢰도 양호,주요 자동 리스크 낮음,"최종=0.605, 채널력=0.873, 성장성=0.594, 팬밀도=0.244, 라이브=0.420, 실전성=1.000, 운영제외리스크=0.000, 검증필요리스크=0.000",순위 2단계 상승 / 최종점수 +0.001 / 성장성 +0.001 / shortlist 신규 선정
555,464,UCh4zf_y50moPhGvSa5O0UPA,비겜홀리(vg홀리),음악·보이스형,애니송커버,12900.0,113.7,0.0544641598302516,0.6050310858902839,0.3934935205183585,0.521546584768365,0.8153347732181425,0.4203721168874098,1.0,검증필요,True,점수상위검증형,팬밀도 상위권 / 실전성 리스크 낮음,주요 자동 리스크 낮음,"최종=0.605, 채널력=0.393, 성장성=0.522, 팬밀도=0.815, 라이브=0.420, 실전성=1.000, 운영제외리스크=0.000, 검증필요리스크=0.000",순위 209단계 하락 / 최종점수 -0.035 / 성장성 +0.000 / shortlist 신규 선정
556,470,UCF3URuVUv7ky676FwgTY3Zg,Eunyu drawing,버츄얼 퍼포먼스형,버튜버,2900.0,9108.5,0.0712890725032262,0.6039104812095032,0.5769708423326134,0.5,0.9006479481641468,0.3960583153347732,0.95312,검증필요,True,점수상위검증형,팬밀도 상위권,한국 타깃 적합성 낮음 / 성장성 신뢰도 낮음,"최종=0.604, 채널력=0.577, 성장성=0.500, 팬밀도=0.901, 라이브=0.396, 실전성=0.953, 운영제외리스크=0.120, 검증필요리스크=0.286",순위 3단계 하락 / 최종점수 +0.000 / shortlist 신규 선정
557,482,UC-vt6sjoHpGYarsGhiLE7sA,ZeroHz Asmr,음악·보이스형,ASMR,14700.0,1694.1,0.1249013385075914,0.6026791095083162,0.2821679265658746,0.5237946634660687,0.9773218142548596,0.680229738381702,0.95088,검증필요,True,점수상위검증형,팬밀도 상위권 / 라이브친화도 상위권 / 성장성 신뢰도 양호,한국 타깃 적합성 낮음 / 수집 영상 수 부족,"최종=0.603, 채널력=0.282, 성장성=0.524, 팬밀도=0.977, 라이브=0.680, 실전성=0.951, 운영제외리스크=0.120, 검증필요리스크=0.314",순위 14단계 하락 / 최종점수 -0.001 / 성장성 -0.000 / shortlist 신규 선정
558,484,UCZIEuYQoTMZcqalp9IY6E_w,W,버츄얼 퍼포먼스형,버튜버,8770.0,14196.4,0.0685979232664876,0.6026000845430979,0.5475971922246221,0.4867390930702225,0.8898488120950324,0.4203721168874098,0.95984,검증필요,True,점수상위검증형,팬밀도 상위권 / 성장성 신뢰도 양호,한국 타깃 적합성 낮음,"최종=0.603, 채널력=0.548, 성장성=0.487, 팬밀도=0.890, 라이브=0.420, 실전성=0.960, 운영제외리스크=0.120, 검증필요리스크=0.202",순위 8단계 하락 / 최종점수 -0.000 / 성장성 +0.000 / shortlist 신규 선정
559,503,UCYIEcKnKitpmsB-dczoZ0eA,Parfaitty Channel. ぱるぺてぃ,버츄얼 퍼포먼스형,버튜버,20300.0,2371.4,0.0040582971166633,0.6003526151145557,0.5482991360691145,0.8621880345157492,0.0356371490280777,0.9180718848584238,0.96464,검증필요,True,점수상위검증형,성장성 상위권 / 라이브친화도 상위권 / 성장성 신뢰도 양호,한국 타깃 적합성 낮음,"최종=0.600, 채널력=0.548, 성장성=0.862, 팬밀도=0.036, 라이브=0.918, 실전성=0.965, 운영제외리스크=0.136, 검증필요리스크=0.102",순위 2단계 상승 / 최종점수 +0.000 / 성장성 +0.000 / shortlist 신규 선정
560,514,UCy2VYXv_HZM3XNvG61JHBLA,taki,음악·보이스형,커버,2390.0,4137.2,0.0700477955331174,0.5996035739136802,0.3548191144708423,0.4715042372881355,0.896328293736501,0.8201943844492442,0.94416,검증필요,True,점수상위검증형,팬밀도 상위권 / 라이브친화도 상위권,한국 타깃 적합성 낮음 / 성장성 신뢰도 낮음,"최종=0.600, 채널력=0.355, 성장성=0.472, 팬밀도=0.896, 라이브=0.820, 실전성=0.944, 운영제외리스크=0.120, 검증필요리스크=0.398",순위 1단계 상승 / 최종점수 +0.000 / 성장성 -0.000 / shortlist 신규 선정
561,523,UCGHbjkTL179ipluzY1Ujqtw,YeChu,,서브컬쳐게임,2930.0,1058.8,0.0194506722475212,0.5988162696074055,0.4044816414686825,0.7491803545238537,0.3390928725701944,0.91027851501449,0.96152,검증필요,True,점수상위검증형,성장성 상위권 / 라이브친화도 상위권 / 성장성 신뢰도 양호,한국 타깃 적합성 낮음 / 상위 세그먼트 불명확,"최종=0.599, 채널력=0.404, 성장성=0.749, 팬밀도=0.339, 라이브=0.910, 실전성=0.962, 운영제외리스크=0.120, 검증필요리스크=0.181",순위 13단계 상승 / 최종점수 +0.002 / 성장성 -0.000 / shortlist 신규 선정
562,535,UC2g_1sZQw_qin0nOvc4kFSA,HOSEOK ASMR,음악·보이스형,ASMR보이스,3150.0,113.2,0.1239208262078748,0.5978037242227927,0.3346112311015118,0.5329150632314287,0.976241900647948,0.4203721168874098,0.9688,검증필요,True,점수상위검증형,팬밀도 상위권 / 성장성 신뢰도 양호,한국 타깃 적합성 낮음,"최종=0.598, 채널력=0.335, 성장성=0.533, 팬밀도=0.976, 라이브=0.420, 실전성=0.969, 운영제외리스크=0.120, 검증필요리스크=0.090",순위 13단계 하락 / 최종점수 -0.001 / 성장성 +0.000 / shortlist 신규 선정
563,543,UCKiFHRNHsWLT9ezryaex_Tg,Freedomisnotfree18,음악·보이스형,애니송커버,4970.0,568.3,0.038766209209594,0.5969694491941423,0.3925755939524837,0.7113667807702658,0.687365010799136,0.4203721168874098,0.9688,검증필요,True,점수상위검증형,성장성 상위권 / 성장성 신뢰도 양호,한국 타깃 적합성 낮음,"최종=0.597, 채널력=0.393, 성장성=0.711, 팬밀도=0.687, 라이브=0.420, 실전성=0.969, 운영제외리스크=0.120, 검증필요리스크=0.090",순위 198단계 하락 / 최종점수 -0.025 / 성장성 +0.000 / shortlist 신규 선정
564,547,UCBDz0eYq2j40pTeCmBGosNQ,쵸마린 『ちょマリン』,음악·보이스형,보컬로이드JPOP커버,5740.0,15262.4,0.06237702268837,0.5962294637934031,0.5730696544276458,0.4472166122995606,0.8596112311015118,0.4203721168874098,0.96464,검증필요,True,점수상위검증형,팬밀도 상위권 / 성장성 신뢰도 양호,한국 타깃 적합성 낮음,"최종=0.596, 채널력=0.573, 성장성=0.447, 팬밀도=0.860, 라이브=0.420, 실전성=0.965, 운영제외리스크=0.136, 검증필요리스크=0.102",순위 110단계 하락 / 최종점수 -0.011 / 성장성 +0.000 / shortlist 신규 선정
565,559,UC8lzc3x6-O_PMVR2CEoumpQ,Borin,창작·비주얼형,코스프레,5200.0,4609.0,0.0761372027366387,0.5947852631458947,0.5487850971922246,0.4030685846861973,0.9136069114470844,0.4203721168874098,0.9688,검증필요,True,점수상위검증형,팬밀도 상위권 / 성장성 신뢰도 양호,한국 타깃 적합성 낮음,"최종=0.595, 채널력=0.549, 성장성=0.403, 팬밀도=0.914, 라이브=0.420, 실전성=0.969, 운영제외리스크=0.120, 검증필요리스크=0.090",순위 13단계 하락 / 최종점수 -0.001 / 성장성 -0.002 / shortlist 신규 선정
566,603,UCPpESzOE9uY72V79GvOHzkA,GAME WORLD,게임 실황형,로블록스,15700.0,1860.8,0.0250116226617019,0.5887473955796563,0.2921571274298056,0.7649197466951035,0.4476241900647948,0.8994905110414346,0.95088,검증필요,True,점수상위검증형,성장성 상위권 / 라이브친화도 상위권 / 성장성 신뢰도 양호,한국 타깃 적합성 낮음 / 수집 영상 수 부족,"최종=0.589, 채널력=0.292, 성장성=0.765, 팬밀도=0.448, 라이브=0.899, 실전성=0.951, 운영제외리스크=0.120, 검증필요리스크=0.314",순위 234단계 하락 / 최종점수 -0.030 / 성장성 +0.000 / shortlist 신규 선정
567,611,UCXXV1x21Le3j0WZszUHlQaA,12月 Dxember,음악·보이스형,커버,2660.0,1710.7,0.108323278536563,0.5874504627121582,0.2914821814254859,0.3871376011871227,0.9654427645788336,0.7700616417254227,0.95984,검증필요,True,점수상위검증형,팬밀도 상위권 / 라이브친화도 상위권 / 성장성 신뢰도 양호,한국 타깃 적합성 낮음,"최종=0.587, 채널력=0.291, 성장성=0.387, 팬밀도=0.965, 라이브=0.770, 실전성=0.960, 운영제외리스크=0.120, 검증필요리스크=0.202",순위 9단계 상승 / 최종점수 +0.001 / 성장성 -0.000 / shortlist 신규 선정
568,630,UCvqqck2oSGLBlrXZW2OJfmA,. Seseren,,서브컬쳐게임,6430.0,164.4,0.1267398080337093,0.5857384659279885,0.3739470842332613,0.4866011061927496,0.978401727861771,0.4203721168874098,0.96152,검증필요,True,점수상위검증형,팬밀도 상위권 / 성장성 신뢰도 양호,한국 타깃 적합성 낮음 / 상위 세그먼트 불명확,"최종=0.586, 채널력=0.374, 성장성=0.487, 팬밀도=0.978, 라이브=0.420, 실전성=0.962, 운영제외리스크=0.120, 검증필요리스크=0.181",순위 1단계 하락 / 최종점수 -0.001 / 성장성 -0.000 / shortlist 신규 선정
569,634,UCNbpZM28AR6GXvrUcZ5v0zg,恋白れん / RenKohaku Ch.,음악·보이스형,ASMR,39600.0,1155.3,0.1493005625990002,0.5853275415019102,0.2765793736501079,0.4479376923322891,0.9870410367170628,0.7292993157872778,0.94672,검증필요,True,점수상위검증형,팬밀도 상위권 / 라이브친화도 상위권 / 성장성 신뢰도 양호,한국 타깃 적합성 낮음 / 수집 영상 수 부족,"최종=0.585, 채널력=0.277, 성장성=0.448, 팬밀도=0.987, 라이브=0.729, 실전성=0.947, 운영제외리스크=0.136, 검증필요리스크=0.326",순위 8단계 상승 / 최종점수 +0.001 / 성장성 -0.000 / shortlist 신규 선정
570,639,UCfEHi38KCbDAsWVEs3S9tqQ,DOYOUNG,,음악기타,4160.0,2420.0,0.0642209677023609,0.5849282062262054,0.4123785097192224,0.4260819281521555,0.8709503239740821,0.6291688195404992,0.96152,검증필요,True,점수상위검증형,팬밀도 상위권,한국 타깃 적합성 낮음 / 상위 세그먼트 불명확,"최종=0.585, 채널력=0.412, 성장성=0.426, 팬밀도=0.871, 라이브=0.629, 실전성=0.962, 운영제외리스크=0.120, 검증필요리스크=0.181",최종점수 -0.000 / 성장성 +0.001 / shortlist 신규 선정
571,656,UC8AmKQPE_e3xwU4l1PuFofw,Zzero Gu,음악·보이스형,보컬로이드JPOP커버,6340.0,910.9,0.065803872363825,0.5831645183585314,0.4253509719222462,0.5,0.8774298056155507,0.3960583153347732,0.9688,검증필요,True,점수상위검증형,팬밀도 상위권 / 성장성 신뢰도 양호,한국 타깃 적합성 낮음,"최종=0.583, 채널력=0.425, 성장성=0.500, 팬밀도=0.877, 라이브=0.396, 실전성=0.969, 운영제외리스크=0.120, 검증필요리스크=0.090",순위 95단계 상승 / 최종점수 +0.013 / 버킷 변경: 제외 → 검증필요 / shortlist 신규 선정
572,661,UCE2yAZ4ztyJx4J4cXuRFAug,アリス / 아리스!,음악·보이스형,애니송커버,2390.0,243.6,0.0436601458829547,0.5823892924406048,0.3319924406047516,0.5,0.7338012958963283,0.8857991360691143,0.94896,검증필요,True,점수상위검증형,라이브친화도 상위권,한국 타깃 적합성 낮음 / 성장성 신뢰도 낮음,"최종=0.582, 채널력=0.332, 성장성=0.500, 팬밀도=0.734, 라이브=0.886, 실전성=0.949, 운영제외리스크=0.136, 검증필요리스크=0.298",순위 159단계 하락 / 최종점수 -0.018 / shortlist 신규 선정
573,670,UCuPfv_RTDpgC6E9YGJRNgLQ,hee,음악·보이스형,애니송커버,40100.0,128.2,0.030601334342513,0.5813247899952412,0.4286447084233261,0.4397273796292569,0.5577753779697624,0.9602980312837976,0.9688,검증필요,True,점수상위검증형,라이브친화도 상위권 / 성장성 신뢰도 양호,한국 타깃 적합성 낮음,"최종=0.581, 채널력=0.429, 성장성=0.440, 팬밀도=0.558, 라이브=0.960, 실전성=0.969, 운영제외리스크=0.120, 검증필요리스크=0.090",순위 23단계 하락 / 최종점수 -0.002 / 성장성 +0.000 / shortlist 신규 선정
574,688,UCyls5FepyOPvI-fNOELkkeQ,choa asmr,음악·보이스형,ASMR,2130000.0,372372.8,0.0142126875306604,0.5786453199624326,0.945329373650108,0.6292657946989791,0.2149028077753779,0.4203721168874098,0.8688,검증필요,True,점수상위검증형,성장성 상위권 / 성장성 신뢰도 양호,한국 타깃 적합성 낮음,"최종=0.579, 채널력=0.945, 성장성=0.629, 팬밀도=0.215, 라이브=0.420, 실전성=0.869, 운영제외리스크=0.120, 검증필요리스크=0.090",순위 55단계 하락 / 최종점수 -0.007 / 성장성 -0.000 / shortlist 신규 선정
575,697,UChR3iUwrHbrI7XcobHGY0tA,아이덴큐 アイデンキュー,음악·보이스형,ASMR보이스,9170.0,937.1,0.0383468167235544,0.5770695980305305,0.3656182505399568,0.3860169491525423,0.6808855291576674,0.9732721382289417,0.96464,검증필요,True,점수상위검증형,라이브친화도 상위권,한국 타깃 적합성 낮음,"최종=0.577, 채널력=0.366, 성장성=0.386, 팬밀도=0.681, 라이브=0.973, 실전성=0.965, 운영제외리스크=0.136, 검증필요리스크=0.102",순위 3단계 상승 / 최종점수 +0.001 / 성장성 -0.000 / shortlist 신규 선정
576,716,UC6O9qiICQc2HxPIvynKNETg,parky,음악·보이스형,보컬로이드JPOP커버,4480.0,2298.3,0.0903441634441929,0.574917667668485,0.4121355291576674,0.4928760593220339,0.9427645788336934,0.3960583153347732,0.95312,검증필요,True,점수상위검증형,팬밀도 상위권,한국 타깃 적합성 낮음 / 성장성 신뢰도 낮음,"최종=0.575, 채널력=0.412, 성장성=0.493, 팬밀도=0.943, 라이브=0.396, 실전성=0.953, 운영제외리스크=0.120, 검증필요리스크=0.286",순위 15단계 하락 / 최종점수 -0.001 / 성장성 -0.000 / shortlist 신규 선정
577,718,UCjoHibFDtYBd5OLQki_fQww,Vladislav Yoshi Live,,서브컬쳐게임,2620.0,126.9,0.0421154703008769,0.5747122800212024,0.2150107991360691,0.5693328697314571,0.7240820734341252,0.8660389635396776,0.95256,검증필요,True,점수상위검증형,성장성 상위권 / 라이브친화도 상위권 / 성장성 신뢰도 양호,한국 타깃 적합성 낮음 / 상위 세그먼트 불명확,"최종=0.575, 채널력=0.215, 성장성=0.569, 팬밀도=0.724, 라이브=0.866, 실전성=0.953, 운영제외리스크=0.120, 검증필요리스크=0.293",순위 8단계 하락 / 최종점수 -0.001 / 성장성 +0.000 / shortlist 신규 선정
578,725,UCBEp1K7bBQq57lEfj4Gfc4w,Lovely Chia,음악·보이스형,ASMR보이스,1780.0,638.4,0.0349608480539884,0.5740461305815323,0.3435745140388768,0.4754909782980558,0.6312095032397408,0.8620811523785379,0.9688,검증필요,True,점수상위검증형,라이브친화도 상위권 / 성장성 신뢰도 양호,한국 타깃 적합성 낮음,"최종=0.574, 채널력=0.344, 성장성=0.475, 팬밀도=0.631, 라이브=0.862, 실전성=0.969, 운영제외리스크=0.120, 검증필요리스크=0.090",순위 208단계 하락 / 최종점수 -0.025 / 성장성 -0.000 / shortlist 신규 선정
579,741,UCttbBtDDcSFjNTnB16kSv3A,athi :3,창작·비주얼형,코스프레,7530.0,26532.5,0.0947890735039444,0.5721548881612784,0.5486636069114471,0.3292279011172569,0.9508639308855292,0.4203721168874098,0.95984,검증필요,True,점수상위검증형,팬밀도 상위권 / 성장성 신뢰도 양호,한국 타깃 적합성 낮음,"최종=0.572, 채널력=0.549, 성장성=0.329, 팬밀도=0.951, 라이브=0.420, 실전성=0.960, 운영제외리스크=0.120, 검증필요리스크=0.202",순위 7단계 하락 / 최종점수 -0.000 / 성장성 -0.000 / shortlist 신규 선정
580,744,UCmf4JvxrapS91OMoLVnQlfQ,코코니아루 ここにある,,커버기타,4810.0,900.6,0.0600163818965442,0.5715702697502126,0.4926970842332613,0.4588902188870556,0.8504319654427646,0.4203721168874098,0.95736,검증필요,True,점수상위검증형,팬밀도 상위권 / 성장성 신뢰도 양호,한국 타깃 적합성 낮음 / 상위 세그먼트 불명확,"최종=0.572, 채널력=0.493, 성장성=0.459, 팬밀도=0.850, 라이브=0.420, 실전성=0.957, 운영제외리스크=0.136, 검증필요리스크=0.193",순위 41단계 하락 / 최종점수 -0.004 / 성장성 -0.000 / shortlist 신규 선정
581,752,UCfF51UKoIJqPJ4DpiCj2q5g,gustinex,,서브컬쳐게임,2490.0,641.5,0.1119180303901918,0.5708953917926566,0.3628239740820734,0.5,0.9676025917926566,0.3960583153347732,0.95256,검증필요,True,점수상위검증형,팬밀도 상위권,한국 타깃 적합성 낮음 / 상위 세그먼트 불명확,"최종=0.571, 채널력=0.363, 성장성=0.500, 팬밀도=0.968, 라이브=0.396, 실전성=0.953, 운영제외리스크=0.120, 검증필요리스크=0.293",순위 8단계 하락 / 최종점수 -0.001 / shortlist 신규 선정
582,769,UCsHUSvJlPr83ptKYTiQhtNQ,freestyle pianoman,음악·보이스형,성우더빙,67800.0,77.2,0.2526575629199182,0.56903577851726,0.2794141468682505,0.4935799701917671,0.9967602591792656,0.4203721168874098,0.95984,검증필요,True,점수상위검증형,팬밀도 상위권 / 성장성 신뢰도 양호,한국 타깃 적합성 낮음,"최종=0.569, 채널력=0.279, 성장성=0.494, 팬밀도=0.997, 라이브=0.420, 실전성=0.960, 운영제외리스크=0.120, 검증필요리스크=0.202",순위 603단계 상승 / 최종점수 +0.073 / 성장성 -0.001 / 버킷 변경: 제외 → 검증필요 / shortlist 신규 선정
583,779,UCXrixFVnlb6NOmqtawIB44Q,히야 ひや,음악·보이스형,보컬로이드JPOP커버,1320.0,377.8,0.0903960735592356,0.568245323974082,0.1202348812095032,0.5,0.943304535637149,0.8623110151187904,0.94,검증필요,True,점수상위검증형,팬밀도 상위권 / 라이브친화도 상위권,한국 타깃 적합성 낮음 / 성장성 신뢰도 낮음,"최종=0.568, 채널력=0.120, 성장성=0.500, 팬밀도=0.943, 라이브=0.862, 실전성=0.940, 운영제외리스크=0.136, 검증필요리스크=0.410",순위 10단계 하락 / 최종점수 -0.001 / shortlist 신규 선정
584,801,UC1brqbfzZl3nmOSkPn8hrTQ,Pyeongjun Art,창작·비주얼형,일러스트리깅,24100.0,521.8,0.0476348430421688,0.5650958164146869,0.218102051835853,0.5,0.7699784017278618,0.990280777537797,0.9352,검증필요,True,데이터검증형,라이브친화도 상위권,한국 타깃 적합성 낮음 / 수집 영상 수 부족 / 성장성 신뢰도 낮음,"최종=0.565, 채널력=0.218, 성장성=0.500, 팬밀도=0.770, 라이브=0.990, 실전성=0.935, 운영제외리스크=0.120, 검증필요리스크=0.510",순위 208단계 상승 / 최종점수 +0.023 / shortlist 신규 선정
585,810,UCr7M1NiDLkef9QVcQ8nt72Q,Gunjuulei,음악·보이스형,ASMR보이스,2250.0,2086.5,0.0611016755747033,0.5646145848812095,0.4437095032397408,0.5,0.8552915766738661,0.3960583153347732,0.95312,검증필요,True,점수상위검증형,팬밀도 상위권,한국 타깃 적합성 낮음 / 성장성 신뢰도 낮음,"최종=0.565, 채널력=0.444, 성장성=0.500, 팬밀도=0.855, 라이브=0.396, 실전성=0.953, 운영제외리스크=0.120, 검증필요리스크=0.286",순위 1단계 상승 / 최종점수 -0.000 / shortlist 신규 선정
586,812,UCLBKDXEsfaQCY_WBp9balRw,DanceRoomHD,창작·비주얼형,코스프레,3400.0,2118.0,0.0257189662081633,0.5644417987041038,0.466792656587473,0.5,0.4638228941684665,0.9352051835853132,0.95312,검증필요,True,점수상위검증형,라이브친화도 상위권,한국 타깃 적합성 낮음 / 성장성 신뢰도 낮음,"최종=0.564, 채널력=0.467, 성장성=0.500, 팬밀도=0.464, 라이브=0.935, 실전성=0.953, 운영제외리스크=0.120, 검증필요리스크=0.286",순위 22단계 하락 / 최종점수 -0.002 / shortlist 신규 선정
587,820,UCt0XHN9t3F9dVDV-K--Y5tw,Taste Again,음악·보이스형,ASMR보이스,5960.0,282.1,0.0645936616874457,0.5637678778084738,0.37877969762419,0.493846762631076,0.8731101511879049,0.4203721168874098,0.95984,검증필요,True,점수상위검증형,팬밀도 상위권,한국 타깃 적합성 낮음,"최종=0.564, 채널력=0.379, 성장성=0.494, 팬밀도=0.873, 라이브=0.420, 실전성=0.960, 운영제외리스크=0.120, 검증필요리스크=0.202",순위 4단계 하락 / 최종점수 -0.000 / 성장성 +0.000 / shortlist 신규 선정
588,825,UC8bLFjVvayRDUM0AR7xUjbw,Korea Democracy Hunters @KDH66,음악·보이스형,ASMR보이스,2610.0,74.8,0.133464979465793,0.5632617231981012,0.2423731101511878,0.47735681366006,0.9821814254859612,0.4203721168874098,0.9688,검증필요,True,점수상위검증형,팬밀도 상위권 / 성장성 신뢰도 양호,한국 타깃 적합성 낮음,"최종=0.563, 채널력=0.242, 성장성=0.477, 팬밀도=0.982, 라이브=0.420, 실전성=0.969, 운영제외리스크=0.120, 검증필요리스크=0.090",순위 10단계 하락 / 최종점수 -0.001 / 성장성 +0.000 / shortlist 신규 선정
589,831,UCltu3ntH0F534yA7VhcK6mg,Mazy Mayse,음악·보이스형,ASMR,6680.0,738.2,0.0957280958006813,0.5624430188583815,0.1871895248380128,0.4497630592828423,0.953023758099352,0.7251202667531025,0.95088,검증필요,True,점수상위검증형,팬밀도 상위권 / 라이브친화도 상위권 / 성장성 신뢰도 양호,한국 타깃 적합성 낮음 / 수집 영상 수 부족,"최종=0.562, 채널력=0.187, 성장성=0.450, 팬밀도=0.953, 라이브=0.725, 실전성=0.951, 운영제외리스크=0.120, 검증필요리스크=0.314",최종점수 +0.000 / 성장성 +0.000 / shortlist 신규 선정
590,846,UCMpuf80FwKLHrELwDXqZH4w,HIU English 하이유 잉글리시,음악·보이스형,ASMR,3350000.0,52097.5,0.0103866040034002,0.5611338522045922,0.8208153347732182,0.4865747584200335,0.1322894168466522,0.8883751632707422,0.8667199999999999,검증필요,True,점수상위검증형,라이브친화도 상위권 / 성장성 신뢰도 양호,한국 타깃 적합성 낮음,"최종=0.561, 채널력=0.821, 성장성=0.487, 팬밀도=0.132, 라이브=0.888, 실전성=0.867, 운영제외리스크=0.128, 검증필요리스크=0.096",순위 76단계 상승 / 최종점수 +0.009 / 성장성 +0.000 / shortlist 신규 선정
591,851,UC6QvNBC7qEYw6qKQmcGfcuw,THE SSYNDROME,음악·보이스형,애니송커버,28000.0,1611.9,0.0723601975144332,0.5608966197483838,0.4487715982721382,0.367407778661455,0.9049676025917928,0.4203721168874098,0.9688,검증필요,True,점수상위검증형,팬밀도 상위권 / 성장성 신뢰도 양호,한국 타깃 적합성 낮음,"최종=0.561, 채널력=0.449, 성장성=0.367, 팬밀도=0.905, 라이브=0.420, 실전성=0.969, 운영제외리스크=0.120, 검증필요리스크=0.090",순위 5단계 하락 / 최종점수 -0.000 / 성장성 +0.000 / shortlist 신규 선정
592,867,UCj1Q1QNUHHyzxslW3Lt03hg,haru ASMR🫦,음악·보이스형,ASMR보이스,4960.0,1084.7,0.0176318708394108,0.5585220225265631,0.4301565874730021,0.790530461755958,0.300755939524838,0.5281915819691334,0.9688,검증필요,True,점수상위검증형,성장성 상위권 / 성장성 신뢰도 양호,한국 타깃 적합성 낮음,"최종=0.559, 채널력=0.430, 성장성=0.791, 팬밀도=0.301, 라이브=0.528, 실전성=0.969, 운영제외리스크=0.120, 검증필요리스크=0.090",순위 54단계 하락 / 최종점수 -0.006 / 성장성 -0.000 / shortlist 신규 선정
593,874,UCa9Q7BgiqcjHy9JL9_x1GNw,WasaBi,음악·보이스형,보컬로이드JPOP커버,1050.0,1047.0,0.0645590568891162,0.5581477222462203,0.1538741900647947,0.5,0.8725701943844493,0.8201943844492442,0.94416,검증필요,True,점수상위검증형,팬밀도 상위권 / 라이브친화도 상위권,한국 타깃 적합성 낮음 / 성장성 신뢰도 낮음,"최종=0.558, 채널력=0.154, 성장성=0.500, 팬밀도=0.873, 라이브=0.820, 실전성=0.944, 운영제외리스크=0.120, 검증필요리스크=0.398",순위 13단계 하락 / 최종점수 -0.001 / shortlist 신규 선정
594,892,UCJLBh3WiI84qJcUSdc9jldA,Youtube Chan,음악·보이스형,애니송커버,1370.0,535.2,0.1958809048673195,0.5561863244673417,0.320194384449244,0.3820329582732844,0.9935205183585312,0.4203721168874098,0.9688,검증필요,True,점수상위검증형,팬밀도 상위권 / 성장성 신뢰도 양호,한국 타깃 적합성 낮음,"최종=0.556, 채널력=0.320, 성장성=0.382, 팬밀도=0.994, 라이브=0.420, 실전성=0.969, 운영제외리스크=0.120, 검증필요리스크=0.090",순위 9단계 하락 / 최종점수 +0.000 / 성장성 +0.000 / shortlist 신규 선정
595,895,UCMU0XbQUk_TriXPmjUJL7qw,FOOD DILEX,음악·보이스형,ASMR보이스,5380000.0,253562.5,0.0145352100195692,0.5556074605616864,0.7242845572354211,0.7504620188385543,0.2230021598272138,0.4203721168874098,0.8598399999999999,검증필요,True,점수상위검증형,성장성 상위권 / 성장성 신뢰도 양호,한국 타깃 적합성 낮음,"최종=0.556, 채널력=0.724, 성장성=0.750, 팬밀도=0.223, 라이브=0.420, 실전성=0.860, 운영제외리스크=0.120, 검증필요리스크=0.202",순위 11단계 상승 / 최종점수 +0.002 / 성장성 +0.002 / shortlist 신규 선정
596,898,UCBHd5x7wgG5n0kbWtErC5uw,GAMEYUBIN,음악·보이스형,ASMR,1100.0,181.5,0.115463289779722,0.5552771134218536,0.0494465442764578,0.4871712835273646,0.9692224622030238,0.8532824840580361,0.94192,검증필요,True,점수상위검증형,팬밀도 상위권 / 라이브친화도 상위권,한국 타깃 적합성 낮음 / 수집 영상 수 부족,"최종=0.555, 채널력=0.049, 성장성=0.487, 팬밀도=0.969, 라이브=0.853, 실전성=0.942, 운영제외리스크=0.120, 검증필요리스크=0.426",순위 10단계 하락 / 최종점수 -0.000 / 성장성 +0.000 / shortlist 신규 선정
597,903,UCHKAr2Xz4v38lMWjlyBc3Mg,ASMR Roa,음악·보이스형,ASMR보이스,1870.0,982.3,0.0638820922792569,0.5549944988915262,0.3739470842332613,0.434817089393289,0.8671706263498921,0.4203721168874098,0.9688,검증필요,True,점수상위검증형,팬밀도 상위권 / 성장성 신뢰도 양호,한국 타깃 적합성 낮음,"최종=0.555, 채널력=0.374, 성장성=0.435, 팬밀도=0.867, 라이브=0.420, 실전성=0.969, 운영제외리스크=0.120, 검증필요리스크=0.090",순위 23단계 하락 / 최종점수 -0.001 / 성장성 +0.000 / shortlist 신규 선정
598,906,UCr0pTjwr9HtANseAH08DtKQ,Lumiel Aria,음악·보이스형,애니송커버,1150.0,1115.0,0.0639945977882331,0.554888304826654,0.1638633909287256,0.6339665768043051,0.8693304535637149,0.4203721168874098,0.95984,검증필요,True,점수상위검증형,성장성 상위권 / 팬밀도 상위권 / 성장성 신뢰도 양호,한국 타깃 적합성 낮음,"최종=0.555, 채널력=0.164, 성장성=0.634, 팬밀도=0.869, 라이브=0.420, 실전성=0.960, 운영제외리스크=0.120, 검증필요리스크=0.202",순위 19단계 하락 / 최종점수 -0.001 / 성장성 +0.000 / shortlist 신규 선정
599,925,UCevLxqamyE9s8eM2N92nWCg,연가서 恋歌書 · YeonGaSeo,음악·보이스형,애니송커버,1520.0,59.7,0.0655827025839414,0.552223763427506,0.2852591792656587,0.5026141418474597,0.8768898488120951,0.4203721168874098,0.96464,검증필요,True,점수상위검증형,팬밀도 상위권 / 성장성 신뢰도 양호,한국 타깃 적합성 낮음,"최종=0.552, 채널력=0.285, 성장성=0.503, 팬밀도=0.877, 라이브=0.420, 실전성=0.965, 운영제외리스크=0.136, 검증필요리스크=0.102",순위 86단계 하락 / 최종점수 -0.009 / 성장성 -0.000 / shortlist 신규 선정
600,935,UCRT66u8g4W_SX0CTd2K_fEQ,MENOPI MUSIC,음악·보이스형,애니송커버,1120.0,555.5,0.0353936158914591,0.5512727750134031,0.3057775377969761,0.6549697571226086,0.6382289416846653,0.4203721168874098,0.9688,검증필요,True,점수상위검증형,성장성 상위권 / 성장성 신뢰도 양호,한국 타깃 적합성 낮음,"최종=0.551, 채널력=0.306, 성장성=0.655, 팬밀도=0.638, 라이브=0.420, 실전성=0.969, 운영제외리스크=0.120, 검증필요리스크=0.090",순위 14단계 상승 / 최종점수 +0.003 / 성장성 +0.000 / shortlist 신규 선정
601,959,UCb-Yb2q-6pa8M2e841l2FKA,S10N,버츄얼 퍼포먼스형,버튜버,1140.0,575.9,0.0551925354349494,0.5483118691144709,0.1610016198704103,0.5,0.8207343412526998,0.8201943844492442,0.94416,검증필요,True,점수상위검증형,팬밀도 상위권 / 라이브친화도 상위권,한국 타깃 적합성 낮음 / 성장성 신뢰도 낮음,"최종=0.548, 채널력=0.161, 성장성=0.500, 팬밀도=0.821, 라이브=0.820, 실전성=0.944, 운영제외리스크=0.120, 검증필요리스크=0.398",순위 11단계 하락 / 최종점수 -0.000 / shortlist 신규 선정
602,960,UCc2SVU2fbPiwVW0i34_po8w,4K-pop,음악·보이스형,보컬로이드JPOP커버,5000.0,71630.8,0.0184477345253445,0.5483094888373145,0.5795761339092873,0.7165761741271669,0.3185745140388769,0.4203721168874098,0.95984,검증필요,True,점수상위검증형,성장성 상위권 / 성장성 신뢰도 양호,한국 타깃 적합성 낮음,"최종=0.548, 채널력=0.580, 성장성=0.717, 팬밀도=0.319, 라이브=0.420, 실전성=0.960, 운영제외리스크=0.120, 검증필요리스크=0.202",순위 50단계 하락 / 최종점수 -0.005 / 성장성 +0.000 / shortlist 신규 선정
603,971,UCKY8dedJq670fmKeoTNrMxw,HERO ASMR,음악·보이스형,ASMR,31200.0,4277.3,0.086066416126507,0.5472114851173995,0.3776052915766738,0.4200408198976039,0.9389848812095032,0.4203721168874098,0.95088,검증필요,True,점수상위검증형,팬밀도 상위권 / 성장성 신뢰도 양호,한국 타깃 적합성 낮음 / 수집 영상 수 부족,"최종=0.547, 채널력=0.378, 성장성=0.420, 팬밀도=0.939, 라이브=0.420, 실전성=0.951, 운영제외리스크=0.120, 검증필요리스크=0.314",순위 19단계 하락 / 최종점수 -0.001 / 성장성 -0.000 / shortlist 신규 선정
604,978,UCxuKEBHMpP0fULh6vBQ5aIA,jaekang_eating,음악·보이스형,ASMR보이스,16000.0,4508.0,0.0168113186519918,0.5465447909788232,0.5887419006479482,0.6970338838735309,0.2802375809935205,0.4203721168874098,0.9688,검증필요,True,점수상위검증형,성장성 상위권 / 성장성 신뢰도 양호,한국 타깃 적합성 낮음,"최종=0.547, 채널력=0.589, 성장성=0.697, 팬밀도=0.280, 라이브=0.420, 실전성=0.969, 운영제외리스크=0.120, 검증필요리스크=0.090",순위 22단계 하락 / 최종점수 -0.001 / 성장성 -0.001 / shortlist 신규 선정
605,982,UC0VkN4Y_TtFYVrqA9sdBNYg,seulki muto,음악·보이스형,애니송커버,7650.0,2923.1,0.0778747585438236,0.5461952384449245,0.3417521598272138,0.5,0.9195464362850972,0.3960583153347732,0.94416,검증필요,True,점수상위검증형,팬밀도 상위권,한국 타깃 적합성 낮음 / 성장성 신뢰도 낮음,"최종=0.546, 채널력=0.342, 성장성=0.500, 팬밀도=0.920, 라이브=0.396, 실전성=0.944, 운영제외리스크=0.120, 검증필요리스크=0.398",순위 17단계 하락 / 최종점수 -0.001 / shortlist 신규 선정
606,1022,UCW01hOb7eKj9EzaSVlOP9PA,imagindemon,창작·비주얼형,코스프레,7510.0,43598.9,0.0237453033796984,0.5405265866335471,0.5766333693304535,0.6104844299097633,0.4211663066954643,0.4203721168874098,0.95984,검증필요,True,점수상위검증형,성장성 상위권 / 성장성 신뢰도 양호,한국 타깃 적합성 낮음,"최종=0.541, 채널력=0.577, 성장성=0.610, 팬밀도=0.421, 라이브=0.420, 실전성=0.960, 운영제외리스크=0.120, 검증필요리스크=0.202",순위 7단계 하락 / 최종점수 -0.000 / 성장성 +0.002 / shortlist 신규 선정
607,1065,UCCJDHF7Gyl-kygxGYQehWEA,hata,음악·보이스형,보컬로이드JPOP커버,1040.0,4589.0,0.0857336607278346,0.5348151088552916,0.2711258099352051,0.5,0.9384449244060477,0.3960583153347732,0.94416,검증필요,True,점수상위검증형,팬밀도 상위권,한국 타깃 적합성 낮음 / 성장성 신뢰도 낮음,"최종=0.535, 채널력=0.271, 성장성=0.500, 팬밀도=0.938, 라이브=0.396, 실전성=0.944, 운영제외리스크=0.120, 검증필요리스크=0.398",최종점수 -0.001 / shortlist 신규 선정
608,1069,UCLy3JQrWv7RSfRPLXbJtGoQ,CISMIA Music,음악·보이스형,보컬로이드JPOP커버,1900.0,939.0,0.0734661410930242,0.5344581393952031,0.2235556155507559,0.483554538893462,0.908207343412527,0.4203721168874098,0.95984,검증필요,True,점수상위검증형,팬밀도 상위권,한국 타깃 적합성 낮음,"최종=0.534, 채널력=0.224, 성장성=0.484, 팬밀도=0.908, 라이브=0.420, 실전성=0.960, 운영제외리스크=0.120, 검증필요리스크=0.202",순위 6단계 상승 / 최종점수 -0.000 / 성장성 -0.000 / shortlist 신규 선정
609,1081,UCJ2OfDeaoqTQ0W2xF-nf5iw,나데 なで,음악·보이스형,보컬로이드JPOP커버,1820.0,971.4,0.0621545088604176,0.533364770541215,0.2570194384449244,0.5080335239336002,0.8585313174946004,0.4203721168874098,0.95568,검증필요,True,점수상위검증형,팬밀도 상위권 / 성장성 신뢰도 양호,한국 타깃 적합성 낮음,"최종=0.533, 채널력=0.257, 성장성=0.508, 팬밀도=0.859, 라이브=0.420, 실전성=0.956, 운영제외리스크=0.136, 검증필요리스크=0.214",순위 42단계 하락 / 최종점수 -0.005 / 성장성 -0.001 / shortlist 신규 선정
610,1098,UCd2Q636mdXKcUMq8_1UDybg,猫癖 りま,버츄얼 퍼포먼스형,버튜버,1290.0,275.2,0.0488585986651598,0.5316694535402173,0.1474217062634988,0.4193885704357453,0.7780777537796977,0.8532824840580361,0.95568,검증필요,True,점수상위검증형,라이브친화도 상위권 / 성장성 신뢰도 양호,한국 타깃 적합성 낮음,"최종=0.532, 채널력=0.147, 성장성=0.419, 팬밀도=0.778, 라이브=0.853, 실전성=0.956, 운영제외리스크=0.136, 검증필요리스크=0.214",순위 220단계 하락 / 최종점수 -0.025 / 성장성 +0.000 / shortlist 신규 선정
611,1099,UCUL_aj9x9mzg7TRfXiOvQoA,하나토리 아논 / 花鳥あのん,버츄얼 퍼포먼스형,버튜버,1740.0,503.2,0.0320885177137987,0.5316517197050015,0.2558180345572354,0.4681433477752628,0.5809935205183585,0.8247322680753149,0.96464,검증필요,True,점수상위검증형,라이브친화도 상위권 / 성장성 신뢰도 양호,한국 타깃 적합성 낮음,"최종=0.532, 채널력=0.256, 성장성=0.468, 팬밀도=0.581, 라이브=0.825, 실전성=0.965, 운영제외리스크=0.136, 검증필요리스크=0.102",순위 6단계 하락 / 최종점수 -0.001 / 성장성 +0.000 / shortlist 신규 선정
612,1104,UCLFzbLRON3fGSM6J2qcM09A,KIDS FOOTAGE,창작·비주얼형,코스프레,1800.0,517.1,0.018416450283988,0.5308694038058972,0.335785637149028,0.8113768392803127,0.3164146868250539,0.4203721168874098,0.9688,검증필요,True,점수상위검증형,성장성 상위권 / 성장성 신뢰도 양호,한국 타깃 적합성 낮음,"최종=0.531, 채널력=0.336, 성장성=0.811, 팬밀도=0.316, 라이브=0.420, 실전성=0.969, 운영제외리스크=0.120, 검증필요리스크=0.090",순위 4단계 상승 / 최종점수 +0.001 / 성장성 +0.000 / shortlist 신규 선정
613,1113,UC7Vx9IZxvVm6zc0y8_I02Nw,OORT,버츄얼 퍼포먼스형,버튜버,1150.0,841.4,0.0603108713309999,0.5298366352527729,0.3256749460043195,0.4715042372881355,0.8515118790496761,0.3960583153347732,0.95312,검증필요,True,점수상위검증형,팬밀도 상위권,한국 타깃 적합성 낮음 / 성장성 신뢰도 낮음,"최종=0.530, 채널력=0.326, 성장성=0.472, 팬밀도=0.852, 라이브=0.396, 실전성=0.953, 운영제외리스크=0.120, 검증필요리스크=0.286",순위 7단계 하락 / 최종점수 -0.001 / 성장성 -0.000 / shortlist 신규 선정
614,1214,UCDF6TOwJqxFxGhcTnl8x4xg,L'Arc~en~Ciel KOR,서브컬쳐 토크·팬덤형,저스트채팅,10800.0,1624.4,0.0670735715032053,0.5171208861942163,0.2680210583153347,0.4423742254712398,0.8833693304535637,0.4203721168874098,0.95088,검증필요,True,점수상위검증형,팬밀도 상위권 / 성장성 신뢰도 양호,한국 타깃 적합성 낮음 / 수집 영상 수 부족,"최종=0.517, 채널력=0.268, 성장성=0.442, 팬밀도=0.883, 라이브=0.420, 실전성=0.951, 운영제외리스크=0.120, 검증필요리스크=0.314",순위 10단계 하락 / 최종점수 -0.002 / 성장성 -0.000 / shortlist 신규 선정
615,1235,UC-Y_QxGwZ4SGv_ANLdfKNjw,강해원 Douyin Makeup,음악·보이스형,ASMR,4820.0,87.4,0.0792464366812406,0.5143430137310395,0.1250809935205183,0.3937050637492668,0.9244060475161988,0.6567629790211136,0.9488,검증필요,True,점수상위검증형,팬밀도 상위권 / 라이브친화도 상위권 / 성장성 신뢰도 양호,한국 타깃 적합성 낮음 / 수집 영상 수 부족,"최종=0.514, 채널력=0.125, 성장성=0.394, 팬밀도=0.924, 라이브=0.657, 실전성=0.949, 운영제외리스크=0.128, 검증필요리스크=0.320",순위 109단계 하락 / 최종점수 -0.014 / 성장성 -0.000 / shortlist 신규 선정
616,1241,UCxq8nYYsDfQxKqnP2HyHwJg,Truegaming,,서브컬쳐게임,4520.0,201.8,0.0013178718809625,0.5135553102050333,0.3608801295896328,0.7031722038086287,0.0161987041036717,0.965280998173935,0.96152,검증필요,True,점수상위검증형,성장성 상위권 / 라이브친화도 상위권 / 성장성 신뢰도 양호,한국 타깃 적합성 낮음 / 상위 세그먼트 불명확,"최종=0.514, 채널력=0.361, 성장성=0.703, 팬밀도=0.016, 라이브=0.965, 실전성=0.962, 운영제외리스크=0.120, 검증필요리스크=0.181",순위 11단계 상승 / 최종점수 +0.000 / 성장성 +0.001 / shortlist 신규 선정
617,1263,UCRQirZ3uW97S_g0MltFed7Q,catisloveofmylife,음악·보이스형,애니송커버,1730.0,71.3,0.3265223439555783,0.5115100643872386,0.1473947084233261,0.3910120463858438,0.9978401727861772,0.4203721168874098,0.95984,검증필요,True,점수상위검증형,팬밀도 상위권 / 성장성 신뢰도 양호,한국 타깃 적합성 낮음,"최종=0.512, 채널력=0.147, 성장성=0.391, 팬밀도=0.998, 라이브=0.420, 실전성=0.960, 운영제외리스크=0.120, 검증필요리스크=0.202",최종점수 -0.001 / 성장성 +0.000 / shortlist 신규 선정
618,1300,UCFM0M1GIzBHM_kRF9TcOT2A,yㅇutube,음악·보이스형,성우더빙,2080.0,460.6,0.0170749396124261,0.5065527698685018,0.3402267818574513,0.7439518430367612,0.2872570194384449,0.4203721168874098,0.9688,검증필요,True,점수상위검증형,성장성 상위권 / 성장성 신뢰도 양호,한국 타깃 적합성 낮음,"최종=0.507, 채널력=0.340, 성장성=0.744, 팬밀도=0.287, 라이브=0.420, 실전성=0.969, 운영제외리스크=0.120, 검증필요리스크=0.090",순위 85단계 하락 / 최종점수 -0.011 / 성장성 -0.001 / shortlist 신규 선정
619,1306,UCNG7zAgVFvqSoQ0mVa5Z5DA,Kikai Udon,음악·보이스형,애니송커버,10300.0,4159.4,0.0194957824647118,0.504915707841271,0.4533747300215982,0.4928760593220339,0.3401727861771058,0.8201943844492442,0.94416,검증필요,True,점수상위검증형,라이브친화도 상위권,한국 타깃 적합성 낮음 / 성장성 신뢰도 낮음,"최종=0.505, 채널력=0.453, 성장성=0.493, 팬밀도=0.340, 라이브=0.820, 실전성=0.944, 운영제외리스크=0.120, 검증필요리스크=0.398",순위 1단계 하락 / 최종점수 -0.001 / 성장성 -0.000 / shortlist 신규 선정
620,1310,UC5FB4WNFz8uTXzAQ6qXLpmA,하야부사 츠바사 Hayabusa Tsubasa,음악·보이스형,ASMR,5570.0,1174.4,0.0762582596821198,0.5044496928725702,0.2133774298056155,0.5,0.91414686825054,0.3960583153347732,0.93312,검증필요,True,데이터검증형,팬밀도 상위권,한국 타깃 적합성 낮음 / 수집 영상 수 부족 / 성장성 신뢰도 낮음,"최종=0.504, 채널력=0.213, 성장성=0.500, 팬밀도=0.914, 라이브=0.396, 실전성=0.933, 운영제외리스크=0.128, 검증필요리스크=0.516",순위 5단계 상승 / 최종점수 -0.000 / shortlist 신규 선정
621,1341,UC0a5eZngTWFxSCKcTc5rwTg,KeiM,음악·보이스형,JPOP커버,1280.0,1211.5,0.028487426188674,0.5002317911599141,0.2495950323974081,0.6509860860013079,0.5134989200863931,0.4203721168874098,0.95984,검증필요,True,점수상위검증형,성장성 상위권 / 성장성 신뢰도 양호,한국 타깃 적합성 낮음,"최종=0.500, 채널력=0.250, 성장성=0.651, 팬밀도=0.513, 라이브=0.420, 실전성=0.960, 운영제외리스크=0.120, 검증필요리스크=0.202",순위 27단계 하락 / 최종점수 -0.005 / 성장성 -0.000 / shortlist 신규 선정
622,1400,UCpJtEHsVXA2dJti9UCJaFbg,Lets C-Drama,,서브컬쳐게임,138000.0,4387.4,0.0036626152458469,0.4901186077383232,0.6291036717062635,0.6230882780977401,0.0313174946004319,0.5429575552232195,0.96152,검증필요,True,점수상위검증형,성장성 상위권 / 성장성 신뢰도 양호,한국 타깃 적합성 낮음 / 상위 세그먼트 불명확,"최종=0.490, 채널력=0.629, 성장성=0.623, 팬밀도=0.031, 라이브=0.543, 실전성=0.962, 운영제외리스크=0.120, 검증필요리스크=0.181",순위 5단계 상승 / 최종점수 +0.000 / 성장성 +0.000 / shortlist 신규 선정
623,1436,UC22aUGfjEpC0sqcX-Wc_MJA,CoasVibe,음악·보이스형,애니송커버,1420.0,236.9,0.0,0.4851522207141664,0.2241225701943844,0.924566305329395,0.0026997840172786,0.5281915819691334,0.9688,검증필요,True,점수상위검증형,성장성 상위권 / 성장성 신뢰도 양호,한국 타깃 적합성 낮음,"최종=0.485, 채널력=0.224, 성장성=0.925, 팬밀도=0.003, 라이브=0.528, 실전성=0.969, 운영제외리스크=0.120, 검증필요리스크=0.090",순위 7단계 상승 / 최종점수 -0.000 / 성장성 +0.000 / shortlist 신규 선정
624,1502,UCS0z6LfNHIADtvOgR8A9LOQ,Island spoon asmr,음악·보이스형,ASMR보이스,2590.0,24337.2,0.0107462295571247,0.4756982235290411,0.4954508639308855,0.6646244937991009,0.1387688984881209,0.4203721168874098,0.95984,검증필요,True,점수상위검증형,성장성 상위권 / 성장성 신뢰도 양호,한국 타깃 적합성 낮음,"최종=0.476, 채널력=0.495, 성장성=0.665, 팬밀도=0.139, 라이브=0.420, 실전성=0.960, 운영제외리스크=0.120, 검증필요리스크=0.202",순위 6단계 상승 / 최종점수 -0.000 / 성장성 +0.000 / shortlist 신규 선정
625,1591,UCCcjCgSl9qVzD0IQ3LR5ORQ,Bigstart,창작·비주얼형,코스프레,78000.0,75.6,0.0150716557752526,0.4566520419006479,0.2811690064794816,0.5,0.2392008639308855,0.8857991360691143,0.94416,검증필요,True,점수상위검증형,라이브친화도 상위권,한국 타깃 적합성 낮음 / 성장성 신뢰도 낮음,"최종=0.457, 채널력=0.281, 성장성=0.500, 팬밀도=0.239, 라이브=0.886, 실전성=0.944, 운영제외리스크=0.120, 검증필요리스크=0.398",순위 25단계 하락 / 최종점수 -0.008 / shortlist 신규 선정
626,1659,UCfqCxoSTvZ20bzHayhXsy5A,CHEL,창작·비주얼형,일러스트리깅,1070.0,100.5,0.0082605363984674,0.4379358886251645,0.2663741900647948,0.4700506280131175,0.0939524838012959,0.8660389635396776,0.9688,검증필요,True,점수상위검증형,라이브친화도 상위권,한국 타깃 적합성 낮음,"최종=0.438, 채널력=0.266, 성장성=0.470, 팬밀도=0.094, 라이브=0.866, 실전성=0.969, 운영제외리스크=0.120, 검증필요리스크=0.090",순위 2단계 하락 / 최종점수 -0.001 / 성장성 +0.000 / shortlist 신규 선정
627,1681,UCeoBcfq0mwsyd-sx34Cb1Eg,Moises Ferrito,음악·보이스형,ASMR보이스,1510.0,2109.2,0.0032957755761461,0.4318315775377969,0.307694384449244,0.5,0.0286177105831533,0.990280777537797,0.94416,검증필요,True,점수상위검증형,라이브친화도 상위권,한국 타깃 적합성 낮음 / 성장성 신뢰도 낮음,"최종=0.432, 채널력=0.308, 성장성=0.500, 팬밀도=0.029, 라이브=0.990, 실전성=0.944, 운영제외리스크=0.120, 검증필요리스크=0.398",순위 1단계 상승 / 최종점수 +0.000 / shortlist 신규 선정
628,1697,UCit2oUSAmvOs3Mz18gRlLvQ,ALL AI IVIDS,창작·비주얼형,코스프레,1610.0,592.0,0.0236576553057677,0.4282101685245834,0.2214902807775378,0.6359624723006132,0.4206263498920086,0.4203721168874098,0.91984,검증필요,True,점수상위검증형,성장성 상위권 / 성장성 신뢰도 양호,AI/뉴스/자동생성성 채널 의심 / 한국 타깃 적합성 낮음,"최종=0.428, 채널력=0.221, 성장성=0.636, 팬밀도=0.421, 라이브=0.420, 실전성=0.920, 운영제외리스크=0.320, 검증필요리스크=0.202",순위 8단계 하락 / 최종점수 -0.001 / 성장성 -0.000 / shortlist 신규 선정
629,1720,UCY6ZgYHrULTapsUWOKC6X4Q,しろちゃん【시로챤】,서브컬쳐 토크·팬덤형,저스트채팅,7680.0,813.7,0.004831484380154,0.419044820383475,0.1977456803455723,0.5522634601829186,0.044816414686825,0.923558604167536,0.94672,검증필요,True,점수상위검증형,라이브친화도 상위권 / 성장성 신뢰도 양호,한국 타깃 적합성 낮음 / 수집 영상 수 부족,"최종=0.419, 채널력=0.198, 성장성=0.552, 팬밀도=0.045, 라이브=0.924, 실전성=0.947, 운영제외리스크=0.136, 검증필요리스크=0.326",순위 6단계 상승 / 최종점수 +0.000 / 성장성 +0.000 / shortlist 신규 선정
630,1739,UC8xrodx6uYIvNaSXG7vPSPA,sukwindallinrush,,서브컬쳐게임,2210.0,17.7,0.0027777777777777,0.4097672674649317,0.3036447084233261,0.4242729097379881,0.0242980561555075,0.8660389635396776,0.96152,검증필요,True,점수상위검증형,라이브친화도 상위권 / 성장성 신뢰도 양호,한국 타깃 적합성 낮음 / 상위 세그먼트 불명확,"최종=0.410, 채널력=0.304, 성장성=0.424, 팬밀도=0.024, 라이브=0.866, 실전성=0.962, 운영제외리스크=0.120, 검증필요리스크=0.181",순위 1단계 상승 / 최종점수 -0.000 / 성장성 +0.000 / shortlist 신규 선정
631,372,UCvh6V_1iSXOAQIbmsibnR8w,윤하필름,음악·보이스형,JPOP커버,1750.0,19689.0,0.0484253364418203,0.6181342598023318,0.6081803455723542,0.4956085156637538,0.7737580993520519,0.4203721168874098,0.98432,보류,False,,뚜렷한 강점 신호 부족,성장성 신뢰도 낮음,"최종=0.618, 채널력=0.608, 성장성=0.496, 팬밀도=0.774, 라이브=0.420, 실전성=0.984, 운영제외리스크=0.000, 검증필요리스크=0.196",순위 7단계 하락 / 최종점수 -0.001 / 성장성 -0.000 / 버킷 변경: 성장관찰 → 보류
632,373,UCIMgVrpjHZZHU-3gmzDLYFQ,아랑개비,게임 실황형,니케,3940.0,16388.1,0.0442175469287417,0.6181293488800146,0.640523758099352,0.4990274160260424,0.7370410367170627,0.4203721168874098,0.98432,보류,False,,뚜렷한 강점 신호 부족,성장성 신뢰도 낮음,"최종=0.618, 채널력=0.641, 성장성=0.499, 팬밀도=0.737, 라이브=0.420, 실전성=0.984, 운영제외리스크=0.000, 검증필요리스크=0.196",순위 9단계 하락 / 최종점수 -0.001 / 성장성 +0.000 / 버킷 변경: 성장관찰 → 보류
633,382,UCIqT7Mdf0h3o7Cr169whWew,노래맛 김쿠키,,커버기타,6910.0,1293.5,0.0566368089346252,0.6174168253801575,0.5212742980561555,0.5177703813111874,0.83207343412527,0.4203721168874098,0.98376,보류,False,,팬밀도 상위권,상위 세그먼트 불명확,"최종=0.617, 채널력=0.521, 성장성=0.518, 팬밀도=0.832, 라이브=0.420, 실전성=0.984, 운영제외리스크=0.000, 검증필요리스크=0.203",순위 32단계 상승 / 최종점수 +0.006 / 성장성 -0.000
634,400,UCWzx411dL_aN0emy00177qg,스콘부A,버츄얼 퍼포먼스형,버튜버,1830.0,7621.3,0.0559916249259126,0.6143271258392634,0.5370140388768898,0.469231318618855,0.8266738660907127,0.4203721168874098,0.99104,보류,False,,팬밀도 상위권,주요 자동 리스크 낮음,"최종=0.614, 채널력=0.537, 성장성=0.469, 팬밀도=0.827, 라이브=0.420, 실전성=0.991, 운영제외리스크=0.000, 검증필요리스크=0.112",순위 3단계 하락 / 최종점수 -0.000 / 성장성 +0.000
635,407,UC3BrdzL8c44dONEUvKrkM9w,김하루,버츄얼 퍼포먼스형,버튜버,8000.0,11968.2,0.0429658988339296,0.6135488786177106,0.6436825053995681,0.5,0.728401727861771,0.3960583153347732,0.98432,보류,False,,뚜렷한 강점 신호 부족,성장성 신뢰도 낮음,"최종=0.614, 채널력=0.644, 성장성=0.500, 팬밀도=0.728, 라이브=0.396, 실전성=0.984, 운영제외리스크=0.000, 검증필요리스크=0.196",순위 13단계 하락 / 최종점수 -0.001
636,414,UCwqSwHBOqusbamBOyTN8R8g,김하루,버츄얼 퍼포먼스형,버튜버,16300.0,27564.1,0.0529475543313362,0.6123165242559578,0.6154157667386608,0.4928760593220339,0.8061555075593952,0.3960583153347732,0.97536,보류,False,,팬밀도 상위권,성장성 신뢰도 낮음,"최종=0.612, 채널력=0.615, 성장성=0.493, 팬밀도=0.806, 라이브=0.396, 실전성=0.975, 운영제외리스크=0.000, 검증필요리스크=0.308",순위 3단계 하락 / 최종점수 +0.000 / 성장성 -0.000
637,415,UCiSU1dQPThrrYzWES9w1U6Q,사라당 Saradang ASMR,음악·보이스형,ASMR,36400.0,12626.3,0.0335711116028133,0.6120164812095032,0.7614470842332614,0.5,0.603671706263499,0.3960583153347732,0.98432,보류,False,,뚜렷한 강점 신호 부족,성장성 신뢰도 낮음,"최종=0.612, 채널력=0.761, 성장성=0.500, 팬밀도=0.604, 라이브=0.396, 실전성=0.984, 운영제외리스크=0.000, 검증필요리스크=0.196",순위 12단계 하락 / 최종점수 -0.001
638,441,UCbd8JzgMiv3LO_0kGdOvDbg,기라파,버츄얼 퍼포먼스형,버튜버,1850.0,4192.5,0.0475110171658559,0.6074786842332613,0.5761339092872569,0.5,0.7683585313174947,0.3960583153347732,0.98432,보류,False,,뚜렷한 강점 신호 부족,성장성 신뢰도 낮음,"최종=0.607, 채널력=0.576, 성장성=0.500, 팬밀도=0.768, 라이브=0.396, 실전성=0.984, 운영제외리스크=0.000, 검증필요리스크=0.196",순위 10단계 하락 / 최종점수 -0.001
639,446,UCpqXnVrXZchs6h199puJC5g,한애 羽,음악·보이스형,보컬로이드JPOP커버,1100.0,30382.7,0.0546240223202586,0.6067451529157667,0.5247435205183585,0.5,0.816414686825054,0.3960583153347732,0.98432,보류,False,,팬밀도 상위권,성장성 신뢰도 낮음,"최종=0.607, 채널력=0.525, 성장성=0.500, 팬밀도=0.816, 라이브=0.396, 실전성=0.984, 운영제외리스크=0.000, 검증필요리스크=0.196",순위 3단계 하락 / 최종점수 +0.000
640,448,UCaBVweP1kQY7I2JwEwHihGg,루필 Rupil,음악·보이스형,애니송커버,1810.0,8085.5,0.0458785668392227,0.6064054637151621,0.5407937365010799,0.4969409023626151,0.7516198704103672,0.4203721168874098,0.99104,보류,False,,뚜렷한 강점 신호 부족,주요 자동 리스크 낮음,"최종=0.606, 채널력=0.541, 성장성=0.497, 팬밀도=0.752, 라이브=0.420, 실전성=0.991, 운영제외리스크=0.000, 검증필요리스크=0.112",순위 8단계 하락 / 최종점수 -0.001 / 성장성 -0.000
641,458,UCK72hqlUxI_E5VwL4cy8-ww,웅이woongei,음악·보이스형,ASMR보이스,722000.0,61327.0,0.0312802133518082,0.6055915352051835,0.823731101511879,0.5,0.5712742980561555,0.3960583153347732,0.88432,보류,False,,뚜렷한 강점 신호 부족,성장성 신뢰도 낮음,"최종=0.606, 채널력=0.824, 성장성=0.500, 팬밀도=0.571, 라이브=0.396, 실전성=0.884, 운영제외리스크=0.000, 검증필요리스크=0.196",순위 17단계 하락 / 최종점수 -0.001
642,465,UCDhxNmcXycyzgurPmu-UwCg,이남이,창작·비주얼형,코스프레,25800.0,71346.3,0.0252851980932183,0.6046081135384074,0.6010394168466523,0.5073853205064175,0.453023758099352,0.738474168723263,0.99104,보류,False,,라이브친화도 상위권 / 성장성 신뢰도 양호,주요 자동 리스크 낮음,"최종=0.605, 채널력=0.601, 성장성=0.507, 팬밀도=0.453, 라이브=0.738, 실전성=0.991, 운영제외리스크=0.000, 검증필요리스크=0.112",순위 218단계 상승 / 최종점수 +0.026 / 성장성 +0.001
643,466,UCqp4QguOSkCttXooqB5qVjw,연주NUKI,게임 실황형,롤,3410.0,5473.7,0.0421040657630373,0.6040634574514038,0.6054265658747299,0.5,0.7235421166306696,0.3960583153347732,0.98432,보류,False,,뚜렷한 강점 신호 부족,성장성 신뢰도 낮음,"최종=0.604, 채널력=0.605, 성장성=0.500, 팬밀도=0.724, 라이브=0.396, 실전성=0.984, 운영제외리스크=0.000, 검증필요리스크=0.196",순위 11단계 하락 / 최종점수 -0.001
644,467,UCk_QmLS-WIMPrDii6C9s46Q,모카형,버츄얼 퍼포먼스형,버튜버,140000.0,26700.6,0.0376464968122555,0.6040598100914881,0.5409152267818574,0.590387136335455,0.66792656587473,0.4203721168874098,0.98208,보류,False,,성장성 상위권 / 성장성 신뢰도 양호,수집 영상 수 부족,"최종=0.604, 채널력=0.541, 성장성=0.590, 팬밀도=0.668, 라이브=0.420, 실전성=0.982, 운영제외리스크=0.000, 검증필요리스크=0.224",순위 89단계 상승 / 최종점수 +0.009 / 성장성 +0.001
645,471,UCfxpmO3zYjphIGs8SNm4FwQ,무과금씹덕쉑,,서브컬쳐게임,8850.0,40382.9,0.0316267204946075,0.6038672950323973,0.7909557235421165,0.5,0.5745140388768899,0.3960583153347732,0.97704,보류,False,,뚜렷한 강점 신호 부족,상위 세그먼트 불명확 / 성장성 신뢰도 낮음,"최종=0.604, 채널력=0.791, 성장성=0.500, 팬밀도=0.575, 라이브=0.396, 실전성=0.977, 운영제외리스크=0.000, 검증필요리스크=0.287",순위 20단계 하락 / 최종점수 -0.002
646,472,UClVeEhZjqzMJ18wVUzDK67w,류벨라,버츄얼 퍼포먼스형,버튜버,4450.0,934.7,0.0528882107657767,0.6037352648653257,0.4131209503239741,0.5095578842549767,0.8050755939524838,0.4203721168874098,1.0,보류,False,,팬밀도 상위권 / 실전성 리스크 낮음 / 성장성 신뢰도 양호,주요 자동 리스크 낮음,"최종=0.604, 채널력=0.413, 성장성=0.510, 팬밀도=0.805, 라이브=0.420, 실전성=1.000, 운영제외리스크=0.000, 검증필요리스크=0.000",순위 56단계 하락 / 최종점수 -0.008 / 성장성 -0.000 / 버킷 변경: 검증필요 → 보류
647,476,UCvjk_5hq5EvpBdAyGVwqCaQ,요조숙녀 두팔짱,음악·보이스형,ASMR,477000.0,376473.2,0.0283237674357647,0.6033401255694844,0.7973677105831534,0.4838842920459784,0.5107991360691144,0.4203721168874098,0.9,보류,False,,성장성 신뢰도 양호,주요 자동 리스크 낮음,"최종=0.603, 채널력=0.797, 성장성=0.484, 팬밀도=0.511, 라이브=0.420, 실전성=0.900, 운영제외리스크=0.000, 검증필요리스크=0.000",순위 19단계 하락 / 최종점수 -0.001 / 성장성 +0.002 / 버킷 변경: 검증필요 → 보류
648,478,UCs93p1sUv9fsvcjkluyh7cQ,편의점우산도둑병찬이,,커버기타,17000.0,462228.1111111111,0.0393588416500042,0.6028715447084234,0.7115010799136069,0.5,0.6954643628509719,0.3960583153347732,0.96808,보류,False,,뚜렷한 강점 신호 부족,상위 세그먼트 불명확 / 성장성 신뢰도 낮음,"최종=0.603, 채널력=0.712, 성장성=0.500, 팬밀도=0.695, 라이브=0.396, 실전성=0.968, 운영제외리스크=0.000, 검증필요리스크=0.399",순위 6단계 하락 / 최종점수 -0.000
649,480,UCukHByk1Ma3FwXRe5ZZ5TAg,바가민은 외롭다진짜,음악·보이스형,성우더빙,120000.0,49107.7,0.0176199331265399,0.602822011874972,0.8629589632829373,0.5499517739916802,0.2996760259179266,0.4203721168874098,1.0,보류,False,,실전성 리스크 낮음 / 성장성 신뢰도 양호,주요 자동 리스크 낮음,"최종=0.603, 채널력=0.863, 성장성=0.550, 팬밀도=0.300, 라이브=0.420, 실전성=1.000, 운영제외리스크=0.000, 검증필요리스크=0.000",순위 10단계 하락 / 최종점수 -0.000 / 성장성 +0.001
650,481,UCgrO99PBjPH_JfwFQbh7jEQ,필리샤 Pilrisya [UNet],버츄얼 퍼포먼스형,버튜버,1540.0,1011.5,0.0677087310663712,0.60274757624043,0.3629049676025917,0.4809995702058661,0.8871490280777538,0.4203721168874098,1.0,보류,False,,팬밀도 상위권 / 실전성 리스크 낮음,주요 자동 리스크 낮음,"최종=0.603, 채널력=0.363, 성장성=0.481, 팬밀도=0.887, 라이브=0.420, 실전성=1.000, 운영제외리스크=0.000, 검증필요리스크=0.000",순위 2단계 하락 / 최종점수 +0.000 / 성장성 -0.000
651,485,UC7GXT1TeD0kc7FZrv9lHgkQ,블루크리퍼,창작·비주얼형,일러스트리깅,3750.0,84180.3,0.0223542381230947,0.6023273606690485,0.6439929805615552,0.5151053231776698,0.3995680345572354,0.6567629790211136,1.0,보류,False,,라이브친화도 상위권 / 실전성 리스크 낮음 / 성장성 신뢰도 양호,주요 자동 리스크 낮음,"최종=0.602, 채널력=0.644, 성장성=0.515, 팬밀도=0.400, 라이브=0.657, 실전성=1.000, 운영제외리스크=0.000, 검증필요리스크=0.000",최종점수 +0.000 / 성장성 +0.000
652,486,UC8f3w5jkfwzT6zrvMQFVyhQ,니야쵸,음악·보이스형,ASMR보이스,65300.0,10286.3,0.0404142061995953,0.602266751187905,0.6129184665226782,0.5,0.7078833693304536,0.3960583153347732,0.98432,보류,False,,뚜렷한 강점 신호 부족,성장성 신뢰도 낮음,"최종=0.602, 채널력=0.613, 성장성=0.500, 팬밀도=0.708, 라이브=0.396, 실전성=0.984, 운영제외리스크=0.000, 검증필요리스크=0.196",순위 6단계 하락 / 최종점수 -0.000
653,487,UCnUUx5um7SzSgv56Z7tNxNw,나유타Nayuta,음악·보이스형,성우더빙,17700.0,42242.2,0.0383318046453092,0.602240960261573,0.7535097192224622,0.3347749235056905,0.6803455723542117,0.4203721168874098,1.0,보류,False,,실전성 리스크 낮음 / 성장성 신뢰도 양호,주요 자동 리스크 낮음,"최종=0.602, 채널력=0.754, 성장성=0.335, 팬밀도=0.680, 라이브=0.420, 실전성=1.000, 운영제외리스크=0.000, 검증필요리스크=0.000",순위 21단계 상승 / 최종점수 +0.002 / 성장성 -0.000
654,489,UCaCZSrBILC5F__sIIUYgtVw,달동네꽃비와 클레이,음악·보이스형,애니송커버,464000.0,2050578.6,0.0228323202953636,0.6019248615228088,0.887769978401728,0.5224460025241424,0.4109071274298056,0.4203721168874098,0.89104,보류,False,,뚜렷한 강점 신호 부족,주요 자동 리스크 낮음,"최종=0.602, 채널력=0.888, 성장성=0.522, 팬밀도=0.411, 라이브=0.420, 실전성=0.891, 운영제외리스크=0.000, 검증필요리스크=0.112",순위 14단계 하락 / 최종점수 -0.001 / 성장성 +0.000
655,493,UCq81SqFYeHsrG3jxDlZoVkA,먕추 MYANGCHU,음악·보이스형,보컬로이드JPOP커버,1750.0,5913.5,0.0759185798067139,0.6015357005488717,0.3981371490280777,0.4652091810883755,0.9125269978401728,0.4203721168874098,0.99104,보류,False,,팬밀도 상위권 / 성장성 신뢰도 양호,주요 자동 리스크 낮음,"최종=0.602, 채널력=0.398, 성장성=0.465, 팬밀도=0.913, 라이브=0.420, 실전성=0.991, 운영제외리스크=0.000, 검증필요리스크=0.112",순위 10단계 하락 / 최종점수 -0.001 / 성장성 +0.000
656,494,UCrWBTUXbWG3VjNas9mt9tHw,쿠모 COOMO,,커버기타,284000.0,11365.3,0.0207481736297551,0.6013224996104855,0.5690199784017278,0.5540956356788194,0.3644708423326134,0.8610596070590728,0.98376,보류,False,,라이브친화도 상위권 / 성장성 신뢰도 양호,상위 세그먼트 불명확,"최종=0.601, 채널력=0.569, 성장성=0.554, 팬밀도=0.364, 라이브=0.861, 실전성=0.984, 운영제외리스크=0.000, 검증필요리스크=0.203",순위 12단계 하락 / 최종점수 -0.001 / 성장성 +0.001
657,495,UCKjOjKWIK7QVVahP_Fqccxw,제리제이 Jerry.j,창작·비주얼형,코스프레,7500.0,2130.4,0.0453827279434485,0.6012377767300501,0.5012149028077754,0.4768165466536764,0.7473002159827213,0.4203721168874098,1.0,보류,False,,실전성 리스크 낮음 / 성장성 신뢰도 양호,주요 자동 리스크 낮음,"최종=0.601, 채널력=0.501, 성장성=0.477, 팬밀도=0.747, 라이브=0.420, 실전성=1.000, 운영제외리스크=0.000, 검증필요리스크=0.000",순위 73단계 하락 / 최종점수 -0.009 / 성장성 +0.001 / 버킷 변경: 검증필요 → 보류
658,496,UCyPy6GR9t5Wh76XAsq1IxzQ,초보중국어독학채널,음악·보이스형,ASMR보이스,4590.0,1665.2,0.0347752452341695,0.601213435243914,0.4627699784017278,0.601120232953576,0.6274298056155507,0.4203721168874098,1.0,보류,False,,성장성 상위권 / 실전성 리스크 낮음 / 성장성 신뢰도 양호,주요 자동 리스크 낮음,"최종=0.601, 채널력=0.463, 성장성=0.601, 팬밀도=0.627, 라이브=0.420, 실전성=1.000, 운영제외리스크=0.000, 검증필요리스크=0.000",순위 41단계 상승 / 최종점수 +0.004 / 성장성 +0.000
659,498,UCn-hcjKQWqlK8ncO9bFx9-Q,파도SSS,음악·보이스형,보컬로이드JPOP커버,1660.0,15973.2,0.0563799911581017,0.6008251493100748,0.4783747300215982,0.4636897023506172,0.8309935205183585,0.4203721168874098,0.99104,보류,False,,팬밀도 상위권 / 성장성 신뢰도 양호,주요 자동 리스크 낮음,"최종=0.601, 채널력=0.478, 성장성=0.464, 팬밀도=0.831, 라이브=0.420, 실전성=0.991, 운영제외리스크=0.000, 검증필요리스크=0.112",순위 17단계 하락 / 최종점수 -0.002 / 성장성 +0.001
660,499,UCkruCX-PB-riJ8vl717ts7Q,대백과,버츄얼 퍼포먼스형,버튜버,2530.0,18770.2,0.0307592449170576,0.6007996060475163,0.7175215982721382,0.5,0.5620950323974082,0.3960583153347732,0.99104,보류,False,,뚜렷한 강점 신호 부족,주요 자동 리스크 낮음,"최종=0.601, 채널력=0.718, 성장성=0.500, 팬밀도=0.562, 라이브=0.396, 실전성=0.991, 운영제외리스크=0.000, 검증필요리스크=0.112",순위 34단계 상승 / 최종점수 +0.003
661,501,UCWUgQSx1hYMMmMTXebn2SOg,재현ASMR,음악·보이스형,ASMR,3520.0,1854.8,0.0342280638673905,0.6007341314261075,0.4587742980561555,0.4224265028730111,0.6182505399568035,0.7700616417254227,1.0,보류,False,,라이브친화도 상위권 / 실전성 리스크 낮음 / 성장성 신뢰도 양호,주요 자동 리스크 낮음,"최종=0.601, 채널력=0.459, 성장성=0.422, 팬밀도=0.618, 라이브=0.770, 실전성=1.000, 운영제외리스크=0.000, 검증필요리스크=0.000",순위 8단계 하락 / 최종점수 -0.000 / 성장성 -0.003
662,504,UC44QE3DVUuDrhUC5yp4zRYQ,라디유,음악·보이스형,ASMR,335000.0,66550.7,0.034635937933563,0.6003280913947197,0.8214632829373649,0.3634049120481686,0.6263498920086393,0.4203721168874098,0.9,보류,False,,성장성 신뢰도 양호,주요 자동 리스크 낮음,"최종=0.600, 채널력=0.821, 성장성=0.363, 팬밀도=0.626, 라이브=0.420, 실전성=0.900, 운영제외리스크=0.000, 검증필요리스크=0.000",순위 12단계 하락 / 최종점수 -0.001 / 성장성 -0.000
663,505,UCe4SwGmyN6rN154PgCRJKlA,아쿠루 ch.,음악·보이스형,커버,17500.0,10802.0,0.0598887401701838,0.6003232377272946,0.4809530237580993,0.508302546666976,0.8498920086393088,0.4203721168874098,0.97536,보류,False,,팬밀도 상위권,성장성 신뢰도 낮음,"최종=0.600, 채널력=0.481, 성장성=0.508, 팬밀도=0.850, 라이브=0.420, 실전성=0.975, 운영제외리스크=0.000, 검증필요리스크=0.308",순위 7단계 하락 / 최종점수 -0.000 / 성장성 -0.000 / 버킷 변경: 성장관찰 → 보류
664,508,UCGHKnMwHyKq0RdeiGhZ1rOw,와니,음악·보이스형,보컬로이드JPOP커버,10900.0,6660.7,0.0402583005733384,0.6001493105831534,0.604913606911447,0.5,0.7062634989200864,0.3960583153347732,0.98432,보류,False,,뚜렷한 강점 신호 부족,성장성 신뢰도 낮음,"최종=0.600, 채널력=0.605, 성장성=0.500, 팬밀도=0.706, 라이브=0.396, 실전성=0.984, 운영제외리스크=0.000, 검증필요리스크=0.196",순위 8단계 하락 / 최종점수 -0.000
665,510,UCybzQL-nUUIcbobgx6CrvkQ,HUBA후바,음악·보이스형,ASMR보이스,22000000.0,2033441.6,0.0222221587932787,0.5998660013458746,0.8963822894168467,0.4827724090196646,0.3974082073434125,0.4203721168874098,0.9,보류,False,,성장성 신뢰도 양호,주요 자동 리스크 낮음,"최종=0.600, 채널력=0.896, 성장성=0.483, 팬밀도=0.397, 라이브=0.420, 실전성=0.900, 운영제외리스크=0.000, 검증필요리스크=0.000",순위 9단계 하락 / 최종점수 -0.000 / 성장성 +0.001
666,511,UCsPJ8zKuRmoUpsOZNgAv-VQ,송슈포,음악·보이스형,보컬로이드JPOP커버,1540.0,9578.5,0.037131945852265,0.5997198448421661,0.5456263498920086,0.5022596779087647,0.6636069114470843,0.4203721168874098,1.0,보류,False,,실전성 리스크 낮음,주요 자동 리스크 낮음,"최종=0.600, 채널력=0.546, 성장성=0.502, 팬밀도=0.664, 라이브=0.420, 실전성=1.000, 운영제외리스크=0.000, 검증필요리스크=0.000",순위 21단계 하락 / 최종점수 -0.002 / 성장성 -0.000
667,512,UCkjdi73VArnYcjWzyeE32aw,로비 ASMR,음악·보이스형,ASMR,5100.0,17250.2,0.0432695126681128,0.5996949369330453,0.5785502159827214,0.5,0.730561555075594,0.3960583153347732,0.98432,보류,False,,뚜렷한 강점 신호 부족,성장성 신뢰도 낮음,"최종=0.600, 채널력=0.579, 성장성=0.500, 팬밀도=0.731, 라이브=0.396, 실전성=0.984, 운영제외리스크=0.000, 검증필요리스크=0.196",순위 16단계 하락 / 최종점수 -0.001
668,513,UC7DGQRVrsapWgb7GMEZiuqw,청평화 이화,창작·비주얼형,코스프레,40300.0,6673.7,0.0052687641533092,0.5996493737223147,0.7275242980561555,0.5920165401170315,0.0491360691144708,0.886796411413387,1.0,보류,False,,성장성 상위권 / 라이브친화도 상위권 / 실전성 리스크 낮음 / 성장성 신뢰도 양호,주요 자동 리스크 낮음,"최종=0.600, 채널력=0.728, 성장성=0.592, 팬밀도=0.049, 라이브=0.887, 실전성=1.000, 운영제외리스크=0.000, 검증필요리스크=0.000",순위 104단계 상승 / 최종점수 +0.013 / 성장성 -0.001
669,518,UCyCm1Jf-oOQPDNpyRNNcdtA,만나나,창작·비주얼형,코스프레,17000.0,114667.3,0.0284345712557495,0.5991017818574514,0.713458423326134,0.5,0.5124190064794817,0.3960583153347732,1.0,보류,False,,실전성 리스크 낮음 / 성장성 신뢰도 양호,주요 자동 리스크 낮음,"최종=0.599, 채널력=0.713, 성장성=0.500, 팬밀도=0.512, 라이브=0.396, 실전성=1.000, 운영제외리스크=0.000, 검증필요리스크=0.000",순위 34단계 하락 / 최종점수 -0.003
670,519,UC0YWaYfNf_t09EtPTNVP8hA,하디아,음악·보이스형,성우,33000.0,60355.7,0.0250691693682904,0.5989650473462944,0.8499730021598273,0.4284381626311609,0.4497840172786177,0.4203721168874098,1.0,보류,False,,실전성 리스크 낮음 / 성장성 신뢰도 양호,주요 자동 리스크 낮음,"최종=0.599, 채널력=0.850, 성장성=0.428, 팬밀도=0.450, 라이브=0.420, 실전성=1.000, 운영제외리스크=0.000, 검증필요리스크=0.000",순위 28단계 하락 / 최종점수 -0.002 / 성장성 +0.001
671,521,UCOmuJ_KfgmOQerSu4lLp2UA,성우지망생 키요,음악·보이스형,성우,9650.0,1886.9,0.0669235813358907,0.5988811395248381,0.3886069114470842,0.5,0.8822894168466523,0.3960583153347732,0.99104,보류,False,,팬밀도 상위권 / 성장성 신뢰도 양호,주요 자동 리스크 낮음,"최종=0.599, 채널력=0.389, 성장성=0.500, 팬밀도=0.882, 라이브=0.396, 실전성=0.991, 운영제외리스크=0.000, 검증필요리스크=0.112",순위 47단계 하락 / 최종점수 -0.004
672,522,UCi8heUjhwwUdb0DdLpQJp9w,어썸재,창작·비주얼형,코스프레,2110.0,1616.3,0.0219819082586203,0.5988174404067235,0.4871220302375809,0.5417816174828938,0.3920086393088552,0.8247322680753149,1.0,보류,False,,라이브친화도 상위권 / 실전성 리스크 낮음 / 성장성 신뢰도 양호,주요 자동 리스크 낮음,"최종=0.599, 채널력=0.487, 성장성=0.542, 팬밀도=0.392, 라이브=0.825, 실전성=1.000, 운영제외리스크=0.000, 검증필요리스크=0.000",순위 141단계 하락 / 최종점수 -0.018 / 성장성 +0.001 / 버킷 변경: 검증필요 → 보류
673,524,UCGwLDCH7MAVPTr3fb-uxPVw,카키모찌 KAKIMOCHI,음악·보이스형,애니송커버,23300.0,295900.8,0.0400357877083109,0.598802697488149,0.6411582073434126,0.4923930269915332,0.703023758099352,0.4203721168874098,0.97536,보류,False,,뚜렷한 강점 신호 부족,성장성 신뢰도 낮음,"최종=0.599, 채널력=0.641, 성장성=0.492, 팬밀도=0.703, 라이브=0.420, 실전성=0.975, 운영제외리스크=0.000, 검증필요리스크=0.308",순위 4단계 하락 / 최종점수 -0.000 / 성장성 -0.000
674,525,UC9RzStjMsc1J1lvUicR-Egg,나의썩저씨,버츄얼 퍼포먼스형,버튜버,10500.0,18814.2,0.0339126863146736,0.5986028617710584,0.6107586393088553,0.5,0.6128509719222462,0.3960583153347732,1.0,보류,False,,실전성 리스크 낮음 / 성장성 신뢰도 양호,주요 자동 리스크 낮음,"최종=0.599, 채널력=0.611, 성장성=0.500, 팬밀도=0.613, 라이브=0.396, 실전성=1.000, 운영제외리스크=0.000, 검증필요리스크=0.000",순위 14단계 하락 / 최종점수 -0.001
675,527,UCZW0yRW2HK7_fzgL9HQu9ZA,순당무,,게임기타,234000.0,35440.1,0.0218044884850832,0.5985660677762005,0.7912526997840172,0.551319570059782,0.3876889848812095,0.4203721168874098,0.99272,보류,False,,뚜렷한 강점 신호 부족,상위 세그먼트 불명확,"최종=0.599, 채널력=0.791, 성장성=0.551, 팬밀도=0.388, 라이브=0.420, 실전성=0.993, 운영제외리스크=0.000, 검증필요리스크=0.091",순위 2단계 하락 / 최종점수 -0.000 / 성장성 +0.000
676,528,UCjlaOno4jz3b2SfWFOaWCrA,타리 TARI,버츄얼 퍼포먼스형,버튜버,4290.0,12070.0,0.0253596019265538,0.5984801497036683,0.6194114470842332,0.6031951233798812,0.4557235421166307,0.4203721168874098,1.0,보류,False,,성장성 상위권 / 실전성 리스크 낮음 / 성장성 신뢰도 양호,주요 자동 리스크 낮음,"최종=0.598, 채널력=0.619, 성장성=0.603, 팬밀도=0.456, 라이브=0.420, 실전성=1.000, 운영제외리스크=0.000, 검증필요리스크=0.000",순위 393단계 상승 / 최종점수 +0.046 / 성장성 +0.000
677,529,UCJO_GdkVMTu7kilE51QPkJg,이보늬 Yvonnie,음악·보이스형,성우더빙,8890.0,14965.6,0.0336625410107413,0.598347482314699,0.6657127429805616,0.4492482319799059,0.6047516198704104,0.4203721168874098,1.0,보류,False,,실전성 리스크 낮음 / 성장성 신뢰도 양호,주요 자동 리스크 낮음,"최종=0.598, 채널력=0.666, 성장성=0.449, 팬밀도=0.605, 라이브=0.420, 실전성=1.000, 운영제외리스크=0.000, 검증필요리스크=0.000",순위 17단계 하락 / 최종점수 -0.001 / 성장성 +0.000
678,531,UCjBPx2oip2bKnnfqKyas0ew,밑줄,,서브컬쳐게임,21400.0,4567.8,0.0616469810628999,0.5979934833601107,0.5992170626349892,0.3314849774598938,0.8569114470842333,0.4203721168874098,0.99272,보류,False,,팬밀도 상위권 / 성장성 신뢰도 양호,상위 세그먼트 불명확,"최종=0.598, 채널력=0.599, 성장성=0.331, 팬밀도=0.857, 라이브=0.420, 실전성=0.993, 운영제외리스크=0.000, 검증필요리스크=0.091",순위 1단계 하락 / 최종점수 -0.000 / 성장성 +0.000
679,533,UC0sWvYDGJTbscoVTw3I05sw,푸후(쌍둥이 아이돌),버츄얼 퍼포먼스형,버튜버,8490.0,3085.5,0.0687806858164189,0.5979134929674113,0.4598677105831533,0.3845802123270654,0.8909287257019438,0.4203721168874098,1.0,보류,False,,팬밀도 상위권 / 실전성 리스크 낮음 / 성장성 신뢰도 양호,주요 자동 리스크 낮음,"최종=0.598, 채널력=0.460, 성장성=0.385, 팬밀도=0.891, 라이브=0.420, 실전성=1.000, 운영제외리스크=0.000, 검증필요리스크=0.000",순위 5단계 하락 / 최종점수 -0.000 / 성장성 -0.000
680,534,UCzB-9ive-rEOswi5G6BKcTQ,치렌 7N,음악·보이스형,ASMR,2900.0,17906.6,0.0506027585687082,0.5978856845670585,0.4824379049676026,0.4822422542171971,0.7899568034557235,0.4203721168874098,0.99104,보류,False,,뚜렷한 강점 신호 부족,주요 자동 리스크 낮음,"최종=0.598, 채널력=0.482, 성장성=0.482, 팬밀도=0.790, 라이브=0.420, 실전성=0.991, 운영제외리스크=0.000, 검증필요리스크=0.112",순위 8단계 하락 / 최종점수 -0.001 / 성장성 -0.000
681,538,UCcGgLfxljQoPoGUGpkQqU1g,도비비 DovIvI,,커버기타,165000.0,14015.5,0.0259145128841265,0.5976109954682749,0.7914686825053996,0.4849496342485391,0.4676025917926565,0.4203721168874098,0.99272,보류,False,,성장성 신뢰도 양호,상위 세그먼트 불명확,"최종=0.598, 채널력=0.791, 성장성=0.485, 팬밀도=0.468, 라이브=0.420, 실전성=0.993, 운영제외리스크=0.000, 검증필요리스크=0.091",순위 28단계 하락 / 최종점수 -0.002 / 성장성 +0.001
682,539,UCBv8DZT1rnVnwCbsrBRTAkg,삽한,음악·보이스형,보컬로이드JPOP커버,4270.0,6827.1,0.0271018524734307,0.597607051725844,0.5712742980561555,0.4742474433511991,0.4908207343412527,0.6743790697338565,1.0,보류,False,,라이브친화도 상위권 / 실전성 리스크 낮음,주요 자동 리스크 낮음,"최종=0.598, 채널력=0.571, 성장성=0.474, 팬밀도=0.491, 라이브=0.674, 실전성=1.000, 운영제외리스크=0.000, 검증필요리스크=0.000",순위 18단계 하락 / 최종점수 -0.001 / 성장성 -0.000
683,542,UC3yyTdUJwUj1x6NzpVsSTHQ,언주 UNZ,음악·보이스형,JPOP커버,5250.0,10188.8,0.0337382381322045,0.5970408909632747,0.6164686825053995,0.516888085453298,0.6079913606911447,0.4203721168874098,0.99104,보류,False,,뚜렷한 강점 신호 부족,주요 자동 리스크 낮음,"최종=0.597, 채널력=0.616, 성장성=0.517, 팬밀도=0.608, 라이브=0.420, 실전성=0.991, 운영제외리스크=0.000, 검증필요리스크=0.112",순위 15단계 하락 / 최종점수 -0.001 / 성장성 +0.000
684,544,UCL8PpqctjxZmLwMBdfI2bXQ,JPOP비밀공간,창작·비주얼형,코스프레,156000.0,189961.1,0.0146806883501181,0.5967805386351808,0.9349352051835852,0.5261265494466066,0.2305615550755939,0.4203721168874098,1.0,보류,False,,실전성 리스크 낮음 / 성장성 신뢰도 양호,주요 자동 리스크 낮음,"최종=0.597, 채널력=0.935, 성장성=0.526, 팬밀도=0.231, 라이브=0.420, 실전성=1.000, 운영제외리스크=0.000, 검증필요리스크=0.000",순위 112단계 상승 / 최종점수 +0.015 / 성장성 +0.000
685,545,UC1vWCOwjpLJQuhHVcWb5yhQ,이훈상,,배그,38600.0,154630.1,0.0235790310500848,0.5965438609071274,0.9137149028077756,0.5,0.4184665226781857,0.3960583153347732,0.97704,보류,False,,뚜렷한 강점 신호 부족,상위 세그먼트 불명확 / 성장성 신뢰도 낮음,"최종=0.597, 채널력=0.914, 성장성=0.500, 팬밀도=0.418, 라이브=0.396, 실전성=0.977, 운영제외리스크=0.000, 검증필요리스크=0.287",순위 14단계 하락 / 최종점수 -0.001
686,546,UC1aBdmKvC6yAiq4xgPLOzKA,롤체고찌 [롤체하는 다마고찌],,게임기타,127000.0,139606.0,0.0178407864924132,0.5963649241331596,0.8363120950323975,0.5716922983324765,0.3066954643628509,0.4203721168874098,0.99272,보류,False,,성장성 상위권 / 성장성 신뢰도 양호,상위 세그먼트 불명확,"최종=0.596, 채널력=0.836, 성장성=0.572, 팬밀도=0.307, 라이브=0.420, 실전성=0.993, 운영제외리스크=0.000, 검증필요리스크=0.091",순위 103단계 상승 / 최종점수 +0.013 / 성장성 +0.001
687,548,UCYy0mTztHifLl_hCeoj45Yw,엘레나조아요,버츄얼 퍼포먼스형,버튜버,3570.0,25840.6,0.0566676127981446,0.5962115026576857,0.5157532397408208,0.4928760593220339,0.8326133909287257,0.3960583153347732,0.97536,보류,False,,팬밀도 상위권,성장성 신뢰도 낮음,"최종=0.596, 채널력=0.516, 성장성=0.493, 팬밀도=0.833, 라이브=0.396, 실전성=0.975, 운영제외리스크=0.000, 검증필요리스크=0.308",순위 8단계 하락 / 최종점수 -0.000 / 성장성 -0.000
688,550,UC349gwMMWF3LWgcqWTOG42A,락슽,음악·보이스형,성우더빙,3510.0,1347.0,0.0252151509314309,0.5959341019225091,0.5054805615550756,0.5223689173476616,0.4508639308855292,0.7285001115215389,1.0,보류,False,,라이브친화도 상위권 / 실전성 리스크 낮음 / 성장성 신뢰도 양호,주요 자동 리스크 낮음,"최종=0.596, 채널력=0.505, 성장성=0.522, 팬밀도=0.451, 라이브=0.729, 실전성=1.000, 운영제외리스크=0.000, 검증필요리스크=0.000",순위 15단계 하락 / 최종점수 -0.002 / 성장성 +0.001
689,552,UC54D4MhSG7iZX5-7V8sdPmA,한결같은 Play,음악·보이스형,커버,2390.0,2717.1,0.0504898586287632,0.5956295073938975,0.3911852051835853,0.5105715319773521,0.7888768898488121,0.4203721168874098,1.0,보류,False,,실전성 리스크 낮음,주요 자동 리스크 낮음,"최종=0.596, 채널력=0.391, 성장성=0.511, 팬밀도=0.789, 라이브=0.420, 실전성=1.000, 운영제외리스크=0.000, 검증필요리스크=0.000",순위 10단계 하락 / 최종점수 -0.001 / 성장성 +0.000
690,554,UCcnYbz-j8cO2rbIk3yZ_s2A,황제펭귄-2세,버츄얼 퍼포먼스형,버튜버,2300.0,6230.7,0.0450468344916211,0.5954890456661028,0.531317494600432,0.4971860831963515,0.7456803455723542,0.4203721168874098,0.98432,보류,False,,뚜렷한 강점 신호 부족,성장성 신뢰도 낮음,"최종=0.595, 채널력=0.531, 성장성=0.497, 팬밀도=0.746, 라이브=0.420, 실전성=0.984, 운영제외리스크=0.000, 검증필요리스크=0.196",순위 10단계 하락 / 최종점수 -0.001 / 성장성 +0.000
691,555,UCvbjRInYBxSOF-CR-xpIPMw,리우스럽다,음악·보이스형,ASMR보이스,1550.0,89854.5,0.0593142542274765,0.5954799641468683,0.4904022678185745,0.5,0.8455723542116631,0.3960583153347732,0.97536,보류,False,,팬밀도 상위권,성장성 신뢰도 낮음,"최종=0.595, 채널력=0.490, 성장성=0.500, 팬밀도=0.846, 라이브=0.396, 실전성=0.975, 운영제외리스크=0.000, 검증필요리스크=0.308",순위 10단계 하락 / 최종점수 -0.001
692,556,UCH-H9NuCwsOZa4Q5cEktEWQ,프라군,게임 실황형,젠레스존제로,12900.0,6952.8,0.0203433566814386,0.5954786258459037,0.6160637149028078,0.5014835139526599,0.3579913606911447,0.738474168723263,1.0,보류,False,,라이브친화도 상위권 / 실전성 리스크 낮음 / 성장성 신뢰도 양호,주요 자동 리스크 낮음,"최종=0.595, 채널력=0.616, 성장성=0.501, 팬밀도=0.358, 라이브=0.738, 실전성=1.000, 운영제외리스크=0.000, 검증필요리스크=0.000",순위 335단계 상승 / 최종점수 +0.040 / 성장성 +0.001
693,557,UCoGPsduV1KdATlauYsRZgqA,순대 SUNDE - 노래 커버 채널,음악·보이스형,애니송커버,13700.0,2612.9,0.0498468148869829,0.5953427082459863,0.4625134989200863,0.4573218559091413,0.7840172786177105,0.4203721168874098,1.0,보류,False,,실전성 리스크 낮음 / 성장성 신뢰도 양호,주요 자동 리스크 낮음,"최종=0.595, 채널력=0.463, 성장성=0.457, 팬밀도=0.784, 라이브=0.420, 실전성=1.000, 운영제외리스크=0.000, 검증필요리스크=0.000",순위 10단계 하락 / 최종점수 -0.000 / 성장성 -0.000
694,560,UCUIBcZD9gySPMDPFxQltuew,덴네146 Denne,,음악기타,6270.0,4170.1,0.0425757308221475,0.5947515990089671,0.4714497840172786,0.5233885762366639,0.7257019438444925,0.4203721168874098,0.99272,보류,False,,뚜렷한 강점 신호 부족,상위 세그먼트 불명확,"최종=0.595, 채널력=0.471, 성장성=0.523, 팬밀도=0.726, 라이브=0.420, 실전성=0.993, 운영제외리스크=0.000, 검증필요리스크=0.091",순위 8단계 하락 / 최종점수 -0.001 / 성장성 -0.000
695,561,UCVwkFKZl7v3V02JR8gLlUyw,백앤아,게임 실황형,롤,1160000.0,80140.9,0.0207272084008227,0.5947514795600255,0.9162931965442764,0.4760140891581396,0.3628509719222462,0.4203721168874098,0.9,보류,False,,성장성 신뢰도 양호,주요 자동 리스크 낮음,"최종=0.595, 채널력=0.916, 성장성=0.476, 팬밀도=0.363, 라이브=0.420, 실전성=0.900, 운영제외리스크=0.000, 검증필요리스크=0.000",순위 71단계 상승 / 최종점수 +0.009 / 성장성 +0.001
696,562,UC5WzRqsznVByDXYk7CzAxDg,의지박약소녀,창작·비주얼형,코스프레,4170.0,38684.6,0.0504429063980877,0.5946603097192226,0.5449919006479482,0.5,0.787257019438445,0.3960583153347732,0.97536,보류,False,,뚜렷한 강점 신호 부족,성장성 신뢰도 낮음,"최종=0.595, 채널력=0.545, 성장성=0.500, 팬밀도=0.787, 라이브=0.396, 실전성=0.975, 운영제외리스크=0.000, 검증필요리스크=0.308",순위 13단계 하락 / 최종점수 -0.001
697,564,UC6aGWyIuR_TWIHgPqZPf1ZQ,금휘,창작·비주얼형,코스프레,240000.0,281901.2,0.0161422681735868,0.5944204112202798,0.8623920086393089,0.5466951317275448,0.2661987041036717,0.4203721168874098,1.0,보류,False,,실전성 리스크 낮음 / 성장성 신뢰도 양호,주요 자동 리스크 낮음,"최종=0.594, 채널력=0.862, 성장성=0.547, 팬밀도=0.266, 라이브=0.420, 실전성=1.000, 운영제외리스크=0.000, 검증필요리스크=0.000",순위 26단계 상승 / 최종점수 +0.004 / 성장성 +0.000
698,565,UC0UJe9MqajLKwJIdlpMCwrA,숏부기,,게임기타,28000.0,658812.8,0.0176925245644636,0.5944192740518293,0.9458018358531318,0.4821099087331558,0.3023758099352052,0.4203721168874098,0.99272,보류,False,,성장성 신뢰도 양호,상위 세그먼트 불명확,"최종=0.594, 채널력=0.946, 성장성=0.482, 팬밀도=0.302, 라이브=0.420, 실전성=0.993, 운영제외리스크=0.000, 검증필요리스크=0.091",순위 10단계 하락 / 최종점수 -0.001 / 성장성 -0.000
699,566,UC2x3ohywPrCc2GXXu2blmAA,제인 ASMR Jane,음악·보이스형,ASMR보이스,27200.0,15837.2,0.0459906539514098,0.5944021141264614,0.5243655507559396,0.4661311533687208,0.7526997840172787,0.4203721168874098,0.99104,보류,False,,뚜렷한 강점 신호 부족,주요 자동 리스크 낮음,"최종=0.594, 채널력=0.524, 성장성=0.466, 팬밀도=0.753, 라이브=0.420, 실전성=0.991, 운영제외리스크=0.000, 검증필요리스크=0.112",순위 13단계 하락 / 최종점수 -0.001 / 성장성 -0.000
700,567,UC6zxU2mla1j_lHGSuujycKw,에이티즈 안산다고?,음악·보이스형,성우,17500.0,177683.4,0.0406999641712977,0.5942900274773951,0.6573299136069115,0.4715042372881355,0.7095032397408207,0.3960583153347732,0.97536,보류,False,,뚜렷한 강점 신호 부족,성장성 신뢰도 낮음,"최종=0.594, 채널력=0.657, 성장성=0.472, 팬밀도=0.710, 라이브=0.396, 실전성=0.975, 운영제외리스크=0.000, 검증필요리스크=0.308",순위 13단계 하락 / 최종점수 -0.001 / 성장성 -0.000
701,572,UCs-W8iIzS3M-jCShcfQmLvg,남궁루리,게임 실황형,원신,9200.0,829.4,0.1172926235841779,0.5935944407429136,0.2055750539956802,0.4186310427533368,0.9708423326133908,0.7187701581198913,0.98208,보류,False,,팬밀도 상위권 / 라이브친화도 상위권 / 성장성 신뢰도 양호,수집 영상 수 부족,"최종=0.594, 채널력=0.206, 성장성=0.419, 팬밀도=0.971, 라이브=0.719, 실전성=0.982, 운영제외리스크=0.000, 검증필요리스크=0.224",순위 33단계 하락 / 최종점수 -0.003 / 성장성 -0.001
702,573,UCt_Uacs4q6jMI0sosgTZDNg,모닝이 게임영상,게임 실황형,원신,11900.0,9099.4,0.0264428494484151,0.5934366262124695,0.63585313174946,0.5535969948977384,0.4794816414686825,0.4203721168874098,1.0,보류,False,,실전성 리스크 낮음 / 성장성 신뢰도 양호,주요 자동 리스크 낮음,"최종=0.593, 채널력=0.636, 성장성=0.554, 팬밀도=0.479, 라이브=0.420, 실전성=1.000, 운영제외리스크=0.000, 검증필요리스크=0.000",순위 100단계 상승 / 최종점수 +0.014 / 성장성 +0.000
703,574,UCk_aSv3VsDVemDeyIECo-3A,묘리아,음악·보이스형,ASMR보이스,3870.0,2850.9,0.0346011294429633,0.5933136140586583,0.4951673866090712,0.5495727382854693,0.6247300215982722,0.4203721168874098,1.0,보류,False,,실전성 리스크 낮음 / 성장성 신뢰도 양호,주요 자동 리스크 낮음,"최종=0.593, 채널력=0.495, 성장성=0.550, 팬밀도=0.625, 라이브=0.420, 실전성=1.000, 운영제외리스크=0.000, 검증필요리스크=0.000",순위 26단계 하락 / 최종점수 -0.002 / 성장성 -0.000
704,575,UC3QsCXXj8b3uu9Elki3TE3A,존이냐박이냐,,커버기타,406000.0,127843.2,0.0275115602673937,0.5928361650107992,0.8442224622030238,0.5,0.4956803455723542,0.3960583153347732,0.88376,보류,False,,뚜렷한 강점 신호 부족,상위 세그먼트 불명확,"최종=0.593, 채널력=0.844, 성장성=0.500, 팬밀도=0.496, 라이브=0.396, 실전성=0.884, 운영제외리스크=0.000, 검증필요리스크=0.203",순위 66단계 하락 / 최종점수 -0.007
705,577,UC1l5eX-b7swSIMN3gHKyzJA,시스,버츄얼 퍼포먼스형,버튜버,116000.0,396423.4,0.0276636321476825,0.5925320154199802,0.7855156587473002,0.4158041856033649,0.5010799136069114,0.4203721168874098,1.0,보류,False,,실전성 리스크 낮음 / 성장성 신뢰도 양호,주요 자동 리스크 낮음,"최종=0.593, 채널력=0.786, 성장성=0.416, 팬밀도=0.501, 라이브=0.420, 실전성=1.000, 운영제외리스크=0.000, 검증필요리스크=0.000",순위 138단계 상승 / 최종점수 +0.018 / 성장성 +0.001
706,578,UC-711LHT7B6Lb1Xy5m_cjPw,이글콥,버츄얼 퍼포먼스형,버튜버,15200.0,10759.0,0.0323644582386546,0.592212428779961,0.6591252699784017,0.4460892549158541,0.5874730021598272,0.4203721168874098,1.0,보류,False,,실전성 리스크 낮음 / 성장성 신뢰도 양호,주요 자동 리스크 낮음,"최종=0.592, 채널력=0.659, 성장성=0.446, 팬밀도=0.587, 라이브=0.420, 실전성=1.000, 운영제외리스크=0.000, 검증필요리스크=0.000",순위 11단계 하락 / 최종점수 -0.001 / 성장성 -0.000
707,581,UCWR7E76M1AuVcj5ZoVjgaFA,망크빵,게임 실황형,마인크래프트,1610.0,1252.5,0.0625647072317778,0.591442431893028,0.382694384449244,0.4458635640901061,0.8606911447084233,0.4203721168874098,1.0,보류,False,,팬밀도 상위권 / 실전성 리스크 낮음 / 성장성 신뢰도 양호,주요 자동 리스크 낮음,"최종=0.591, 채널력=0.383, 성장성=0.446, 팬밀도=0.861, 라이브=0.420, 실전성=1.000, 운영제외리스크=0.000, 검증필요리스크=0.000",순위 20단계 하락 / 최종점수 -0.003 / 성장성 -0.000
708,583,UCdeccHQrqmjtUxZ1HeKdq1g,양망두 YMangDu,서브컬쳐 토크·팬덤형,저스트채팅,16700.0,8591.0,0.0430311903020119,0.5913404134268502,0.4166981641468682,0.5946193898395636,0.7289416846652268,0.4203721168874098,0.98208,보류,False,,성장성 상위권 / 성장성 신뢰도 양호,수집 영상 수 부족,"최종=0.591, 채널력=0.417, 성장성=0.595, 팬밀도=0.729, 라이브=0.420, 실전성=0.982, 운영제외리스크=0.000, 검증필요리스크=0.224",순위 11단계 하락 / 최종점수 -0.000 / 성장성 +0.000
709,584,UCP0WZ5yo2vAtPpqWOED3VyQ,연치호 YEONCHIHO,게임 실황형,니케,6140.0,2072.9,0.0799221867349518,0.5911329778117829,0.2629184665226781,0.5594293042967051,0.9265658747300216,0.4203721168874098,0.98208,보류,False,,팬밀도 상위권 / 성장성 신뢰도 양호,수집 영상 수 부족,"최종=0.591, 채널력=0.263, 성장성=0.559, 팬밀도=0.927, 라이브=0.420, 실전성=0.982, 운영제외리스크=0.000, 검증필요리스크=0.224",순위 2단계 하락 / 최종점수 +0.000 / 성장성 +0.000
710,585,UCynjd_6Q3K2JE1dbEL4O7gg,승주랑,음악·보이스형,보컬로이드JPOP커버,1330.0,411.5,0.0937383303154618,0.5906451944518047,0.3066414686825053,0.4331948589428802,0.949244060475162,0.4203721168874098,1.0,보류,False,,팬밀도 상위권 / 실전성 리스크 낮음,주요 자동 리스크 낮음,"최종=0.591, 채널력=0.307, 성장성=0.433, 팬밀도=0.949, 라이브=0.420, 실전성=1.000, 운영제외리스크=0.000, 검증필요리스크=0.000",순위 10단계 하락 / 최종점수 -0.001 / 성장성 +0.000
711,587,UCHKPmSfXXAlcRVjXSBI2QFw,뮤직씨네마,음악·보이스형,성우더빙,19700.0,12957.6,0.0324558194306431,0.5904187149932696,0.6825323974082074,0.4570275680658223,0.588012958963283,0.4203721168874098,0.99104,보류,False,,뚜렷한 강점 신호 부족,주요 자동 리스크 낮음,"최종=0.590, 채널력=0.683, 성장성=0.457, 팬밀도=0.588, 라이브=0.420, 실전성=0.991, 운영제외리스크=0.000, 검증필요리스크=0.112",순위 1단계 하락 / 최종점수 -0.000 / 성장성 -0.000
712,588,UCvsBZdPlt_bZZry2-1Mtzmw,댱이 DyangYi,음악·보이스형,보컬로이드JPOP커버,20900.0,13178.0,0.044385668585217,0.5903868215982722,0.5730831533477322,0.5,0.7397408207343412,0.3960583153347732,0.97536,보류,False,,뚜렷한 강점 신호 부족,성장성 신뢰도 낮음,"최종=0.590, 채널력=0.573, 성장성=0.500, 팬밀도=0.740, 라이브=0.396, 실전성=0.975, 운영제외리스크=0.000, 검증필요리스크=0.308",순위 9단계 하락 / 최종점수 -0.001
713,589,UCMXTpT57_I9I5mJpEO17VcA,잠꾸,음악·보이스형,성우더빙,1680.0,631.6,0.0556362213446965,0.5903837981529629,0.4146058315334773,0.4454343183198955,0.8245140388768899,0.4203721168874098,1.0,보류,False,,팬밀도 상위권 / 실전성 리스크 낮음 / 성장성 신뢰도 양호,주요 자동 리스크 낮음,"최종=0.590, 채널력=0.415, 성장성=0.445, 팬밀도=0.825, 라이브=0.420, 실전성=1.000, 운영제외리스크=0.000, 검증필요리스크=0.000",최종점수 -0.000 / 성장성 +0.000
714,590,UCO4dQzjYGoNugg8g7NbkCig,천사레이,창작·비주얼형,코스프레,3520.0,2669.7,0.1116261318121295,0.590349645190808,0.3716792656587473,0.4031978911255283,0.9670626349892008,0.4203721168874098,0.99104,보류,False,,팬밀도 상위권 / 성장성 신뢰도 양호,주요 자동 리스크 낮음,"최종=0.590, 채널력=0.372, 성장성=0.403, 팬밀도=0.967, 라이브=0.420, 실전성=0.991, 운영제외리스크=0.000, 검증필요리스크=0.112",순위 13단계 하락 / 최종점수 -0.001 / 성장성 -0.000
715,591,UCvtIv_wNKDtJ5fiFNQwZxYA,프리시스CH,음악·보이스형,ASMR보이스,4130.0,4757.7,0.0414211797959795,0.5903364406469835,0.4640523758099352,0.4899919276590774,0.7181425485961123,0.4203721168874098,1.0,보류,False,,실전성 리스크 낮음,주요 자동 리스크 낮음,"최종=0.590, 채널력=0.464, 성장성=0.490, 팬밀도=0.718, 라이브=0.420, 실전성=1.000, 운영제외리스크=0.000, 검증필요리스크=0.000",순위 8단계 하락 / 최종점수 -0.001 / 성장성 +0.000
716,592,UCLBmlC7c6BxSVO_fvdMxm6Q,농루트,버츄얼 퍼포먼스형,버튜버,40100.0,45406.5,0.0164571563808226,0.5903278505713061,0.7782937365010798,0.5926407844545213,0.2732181425485961,0.4203721168874098,1.0,보류,False,,성장성 상위권 / 실전성 리스크 낮음 / 성장성 신뢰도 양호,주요 자동 리스크 낮음,"최종=0.590, 채널력=0.778, 성장성=0.593, 팬밀도=0.273, 라이브=0.420, 실전성=1.000, 운영제외리스크=0.000, 검증필요리스크=0.000",순위 7단계 하락 / 최종점수 -0.000 / 성장성 +0.001
717,593,UC2B5onlYkZ7IaVekR9yIB6w,GONGSAM TABLE 이공삼,음악·보이스형,ASMR,15500000.0,1185427.7,0.0168738653213633,0.5902504617595683,0.9918061555075594,0.4638209293184939,0.2823974082073434,0.4203721168874098,0.9,보류,False,,성장성 신뢰도 양호,주요 자동 리스크 낮음,"최종=0.590, 채널력=0.992, 성장성=0.464, 팬밀도=0.282, 라이브=0.420, 실전성=0.900, 운영제외리스크=0.000, 검증필요리스크=0.000",순위 17단계 하락 / 최종점수 -0.001 / 성장성 +0.001
718,595,UCv_eWRbORkl9l_tpp_XjgWA,기타치러 오실래요?(소유랑),,음악기타,4960.0,1599.2,0.0471228505811559,0.5895946168466523,0.5365550755939524,0.5,0.7640388768898488,0.3960583153347732,0.97704,보류,False,,뚜렷한 강점 신호 부족,상위 세그먼트 불명확 / 성장성 신뢰도 낮음,"최종=0.590, 채널력=0.537, 성장성=0.500, 팬밀도=0.764, 라이브=0.396, 실전성=0.977, 운영제외리스크=0.000, 검증필요리스크=0.287",순위 14단계 하락 / 최종점수 -0.001
719,597,UC2NxmvgB2YYOPWbjb36RhJQ,유리한 상황,음악·보이스형,애니송커버,1160.0,5312.4,0.0309907768321405,0.5894803872415804,0.4737311015118789,0.5989688813253713,0.5658747300215983,0.4203721168874098,1.0,보류,False,,성장성 상위권 / 실전성 리스크 낮음 / 성장성 신뢰도 양호,주요 자동 리스크 낮음,"최종=0.589, 채널력=0.474, 성장성=0.599, 팬밀도=0.566, 라이브=0.420, 실전성=1.000, 운영제외리스크=0.000, 검증필요리스크=0.000",순위 5단계 하락 / 최종점수 -0.001 / 성장성 +0.000
720,598,UCQT3WjZYASqLyYcEUblKmrg,유키라,음악·보이스형,성우더빙,12000.0,10906.6,0.0569739631488177,0.5893278507790444,0.4260394168466522,0.4969387626725314,0.8347732181425486,0.4203721168874098,0.98208,보류,False,,팬밀도 상위권 / 성장성 신뢰도 양호,수집 영상 수 부족,"최종=0.589, 채널력=0.426, 성장성=0.497, 팬밀도=0.835, 라이브=0.420, 실전성=0.982, 운영제외리스크=0.000, 검증필요리스크=0.224",최종점수 -0.000 / 성장성 +0.000
721,599,UC_L9aW3P8UAemwaeHSorcxg,쉼 SHIM ASMR,음악·보이스형,ASMR,81000.0,36500.7,0.0307472491982056,0.5892624766079931,0.7009314254859611,0.4592301029903594,0.5615550755939525,0.4203721168874098,0.99104,보류,False,,뚜렷한 강점 신호 부족,주요 자동 리스크 낮음,"최종=0.589, 채널력=0.701, 성장성=0.459, 팬밀도=0.562, 라이브=0.420, 실전성=0.991, 운영제외리스크=0.000, 검증필요리스크=0.112",순위 5단계 하락 / 최종점수 -0.001 / 성장성 -0.000
722,601,UCpnI4xHoIR2RJToBN89aaFw,뇨롱이_YouTube,버츄얼 퍼포먼스형,버튜버,60600.0,75374.0,0.0221471665528098,0.5891012372635027,0.803023758099352,0.5095326422028013,0.3947084233261339,0.4203721168874098,0.99104,보류,False,,뚜렷한 강점 신호 부족,주요 자동 리스크 낮음,"최종=0.589, 채널력=0.803, 성장성=0.510, 팬밀도=0.395, 라이브=0.420, 실전성=0.991, 운영제외리스크=0.000, 검증필요리스크=0.112",순위 5단계 하락 / 최종점수 -0.001 / 성장성 +0.000
723,602,UC0_At7SS8XMxypboRTDBqvQ,달달한새우깡,게임 실황형,원신,1670.0,5619.0,0.0515055627599207,0.5888510676304328,0.5050755939524838,0.3900894846888288,0.7975161987041036,0.4203721168874098,1.0,보류,False,,실전성 리스크 낮음 / 성장성 신뢰도 양호,주요 자동 리스크 낮음,"최종=0.589, 채널력=0.505, 성장성=0.390, 팬밀도=0.798, 라이브=0.420, 실전성=1.000, 운영제외리스크=0.000, 검증필요리스크=0.000",순위 38단계 하락 / 최종점수 -0.005 / 성장성 -0.000
724,604,UC1GKIZUK96pucS3cmvzuLSQ,버더기,음악·보이스형,성우더빙,20200.0,6459.7,0.0513079865390115,0.5887178151187906,0.5098812095032398,0.5,0.7953563714902808,0.3960583153347732,0.97536,보류,False,,뚜렷한 강점 신호 부족,성장성 신뢰도 낮음,"최종=0.589, 채널력=0.510, 성장성=0.500, 팬밀도=0.795, 라이브=0.396, 실전성=0.975, 운영제외리스크=0.000, 검증필요리스크=0.308",순위 7단계 하락 / 최종점수 -0.001
725,605,UCo4HSKAFddVOMQgYxsg5aNg,두뭉,버츄얼 퍼포먼스형,버튜버,21000.0,3761.3,0.0379743493484576,0.5882583818574514,0.5848812095032397,0.5,0.6722462203023758,0.3960583153347732,0.98432,보류,False,,뚜렷한 강점 신호 부족,성장성 신뢰도 낮음,"최종=0.588, 채널력=0.585, 성장성=0.500, 팬밀도=0.672, 라이브=0.396, 실전성=0.984, 운영제외리스크=0.000, 검증필요리스크=0.196",순위 10단계 하락 / 최종점수 -0.002
726,607,UCylzl5EMsHKCMeUe2TLKLKA,서넹,음악·보이스형,성우더빙,606000.0,34524.7,0.0178546745757459,0.5880951162306378,0.8800080993520518,0.5240247631668828,0.3077753779697624,0.4203721168874098,0.9,보류,False,,성장성 신뢰도 양호,주요 자동 리스크 낮음,"최종=0.588, 채널력=0.880, 성장성=0.524, 팬밀도=0.308, 라이브=0.420, 실전성=0.900, 운영제외리스크=0.000, 검증필요리스크=0.000",순위 1단계 상승 / 최종점수 -0.000 / 성장성 +0.000
727,609,UCJundLkbjldzL60kFfKm1vQ,급식왕,버츄얼 퍼포먼스형,버튜버,1510000.0,28467.4,0.0260245981851225,0.5877405890324993,0.7913606911447084,0.3397693908441129,0.4681425485961123,0.6567629790211136,0.9,보류,False,,라이브친화도 상위권 / 성장성 신뢰도 양호,주요 자동 리스크 낮음,"최종=0.588, 채널력=0.791, 성장성=0.340, 팬밀도=0.468, 라이브=0.657, 실전성=0.900, 운영제외리스크=0.000, 검증필요리스크=0.000",순위 248단계 상승 / 최종점수 +0.028 / 성장성 +0.000
728,610,UCBREEK5jXxDOgBD4yKNhJgQ,하땃쥐 Hatachi,버츄얼 퍼포먼스형,버튜버,57200.0,11369.6,0.0443102282318253,0.5875590220932685,0.4684800215982722,0.5332163954902244,0.7381209503239741,0.4203721168874098,0.98208,보류,False,,성장성 신뢰도 양호,수집 영상 수 부족,"최종=0.588, 채널력=0.468, 성장성=0.533, 팬밀도=0.738, 라이브=0.420, 실전성=0.982, 운영제외리스크=0.000, 검증필요리스크=0.224",순위 9단계 하락 / 최종점수 -0.002 / 성장성 +0.000
729,612,UCLlKo6wwcd7NvsBNW4bHCEA,이셋_222,,커버기타,1770.0,4778.7,0.0500627782243645,0.5874390873907394,0.3829373650107991,0.5558859884609824,0.7856371490280778,0.4203721168874098,0.98376,보류,False,,뚜렷한 강점 신호 부족,상위 세그먼트 불명확,"최종=0.587, 채널력=0.383, 성장성=0.556, 팬밀도=0.786, 라이브=0.420, 실전성=0.984, 운영제외리스크=0.000, 검증필요리스크=0.203",순위 2단계 상승 / 최종점수 -0.000 / 성장성 +0.000
730,613,UCijSk9vvIsgi8HQrtVEaHjA,오눌오눌,음악·보이스형,ASMR,261000.0,499594.3,0.0179255232938775,0.5872052965060033,0.8741360691144708,0.4786077504200007,0.3083153347732181,0.4203721168874098,1.0,보류,False,,실전성 리스크 낮음 / 성장성 신뢰도 양호,주요 자동 리스크 낮음,"최종=0.587, 채널력=0.874, 성장성=0.479, 팬밀도=0.308, 라이브=0.420, 실전성=1.000, 운영제외리스크=0.000, 검증필요리스크=0.000",순위 21단계 상승 / 최종점수 +0.002 / 성장성 +0.000
731,615,UCa7cgzY00Syf-68_rtKnH1Q,사우리스,,버튜버편집자전향,1180.0,811.4,0.0678744306115272,0.5868780339759267,0.3251889848812094,0.4820638646484374,0.8887688984881209,0.4203721168874098,0.99272,보류,False,,팬밀도 상위권,상위 세그먼트 불명확,"최종=0.587, 채널력=0.325, 성장성=0.482, 팬밀도=0.889, 라이브=0.420, 실전성=0.993, 운영제외리스크=0.000, 검증필요리스크=0.091",순위 3단계 상승 / 최종점수 -0.000 / 성장성 +0.000
732,617,UCEkIcTCVgNe1RT-fmp-MEQA,몽글 MONGLE ASMR,음악·보이스형,ASMR,49400.0,21550.3,0.0408215792062324,0.5867732103962087,0.5117035637149028,0.5172369075564182,0.7116630669546437,0.4203721168874098,0.98208,보류,False,,성장성 신뢰도 양호,수집 영상 수 부족,"최종=0.587, 채널력=0.512, 성장성=0.517, 팬밀도=0.712, 라이브=0.420, 실전성=0.982, 운영제외리스크=0.000, 검증필요리스크=0.224",순위 4단계 하락 / 최종점수 -0.001 / 성장성 -0.000
733,618,UCJ-ijwFjqHZqbV2ywBzVqxg,이방지,,서브컬쳐게임,2400.0,8884.7,0.0206062692718798,0.5866799515884031,0.5647948164146868,0.4141898586128645,0.3606911447084233,0.9688418648647782,0.99272,보류,False,,라이브친화도 상위권 / 성장성 신뢰도 양호,상위 세그먼트 불명확,"최종=0.587, 채널력=0.565, 성장성=0.414, 팬밀도=0.361, 라이브=0.969, 실전성=0.993, 운영제외리스크=0.000, 검증필요리스크=0.091",순위 113단계 상승 / 최종점수 +0.014 / 성장성 +0.000
734,620,UCN2nliQqJBQUPco1RL10rkQ,야묘,창작·비주얼형,일러스트리깅,8200.0,1175.1,0.0840227098258366,0.5866628458445083,0.4563984881209503,0.2003346173665392,0.9341252699784016,0.6310261746667993,1.0,보류,False,,팬밀도 상위권 / 실전성 리스크 낮음 / 성장성 신뢰도 양호,주요 자동 리스크 낮음,"최종=0.587, 채널력=0.456, 성장성=0.200, 팬밀도=0.934, 라이브=0.631, 실전성=1.000, 운영제외리스크=0.000, 검증필요리스크=0.000",순위 8단계 하락 / 최종점수 -0.001 / 성장성 -0.000
735,621,UCuiMya2iL2vgNECCE4Ha4sA,하비,게임 실황형,명일방주,20100.0,5704.9,0.0136350941372106,0.586621371130314,0.6142008639308856,0.4839094448294431,0.2014038876889848,0.9446245414779896,1.0,보류,False,,라이브친화도 상위권 / 실전성 리스크 낮음 / 성장성 신뢰도 양호,주요 자동 리스크 낮음,"최종=0.587, 채널력=0.614, 성장성=0.484, 팬밀도=0.201, 라이브=0.945, 실전성=1.000, 운영제외리스크=0.000, 검증필요리스크=0.000",순위 23단계 상승 / 최종점수 +0.002 / 성장성 +0.000
736,622,UCOWNq7GvkGem0Ztqo5I2qkQ,칠칠복,창작·비주얼형,코스프레,6600.0,3229.3,0.0787852945055296,0.5865959643467424,0.4539281857451404,0.3237963820943468,0.9227861771058316,0.4203721168874098,1.0,보류,False,,팬밀도 상위권 / 실전성 리스크 낮음 / 성장성 신뢰도 양호,주요 자동 리스크 낮음,"최종=0.587, 채널력=0.454, 성장성=0.324, 팬밀도=0.923, 라이브=0.420, 실전성=1.000, 운영제외리스크=0.000, 검증필요리스크=0.000",순위 1단계 하락 / 최종점수 -0.000 / 성장성 +0.000
737,623,UCRamIU-v2CiERMLJvd3o51Q,우령의 유디오,버츄얼 퍼포먼스형,버튜버,191000.0,95642.7,0.0287315079344698,0.5864201452152394,0.715172786177106,0.4718294208332708,0.5183585313174947,0.4203721168874098,0.99104,보류,False,,성장성 신뢰도 양호,주요 자동 리스크 낮음,"최종=0.586, 채널력=0.715, 성장성=0.472, 팬밀도=0.518, 라이브=0.420, 실전성=0.991, 운영제외리스크=0.000, 검증필요리스크=0.112",순위 17단계 하락 / 최종점수 -0.002 / 성장성 -0.000
738,624,UCVTo0r-JVedl9uez4FgQbaA,떠리 Toree Eats,음악·보이스형,ASMR보이스,3330.0,2271.8,0.0487632719664615,0.5863220967602591,0.4724082073434125,0.5,0.7759179265658748,0.3960583153347732,0.98432,보류,False,,뚜렷한 강점 신호 부족,성장성 신뢰도 낮음,"최종=0.586, 채널력=0.472, 성장성=0.500, 팬밀도=0.776, 라이브=0.396, 실전성=0.984, 운영제외리스크=0.000, 검증필요리스크=0.196",순위 8단계 하락 / 최종점수 -0.001
739,625,UCBFShq-4BW5OvZAOn31rPgg,리큐아 LIQ:A,음악·보이스형,애니송커버,4710.0,641.6,0.056869045810695,0.58626377476173,0.3179670626349892,0.5351738784082873,0.8342332613390929,0.4203721168874098,0.99104,보류,False,,팬밀도 상위권,주요 자동 리스크 낮음,"최종=0.586, 채널력=0.318, 성장성=0.535, 팬밀도=0.834, 라이브=0.420, 실전성=0.991, 운영제외리스크=0.000, 검증필요리스크=0.112",최종점수 -0.000 / 성장성 -0.000
740,628,UCbGzx_o1C09y742e1p6XyDg,라꼬미,버츄얼 퍼포먼스형,버튜버,21900.0,7022.1,0.0513195732567788,0.5859583439121999,0.4081128509719222,0.5295360962165843,0.7958963282937365,0.4203721168874098,0.98208,보류,False,,성장성 신뢰도 양호,수집 영상 수 부족,"최종=0.586, 채널력=0.408, 성장성=0.530, 팬밀도=0.796, 라이브=0.420, 실전성=0.982, 운영제외리스크=0.000, 검증필요리스크=0.224",순위 1단계 하락 / 최종점수 -0.001 / 성장성 +0.000
741,629,UCX89LgqjWIUgd8mtkzh8HQw,포카넷 POKANET,게임 실황형,발로란트,26000.0,221.4,0.0495528034910131,0.5859413320835044,0.241212203023758,0.4642615532370117,0.7818574514038877,0.739983821353727,0.99104,보류,False,,라이브친화도 상위권 / 성장성 신뢰도 양호,주요 자동 리스크 낮음,"최종=0.586, 채널력=0.241, 성장성=0.464, 팬밀도=0.782, 라이브=0.740, 실전성=0.991, 운영제외리스크=0.000, 검증필요리스크=0.112",순위 20단계 하락 / 최종점수 -0.002 / 성장성 -0.001
742,631,UCG70O1umzfgPpDs8sBJtvVw,고뇨,게임 실황형,니케,89400.0,44033.2,0.0238132559138462,0.5856374454654634,0.7885259179265658,0.4499077733159438,0.4233261339092872,0.4203721168874098,1.0,보류,False,,실전성 리스크 낮음 / 성장성 신뢰도 양호,주요 자동 리스크 낮음,"최종=0.586, 채널력=0.789, 성장성=0.450, 팬밀도=0.423, 라이브=0.420, 실전성=1.000, 운영제외리스크=0.000, 검증필요리스크=0.000",순위 83단계 상승 / 최종점수 +0.011 / 성장성 +0.001
743,632,UCscL0E82anT7mtoQjJTV6Mg,후추,버츄얼 퍼포먼스형,버튜버,287000.0,9180.2,0.0247234804636552,0.5855071625494668,0.6985691144708424,0.5069710177612812,0.4400647948164147,0.4203721168874098,1.0,보류,False,,실전성 리스크 낮음,주요 자동 리스크 낮음,"최종=0.586, 채널력=0.699, 성장성=0.507, 팬밀도=0.440, 라이브=0.420, 실전성=1.000, 운영제외리스크=0.000, 검증필요리스크=0.000",순위 13단계 하락 / 최종점수 -0.001 / 성장성 -0.000
744,633,UC92yIcbh-irFM6i0bVR2JRw,빛나비,버츄얼 퍼포먼스형,버튜버,2440.0,11985.7,0.043105413107455,0.5853628634989201,0.5139443844492441,0.5,0.7300215982721382,0.3960583153347732,0.98432,보류,False,,뚜렷한 강점 신호 부족,성장성 신뢰도 낮음,"최종=0.585, 채널력=0.514, 성장성=0.500, 팬밀도=0.730, 라이브=0.396, 실전성=0.984, 운영제외리스크=0.000, 검증필요리스크=0.196",순위 30단계 하락 / 최종점수 -0.003
745,636,UCCiKOocVSjyb2rsbL_Aanhw,오형짱,,게임기타,103000.0,35260.3,0.0085608112269649,0.5852330597206793,0.8449784017278618,0.5150817558843247,0.1025917926565874,0.738474168723263,0.99272,보류,False,,라이브친화도 상위권 / 성장성 신뢰도 양호,상위 세그먼트 불명확,"최종=0.585, 채널력=0.845, 성장성=0.515, 팬밀도=0.103, 라이브=0.738, 실전성=0.993, 운영제외리스크=0.000, 검증필요리스크=0.091",순위 375단계 상승 / 최종점수 +0.044 / 성장성 +0.000
746,637,UCtNHxaCxIaEAonM2GhOPENQ,비유,창작·비주얼형,코스프레,9920.0,352247.4,0.0139243523816717,0.5851745886652787,0.8740010799136069,0.5503721153516927,0.2078833693304535,0.4203721168874098,1.0,보류,False,,실전성 리스크 낮음 / 성장성 신뢰도 양호,주요 자동 리스크 낮음,"최종=0.585, 채널력=0.874, 성장성=0.550, 팬밀도=0.208, 라이브=0.420, 실전성=1.000, 운영제외리스크=0.000, 검증필요리스크=0.000",순위 2단계 하락 / 최종점수 -0.000 / 성장성 +0.000
747,638,UCu3zzPrlFqmURMCruvm-slA,하냥대 97학번,음악·보이스형,ASMR보이스,2160.0,63971.0,0.0410913131891756,0.5850123090645105,0.4987176025917927,0.4824457187522196,0.714902807775378,0.4203721168874098,0.99104,보류,False,,뚜렷한 강점 신호 부족,주요 자동 리스크 낮음,"최종=0.585, 채널력=0.499, 성장성=0.482, 팬밀도=0.715, 라이브=0.420, 실전성=0.991, 운영제외리스크=0.000, 검증필요리스크=0.112",순위 7단계 하락 / 최종점수 -0.001 / 성장성 +0.000
748,641,UCiJJ8ufcPSKXQyk7gRjYWvQ,수면은 현도진,음악·보이스형,ASMR보이스,2780.0,1022.4,0.0407990288905061,0.5847594380690075,0.3982721382289416,0.5272738067580987,0.7111231101511879,0.4203721168874098,1.0,보류,False,,실전성 리스크 낮음 / 성장성 신뢰도 양호,주요 자동 리스크 낮음,"최종=0.585, 채널력=0.398, 성장성=0.527, 팬밀도=0.711, 라이브=0.420, 실전성=1.000, 운영제외리스크=0.000, 검증필요리스크=0.000",순위 4단계 하락 / 최종점수 -0.000 / 성장성 +0.000
749,642,UCcYncif5z2ETil8i7ZSijdg,건반윤,,커버기타,132000.0,20314.0,0.0241967512125932,0.5846516585473011,0.8335448164146868,0.4331828339213956,0.4325053995680346,0.4203721168874098,0.99272,보류,False,,성장성 신뢰도 양호,상위 세그먼트 불명확,"최종=0.585, 채널력=0.834, 성장성=0.433, 팬밀도=0.433, 라이브=0.420, 실전성=0.993, 운영제외리스크=0.000, 검증필요리스크=0.091",순위 18단계 하락 / 최종점수 -0.002 / 성장성 -0.000
750,643,UCzWOCqlGCTUzq1LFxLZ06tg,이써연,버츄얼 퍼포먼스형,버튜버,9270.0,229555.1,0.0357454335203448,0.584367113174946,0.640213282937365,0.5,0.6452483801295896,0.3960583153347732,0.97536,보류,False,,뚜렷한 강점 신호 부족,성장성 신뢰도 낮음,"최종=0.584, 채널력=0.640, 성장성=0.500, 팬밀도=0.645, 라이브=0.396, 실전성=0.975, 운영제외리스크=0.000, 검증필요리스크=0.308",순위 5단계 하락 / 최종점수 -0.001
751,645,UCBGfpCkZOm-jrjHNVcEgzcg,뉴정,버츄얼 퍼포먼스형,버튜버,3050.0,7863.8,0.0379475015760756,0.5841957468682505,0.5669546436285097,0.5,0.67170626349892,0.3960583153347732,0.98432,보류,False,,뚜렷한 강점 신호 부족,성장성 신뢰도 낮음,"최종=0.584, 채널력=0.567, 성장성=0.500, 팬밀도=0.672, 라이브=0.396, 실전성=0.984, 운영제외리스크=0.000, 검증필요리스크=0.196",순위 2단계 하락 / 최종점수 -0.000
752,646,UCi4AT5QzdTreiLFBGcSr-yg,하귤,음악·보이스형,커버,1110.0,2242.9,0.1381107503490303,0.5841184505399568,0.2199919006479481,0.5,0.9838012958963284,0.3960583153347732,0.99104,보류,False,,팬밀도 상위권 / 성장성 신뢰도 양호,주요 자동 리스크 낮음,"최종=0.584, 채널력=0.220, 성장성=0.500, 팬밀도=0.984, 라이브=0.396, 실전성=0.991, 운영제외리스크=0.000, 검증필요리스크=0.112",순위 17단계 상승 / 최종점수 +0.003
753,647,UC-EhkDaaFwkt-ek99H8EjTQ,토끼봄,,서브컬쳐게임,1360.0,224.0,0.0274356756757321,0.5840611930846499,0.2964632829373649,0.5376528324188162,0.4946004319654428,0.9180718848584238,0.99272,보류,False,,라이브친화도 상위권 / 성장성 신뢰도 양호,상위 세그먼트 불명확,"최종=0.584, 채널력=0.296, 성장성=0.538, 팬밀도=0.495, 라이브=0.918, 실전성=0.993, 운영제외리스크=0.000, 검증필요리스크=0.091",순위 40단계 하락 / 최종점수 -0.004 / 성장성 -0.000
754,650,UCKr-25aGqGKsKLf20V0xpAw,알레타의 아틀리에,음악·보이스형,애니송커버,1150.0,92.9,0.0953892047413642,0.5836420595874594,0.1938849892008639,0.4946567808636465,0.9519438444924406,0.4203721168874098,1.0,보류,False,,팬밀도 상위권 / 실전성 리스크 낮음 / 성장성 신뢰도 양호,주요 자동 리스크 낮음,"최종=0.584, 채널력=0.194, 성장성=0.495, 팬밀도=0.952, 라이브=0.420, 실전성=1.000, 운영제외리스크=0.000, 검증필요리스크=0.000",순위 24단계 상승 / 최종점수 +0.004 / 성장성 -0.000
755,651,UCIDorofbm-WDfzkbWRIsfqQ,윤흥주,,서브컬쳐게임,3010.0,1837.6,0.0217510002741721,0.5836340096504519,0.4504049676025918,0.5011663288928481,0.3855291576673866,0.9175222000070604,0.99272,보류,False,,라이브친화도 상위권 / 성장성 신뢰도 양호,상위 세그먼트 불명확,"최종=0.584, 채널력=0.450, 성장성=0.501, 팬밀도=0.386, 라이브=0.918, 실전성=0.993, 운영제외리스크=0.000, 검증필요리스크=0.091",순위 5단계 하락 / 최종점수 -0.000 / 성장성 +0.000
756,652,UCbdJlv4s8mNBNHkuATKGSVw,별문 StarMun,음악·보이스형,ASMR보이스,173000.0,19580.3,0.0227295024320784,0.5836322354656518,0.7503779697624189,0.4837502430018991,0.4092872570194384,0.4203721168874098,1.0,보류,False,,실전성 리스크 낮음 / 성장성 신뢰도 양호,주요 자동 리스크 낮음,"최종=0.584, 채널력=0.750, 성장성=0.484, 팬밀도=0.409, 라이브=0.420, 실전성=1.000, 운영제외리스크=0.000, 검증필요리스크=0.000",순위 40단계 상승 / 최종점수 +0.006 / 성장성 +0.001
757,653,UCnHsgz6xDAotXB9accUyMqw,녹차만두,음악·보이스형,애니송커버,9810.0,49693.2,0.0425890433358119,0.5834880634989201,0.5552240820734341,0.5,0.7262419006479481,0.3960583153347732,0.97536,보류,False,,뚜렷한 강점 신호 부족,성장성 신뢰도 낮음,"최종=0.583, 채널력=0.555, 성장성=0.500, 팬밀도=0.726, 라이브=0.396, 실전성=0.975, 운영제외리스크=0.000, 검증필요리스크=0.308",순위 12단계 하락 / 최종점수 -0.001
758,654,UC-Jp4WHCXhxvWQ5Ab4JibJQ,벙구,창작·비주얼형,코스프레,650000.0,297851.0,0.0267099012454685,0.5834016808157444,0.723555615550756,0.5293161223376968,0.4821814254859611,0.4203721168874098,0.89104,보류,False,,성장성 신뢰도 양호,주요 자동 리스크 낮음,"최종=0.583, 채널력=0.724, 성장성=0.529, 팬밀도=0.482, 라이브=0.420, 실전성=0.891, 운영제외리스크=0.000, 검증필요리스크=0.112",순위 75단계 상승 / 최종점수 +0.010 / 성장성 +0.001
759,655,UCZalo9OmKPp9omB1H8n3SWw,바보교주 서니언,버츄얼 퍼포먼스형,버튜버,2530.0,37.5,0.0525417267749391,0.583355498775326,0.3132289416846652,0.2790549978027252,0.8018358531317494,0.8660389635396776,1.0,보류,False,,팬밀도 상위권 / 라이브친화도 상위권 / 실전성 리스크 낮음 / 성장성 신뢰도 양호,주요 자동 리스크 낮음,"최종=0.583, 채널력=0.313, 성장성=0.279, 팬밀도=0.802, 라이브=0.866, 실전성=1.000, 운영제외리스크=0.000, 검증필요리스크=0.000",순위 33단계 하락 / 최종점수 -0.003 / 성장성 -0.000
760,657,UCqsN5R2tfyn123Xmwb0I7iw,율신비 로블록스,버츄얼 퍼포먼스형,버튜버,15700.0,24371.0,0.0372791163012134,0.583141463590148,0.5343007559395249,0.5479570630146725,0.6646868250539957,0.3070734541831007,0.99104,보류,False,,성장성 신뢰도 양호,주요 자동 리스크 낮음,"최종=0.583, 채널력=0.534, 성장성=0.548, 팬밀도=0.665, 라이브=0.307, 실전성=0.991, 운영제외리스크=0.000, 검증필요리스크=0.112",순위 124단계 상승 / 최종점수 +0.015 / 성장성 +0.001
761,658,UCJmnOEp1-OITEU0mk4icM5A,일루전 ILLUSION,,게임기타,108000.0,61544.0,0.0173907332797302,0.5826285196756311,0.9073704103671708,0.4769842200862894,0.2937365010799136,0.4203721168874098,0.99272,보류,False,,성장성 신뢰도 양호,상위 세그먼트 불명확,"최종=0.583, 채널력=0.907, 성장성=0.477, 팬밀도=0.294, 라이브=0.420, 실전성=0.993, 운영제외리스크=0.000, 검증필요리스크=0.091",순위 84단계 상승 / 최종점수 +0.011 / 성장성 +0.001
762,659,UCqjlms7qGL3wXQ7d5keGGAQ,황산갈매기,게임 실황형,원신,10500.0,3587.7,0.0357661320156375,0.5825360449468358,0.32960313174946,0.5566875987394181,0.6457883369330454,0.6821799612643172,0.98208,보류,False,,라이브친화도 상위권 / 성장성 신뢰도 양호,수집 영상 수 부족,"최종=0.583, 채널력=0.330, 성장성=0.557, 팬밀도=0.646, 라이브=0.682, 실전성=0.982, 운영제외리스크=0.000, 검증필요리스크=0.224",순위 77단계 상승 / 최종점수 +0.010 / 성장성 +0.000
763,660,UCsjWDTDwpK9lcX0qYp_Vzew,🌷이주연의 감성노트,음악·보이스형,ASMR보이스,10200.0,1211.8,0.0336425530190052,0.5825130675984516,0.467035637149028,0.5492244429207994,0.6042116630669546,0.4203721168874098,1.0,보류,False,,실전성 리스크 낮음 / 성장성 신뢰도 양호,주요 자동 리스크 낮음,"최종=0.583, 채널력=0.467, 성장성=0.549, 팬밀도=0.604, 라이브=0.420, 실전성=1.000, 운영제외리스크=0.000, 검증필요리스크=0.000",순위 200단계 하락 / 최종점수 -0.022 / 성장성 +0.000 / 버킷 변경: 검증필요 → 보류
764,662,UCsn9jPBfk8Rn1Qj604QxFWA,블루보이,음악·보이스형,애니송커버,1050.0,443.6,0.0701140306354441,0.5822258610700406,0.2913876889848811,0.4562633458623745,0.8968682505399568,0.4203721168874098,1.0,보류,False,,팬밀도 상위권 / 실전성 리스크 낮음 / 성장성 신뢰도 양호,주요 자동 리스크 낮음,"최종=0.582, 채널력=0.291, 성장성=0.456, 팬밀도=0.897, 라이브=0.420, 실전성=1.000, 운영제외리스크=0.000, 검증필요리스크=0.000",순위 51단계 하락 / 최종점수 -0.006 / 성장성 -0.000
765,663,UCv_PnBUl5Y88x04ujo8Je8w,채솔 chaesol,음악·보이스형,보컬로이드JPOP커버,5940.0,2015.7,0.0549545188948919,0.5822030362850972,0.4104886609071274,0.5,0.8191144708423326,0.3960583153347732,0.98432,보류,False,,팬밀도 상위권,성장성 신뢰도 낮음,"최종=0.582, 채널력=0.410, 성장성=0.500, 팬밀도=0.819, 라이브=0.396, 실전성=0.984, 운영제외리스크=0.000, 검증필요리스크=0.196",순위 11단계 하락 / 최종점수 -0.000
766,664,UC8aUZ0T9qqx2f6AMfqIqbdg,이귤락,버츄얼 퍼포먼스형,버튜버,2420.0,4270.5,0.0870387465934988,0.5821161100773833,0.4286582073434125,0.3132273252699621,0.941144708423326,0.4203721168874098,1.0,보류,False,,팬밀도 상위권 / 실전성 리스크 낮음 / 성장성 신뢰도 양호,주요 자동 리스크 낮음,"최종=0.582, 채널력=0.429, 성장성=0.313, 팬밀도=0.941, 라이브=0.420, 실전성=1.000, 운영제외리스크=0.000, 검증필요리스크=0.000",순위 16단계 하락 / 최종점수 -0.001 / 성장성 +0.000
767,665,UCGShkYu7YNojzmMWq5OtM4w,다햐,음악·보이스형,ASMR보이스,5740.0,13386.0,0.0382228698388335,0.581957786311785,0.5635934125269978,0.4506847342218902,0.6765658747300216,0.4203721168874098,0.99104,보류,False,,뚜렷한 강점 신호 부족,주요 자동 리스크 낮음,"최종=0.582, 채널력=0.564, 성장성=0.451, 팬밀도=0.677, 라이브=0.420, 실전성=0.991, 운영제외리스크=0.000, 검증필요리스크=0.112",순위 12단계 하락 / 최종점수 -0.000 / 성장성 -0.000
768,666,UCnVSBeOu400BBuPw1uNwWlQ,그림멘탈선생 시니 SINI42,창작·비주얼형,일러스트리깅,89800.0,8438.0,0.0395334029098692,0.5818904634150164,0.4485826133909287,0.3944102743608166,0.6976241900647948,0.7302645988915241,0.98208,보류,False,,라이브친화도 상위권 / 성장성 신뢰도 양호,수집 영상 수 부족,"최종=0.582, 채널력=0.449, 성장성=0.394, 팬밀도=0.698, 라이브=0.730, 실전성=0.982, 운영제외리스크=0.000, 검증필요리스크=0.224",순위 9단계 하락 / 최종점수 +0.000 / 성장성 -0.000
769,667,UCGiguhbTZ5BACC4ebcEzI8Q,빵지콩,게임 실황형,롤,1170.0,1021.7,0.0756494284617532,0.5816686476239117,0.3429940604751619,0.4018463848506674,0.911987041036717,0.4203721168874098,1.0,보류,False,,팬밀도 상위권 / 실전성 리스크 낮음 / 성장성 신뢰도 양호,주요 자동 리스크 낮음,"최종=0.582, 채널력=0.343, 성장성=0.402, 팬밀도=0.912, 라이브=0.420, 실전성=1.000, 운영제외리스크=0.000, 검증필요리스크=0.000",순위 323단계 상승 / 최종점수 +0.039 / 성장성 -0.000
770,668,UCz9ITm653lkoQ0W4I1el4Jg,오므데이즈 | OmuDays,음악·보이스형,ASMR보이스,4760.0,10177.5,0.041291649757268,0.5814637385944963,0.6123380129589633,0.3426420661171027,0.7170626349892009,0.4203721168874098,1.0,보류,False,,실전성 리스크 낮음 / 성장성 신뢰도 양호,주요 자동 리스크 낮음,"최종=0.581, 채널력=0.612, 성장성=0.343, 팬밀도=0.717, 라이브=0.420, 실전성=1.000, 운영제외리스크=0.000, 검증필요리스크=0.000",순위 10단계 하락 / 최종점수 -0.000 / 성장성 +0.001
771,669,UC_1fX3SC4WggQSzlNDcc9XQ,애랑수,,서브컬쳐게임,9630.0,2839.1,0.0523093113125684,0.5814444523722381,0.4557100431965443,0.4296832469185096,0.8002159827213823,0.4203721168874098,0.99272,보류,False,,팬밀도 상위권 / 성장성 신뢰도 양호,상위 세그먼트 불명확,"최종=0.581, 채널력=0.456, 성장성=0.430, 팬밀도=0.800, 라이브=0.420, 실전성=0.993, 운영제외리스크=0.000, 검증필요리스크=0.091",순위 225단계 상승 / 최종점수 +0.026 / 성장성 +0.000
772,671,UCpJMekZw63tv1jBeMKd6Hog,[Soyoubi] 소유비,음악·보이스형,ASMR,142000.0,27330.3,0.0264141081989278,0.5810120842081927,0.6932640388768898,0.4653878160333431,0.4778617710583153,0.4203721168874098,1.0,보류,False,,실전성 리스크 낮음 / 성장성 신뢰도 양호,주요 자동 리스크 낮음,"최종=0.581, 채널력=0.693, 성장성=0.465, 팬밀도=0.478, 라이브=0.420, 실전성=1.000, 운영제외리스크=0.000, 검증필요리스크=0.000",순위 17단계 하락 / 최종점수 -0.001 / 성장성 +0.001
773,672,UCRlw5w4TkhlN2fvZd5c6XNQ,애니 ZIP,창작·비주얼형,코스프레,5220.0,102377.5,0.0218190944659158,0.5809973127429805,0.8358936285097193,0.5,0.3882289416846652,0.3960583153347732,0.98432,보류,False,,뚜렷한 강점 신호 부족,성장성 신뢰도 낮음,"최종=0.581, 채널력=0.836, 성장성=0.500, 팬밀도=0.388, 라이브=0.396, 실전성=0.984, 운영제외리스크=0.000, 검증필요리스크=0.196",순위 8단계 하락 / 최종점수 -0.000
774,673,UCX0Qk4QtPOlEwBmsbIG4vOg,리뷰야놀자,음악·보이스형,ASMR보이스,699000.0,302088.4,0.0143367575705275,0.5808460548464432,0.8719492440604752,0.5740445069120069,0.2192224622030237,0.4203721168874098,0.9,보류,False,,성장성 상위권 / 성장성 신뢰도 양호,주요 자동 리스크 낮음,"최종=0.581, 채널력=0.872, 성장성=0.574, 팬밀도=0.219, 라이브=0.420, 실전성=0.900, 운영제외리스크=0.000, 검증필요리스크=0.000",순위 47단계 상승 / 최종점수 +0.006 / 성장성 -0.000
775,675,UCiTXU1VWaA1F8X04g3wWwqQ,무메일지,게임 실황형,롤,4270.0,6520.0,0.0417938955878376,0.5805661652275594,0.4890523758099352,0.4966139708618439,0.7208423326133909,0.4203721168874098,0.98432,보류,False,,뚜렷한 강점 신호 부족,성장성 신뢰도 낮음,"최종=0.581, 채널력=0.489, 성장성=0.497, 팬밀도=0.721, 라이브=0.420, 실전성=0.984, 운영제외리스크=0.000, 검증필요리스크=0.196",순위 15단계 하락 / 최종점수 -0.001 / 성장성 -0.000
776,681,UCAY9hllp4aWvPkyk_Sv6OLw,아아 Iced Americano,,음악기타,71200.0,624461.2,0.0080365241785112,0.5800744538896719,0.94670626349892,0.5985957407674135,0.0880129589632829,0.4203721168874098,0.99272,보류,False,,성장성 상위권 / 성장성 신뢰도 양호,상위 세그먼트 불명확,"최종=0.580, 채널력=0.947, 성장성=0.599, 팬밀도=0.088, 라이브=0.420, 실전성=0.993, 운영제외리스크=0.000, 검증필요리스크=0.091",순위 51단계 하락 / 최종점수 -0.006 / 성장성 -0.000
777,682,UCFhvOLfXqcJErKrf7AXAjnA,한식클라쓰,음악·보이스형,ASMR보이스,32800.0,24659.2,0.025393734604666,0.5798660162990008,0.7397948164146868,0.4400078835899934,0.4584233261339093,0.4203721168874098,1.0,보류,False,,실전성 리스크 낮음 / 성장성 신뢰도 양호,주요 자동 리스크 낮음,"최종=0.580, 채널력=0.740, 성장성=0.440, 팬밀도=0.458, 라이브=0.420, 실전성=1.000, 운영제외리스크=0.000, 검증필요리스크=0.000",순위 23단계 하락 / 최종점수 -0.002 / 성장성 +0.001
778,683,UCJ-soEmJLdj_fSpBU5RpQyg,짤녀와 많쿠만in텟슈,창작·비주얼형,일러스트리깅,1870.0,14.0,0.0603412944125018,0.5795805488609401,0.1801835853131749,0.3668132559764319,0.8520518358531317,0.8660389635396776,0.99104,보류,False,,팬밀도 상위권 / 라이브친화도 상위권 / 성장성 신뢰도 양호,주요 자동 리스크 낮음,"최종=0.580, 채널력=0.180, 성장성=0.367, 팬밀도=0.852, 라이브=0.866, 실전성=0.991, 운영제외리스크=0.000, 검증필요리스크=0.112",순위 13단계 하락 / 최종점수 -0.001 / 성장성 +0.000
779,684,UCBnNb3sFixmWwcYXku53jyQ,미묘 MYO ASMR,음악·보이스형,ASMR보이스,3390.0,16267.1,0.0379325924795944,0.5791867346231284,0.5543331533477321,0.4928760593220339,0.6706263498920086,0.3960583153347732,0.98432,보류,False,,뚜렷한 강점 신호 부족,성장성 신뢰도 낮음,"최종=0.579, 채널력=0.554, 성장성=0.493, 팬밀도=0.671, 라이브=0.396, 실전성=0.984, 운영제외리스크=0.000, 검증필요리스크=0.196",순위 16단계 하락 / 최종점수 -0.001 / 성장성 -0.000
780,687,UCVZ9FttNbMvJ8wDtoi0209g,헛소리의 이것저것,창작·비주얼형,코스프레,76700.0,48382.2,0.0399311038752185,0.5788041827557883,0.5623245140388768,0.516910483052404,0.7024838012958964,0.3070734541831007,0.98208,보류,False,,성장성 신뢰도 양호,수집 영상 수 부족,"최종=0.579, 채널력=0.562, 성장성=0.517, 팬밀도=0.702, 라이브=0.307, 실전성=0.982, 운영제외리스크=0.000, 검증필요리스크=0.224",순위 6단계 하락 / 최종점수 +0.000 / 성장성 +0.000
781,690,UC3-i7eauQB6x2myWK2zUq-A,크리본,버츄얼 퍼포먼스형,버튜버,2940.0,967.5,0.1002747748153753,0.5783504690020809,0.2122705183585312,0.4928057006335452,0.9578833693304536,0.4203721168874098,0.99104,보류,False,,팬밀도 상위권,주요 자동 리스크 낮음,"최종=0.578, 채널력=0.212, 성장성=0.493, 팬밀도=0.958, 라이브=0.420, 실전성=0.991, 운영제외리스크=0.000, 검증필요리스크=0.112",순위 13단계 하락 / 최종점수 -0.000 / 성장성 -0.000
782,692,UCbWXn3pokH3UVYu-Vay60Mg,악땜쓰의 게임채널!!,게임 실황형,블루아카이브,6850.0,421.3,0.0696854548926371,0.5781106775378577,0.1660232181425485,0.5743338281564144,0.8947084233261339,0.8660389635396776,0.85808,보류,False,,성장성 상위권 / 팬밀도 상위권 / 라이브친화도 상위권 / 성장성 신뢰도 양호,팬/클립/아카이브 채널 의심 / 수집 영상 수 부족,"최종=0.578, 채널력=0.166, 성장성=0.574, 팬밀도=0.895, 라이브=0.866, 실전성=0.858, 운영제외리스크=0.220, 검증필요리스크=0.224",순위 16단계 하락 / 최종점수 -0.001 / 성장성 -0.000
783,693,UCdtLrhj_Noe6JDQfsciC2qA,우기의 923번째 머리카락 (삭발예정),음악·보이스형,보컬로이드JPOP커버,4820.0,126938.2,0.0328912204386751,0.5780354637631879,0.6685340172786177,0.3817008732221953,0.5955723542116631,0.4203721168874098,1.0,보류,False,,실전성 리스크 낮음 / 성장성 신뢰도 양호,주요 자동 리스크 낮음,"최종=0.578, 채널력=0.669, 성장성=0.382, 팬밀도=0.596, 라이브=0.420, 실전성=1.000, 운영제외리스크=0.000, 검증필요리스크=0.000",순위 15단계 하락 / 최종점수 -0.001 / 성장성 -0.001
784,694,UCoMlsyTsbqtSYDmheA79MAA,쌀미,음악·보이스형,커버,2310.0,168374.0,0.0226710752206951,0.5778018483801296,0.8019303455723542,0.5,0.4076673866090712,0.3960583153347732,0.98432,보류,False,,뚜렷한 강점 신호 부족,성장성 신뢰도 낮음,"최종=0.578, 채널력=0.802, 성장성=0.500, 팬밀도=0.408, 라이브=0.396, 실전성=0.984, 운영제외리스크=0.000, 검증필요리스크=0.196",순위 12단계 하락 / 최종점수 -0.000
785,695,UCLgsadjy40X1CjYrqDXbBDg,버츄얼 베이커리,버츄얼 퍼포먼스형,버튜버,2910.0,13359.6,0.0300317080312741,0.5772719631638177,0.6093682505399568,0.463219881417903,0.5475161987041036,0.4203721168874098,1.0,보류,False,,실전성 리스크 낮음 / 성장성 신뢰도 양호,주요 자동 리스크 낮음,"최종=0.577, 채널력=0.609, 성장성=0.463, 팬밀도=0.548, 라이브=0.420, 실전성=1.000, 운영제외리스크=0.000, 검증필요리스크=0.000",순위 7단계 하락 / 최종점수 -0.001 / 성장성 +0.001
786,698,UCGTThxxnjy4kYKMirYZ41Ig,나일롱,,서브컬쳐게임,11600.0,1172.2,0.0412826975299361,0.5770547092441664,0.468439524838013,0.3049430666712319,0.7165226781857451,0.7280357727399639,0.99272,보류,False,,라이브친화도 상위권 / 성장성 신뢰도 양호,상위 세그먼트 불명확,"최종=0.577, 채널력=0.468, 성장성=0.305, 팬밀도=0.717, 라이브=0.728, 실전성=0.993, 운영제외리스크=0.000, 검증필요리스크=0.091",순위 7단계 하락 / 최종점수 -0.001 / 성장성 +0.000
787,699,UC-cSqC839qw_zKC0pkJ12Zw,한률,,커버기타,200000.0,482608.1,0.0169107637782114,0.577025022837423,0.9703563714902808,0.4151192938591191,0.2840172786177106,0.4203721168874098,0.99272,보류,False,,뚜렷한 강점 신호 부족,상위 세그먼트 불명확,"최종=0.577, 채널력=0.970, 성장성=0.415, 팬밀도=0.284, 라이브=0.420, 실전성=0.993, 운영제외리스크=0.000, 검증필요리스크=0.091",순위 14단계 하락 / 최종점수 -0.001 / 성장성 +0.000
788,700,UCt8mpTvSGET6dJ2Oxa3SMZA,하루 ⛩️🕹️,,서브컬쳐게임,4400.0,85719.6,0.0460602808069664,0.5770207398067138,0.5452888768898487,0.4928760593220339,0.7532397408207343,0.3960583153347732,0.96808,보류,False,,뚜렷한 강점 신호 부족,상위 세그먼트 불명확 / 성장성 신뢰도 낮음,"최종=0.577, 채널력=0.545, 성장성=0.493, 팬밀도=0.753, 라이브=0.396, 실전성=0.968, 운영제외리스크=0.000, 검증필요리스크=0.399",순위 10단계 하락 / 최종점수 -0.001 / 성장성 -0.000
789,702,UCc5iu2oZRNBwQhDdMAt-Ypw,아키,음악·보이스형,성우더빙,2560.0,7258.7,0.0697642153486121,0.5766309893116086,0.3237446004319654,0.4844511287676967,0.8952483801295896,0.4203721168874098,0.98208,보류,False,,팬밀도 상위권,수집 영상 수 부족,"최종=0.577, 채널력=0.324, 성장성=0.484, 팬밀도=0.895, 라이브=0.420, 실전성=0.982, 운영제외리스크=0.000, 검증필요리스크=0.224",순위 4단계 하락 / 최종점수 -0.000 / 성장성 +0.000
790,704,UC75pbnXRZaN3VCzo8OQzJhQ,노마카세,음악·보이스형,성우,35900.0,33682.2,0.0181818326196722,0.5765174094089354,0.8341252699784018,0.4680555155700902,0.3131749460043196,0.4203721168874098,1.0,보류,False,,실전성 리스크 낮음,주요 자동 리스크 낮음,"최종=0.577, 채널력=0.834, 성장성=0.468, 팬밀도=0.313, 라이브=0.420, 실전성=1.000, 운영제외리스크=0.000, 검증필요리스크=0.000",순위 11단계 하락 / 최종점수 -0.001 / 성장성 +0.000
791,705,UCmq8hxONfXO28XQzFVmheuw,하바로셀,음악·보이스형,ASMR보이스,11200.0,517.1,0.0321790625222619,0.5762701096233003,0.4191549676025918,0.4570435781990722,0.5831533477321814,0.6519338556927332,1.0,보류,False,,라이브친화도 상위권 / 실전성 리스크 낮음 / 성장성 신뢰도 양호,주요 자동 리스크 낮음,"최종=0.576, 채널력=0.419, 성장성=0.457, 팬밀도=0.583, 라이브=0.652, 실전성=1.000, 운영제외리스크=0.000, 검증필요리스크=0.000",순위 100단계 하락 / 최종점수 -0.012 / 성장성 +0.000
792,707,UCZIyUfCRzFmJkVaPL1inmlA,드라니스,,서브컬쳐게임,2570.0,17.8,0.0454190115794975,0.5762564531939786,0.3115550755939524,0.5651474661445652,0.7483801295896328,0.4203721168874098,0.99272,보류,False,,성장성 상위권 / 성장성 신뢰도 양호,상위 세그먼트 불명확,"최종=0.576, 채널력=0.312, 성장성=0.565, 팬밀도=0.748, 라이브=0.420, 실전성=0.993, 운영제외리스크=0.000, 검증필요리스크=0.091",순위 52단계 하락 / 최종점수 -0.006 / 성장성 +0.000
793,708,UCrPcpr8lzO1GTSSZjm2lV2w,세력버스_,창작·비주얼형,일러스트리깅,309000.0,1227.8,0.1043240358152551,0.5761500552202216,0.3086258099352051,0.4888581598976549,0.9616630669546437,0.4203721168874098,0.88208,보류,False,,팬밀도 상위권 / 성장성 신뢰도 양호,수집 영상 수 부족,"최종=0.576, 채널력=0.309, 성장성=0.489, 팬밀도=0.962, 라이브=0.420, 실전성=0.882, 운영제외리스크=0.000, 검증필요리스크=0.224",순위 114단계 상승 / 최종점수 +0.013 / 성장성 +0.000
794,709,UC6pQKtIqKX31sVPg9vvhl9A,솔솔 ASMR,음악·보이스형,ASMR보이스,15500.0,8179.2,0.0421362982102618,0.5759062600431966,0.5223812095032399,0.5,0.724622030237581,0.3960583153347732,0.97536,보류,False,,뚜렷한 강점 신호 부족,성장성 신뢰도 낮음,"최종=0.576, 채널력=0.522, 성장성=0.500, 팬밀도=0.725, 라이브=0.396, 실전성=0.975, 운영제외리스크=0.000, 검증필요리스크=0.308",순위 13단계 하락 / 최종점수 -0.001
795,710,UCpvNCwb8Xe4Nf4RuGlFar2A,요미월드,음악·보이스형,ASMR보이스,599000.0,870919.7,0.0232006792750833,0.5758005155133417,0.8866630669546437,0.3904604687198901,0.4152267818574514,0.4203721168874098,0.9,보류,False,,성장성 신뢰도 양호,주요 자동 리스크 낮음,"최종=0.576, 채널력=0.887, 성장성=0.390, 팬밀도=0.415, 라이브=0.420, 실전성=0.900, 운영제외리스크=0.000, 검증필요리스크=0.000",순위 11단계 하락 / 최종점수 -0.001 / 성장성 +0.000
796,711,UCMZtpOPBlAwVYl1AfN9KLpQ,나는찬미,창작·비주얼형,코스프레,15600.0,27616.3,0.017616350706481,0.5755235654796298,0.7271328293736501,0.4970656243783466,0.2991360691144708,0.5371068865753741,1.0,보류,False,,실전성 리스크 낮음 / 성장성 신뢰도 양호,주요 자동 리스크 낮음,"최종=0.576, 채널력=0.727, 성장성=0.497, 팬밀도=0.299, 라이브=0.537, 실전성=1.000, 운영제외리스크=0.000, 검증필요리스크=0.000",순위 6단계 하락 / 최종점수 -0.000 / 성장성 +0.000
797,712,UC2tOnRqbljrp7As7OUsQTXw,오늘이올시다,음악·보이스형,성우더빙,11900.0,254883.2,0.0147200139215427,0.5754573392594156,0.7991360691144709,0.5553988318364605,0.2321814254859611,0.4203721168874098,1.0,보류,False,,실전성 리스크 낮음 / 성장성 신뢰도 양호,주요 자동 리스크 낮음,"최종=0.575, 채널력=0.799, 성장성=0.555, 팬밀도=0.232, 라이브=0.420, 실전성=1.000, 운영제외리스크=0.000, 검증필요리스크=0.000",순위 32단계 하락 / 최종점수 -0.003 / 성장성 +0.000
798,713,UC4FccWZ4kOJD6SCmgVitY5Q,숲정남,창작·비주얼형,일러스트리깅,4880.0,416.6,0.0562759174542048,0.5752933760918109,0.3784287257019438,0.4928760593220339,0.8288336933045356,0.3960583153347732,0.98432,보류,False,,팬밀도 상위권,성장성 신뢰도 낮음,"최종=0.575, 채널력=0.378, 성장성=0.493, 팬밀도=0.829, 라이브=0.396, 실전성=0.984, 운영제외리스크=0.000, 검증필요리스크=0.196",순위 9단계 하락 / 최종점수 -0.001 / 성장성 -0.000
799,714,UCnu5A9Zwc0UVrSmTJmp-P0w,류현상,,기타 연주,29400.0,5392.4,0.033913464286017,0.5752699100271988,0.5433990280777538,0.4855239357047395,0.6133909287257019,0.4203721168874098,0.99272,보류,False,,성장성 신뢰도 양호,상위 세그먼트 불명확,"최종=0.575, 채널력=0.543, 성장성=0.486, 팬밀도=0.613, 라이브=0.420, 실전성=0.993, 운영제외리스크=0.000, 검증필요리스크=0.091",순위 3단계 상승 / 최종점수 +0.001 / 성장성 +0.002
800,715,UCr1Is4oFjFaX4SPMOzCRMbg,장또산,음악·보이스형,애니송커버,3390.0,2185.0,0.033321710492889,0.5750978656284278,0.4698704103671706,0.5230597675727514,0.6009719222462203,0.4203721168874098,1.0,보류,False,,실전성 리스크 낮음 / 성장성 신뢰도 양호,주요 자동 리스크 낮음,"최종=0.575, 채널력=0.470, 성장성=0.523, 팬밀도=0.601, 라이브=0.420, 실전성=1.000, 운영제외리스크=0.000, 검증필요리스크=0.000",순위 8단계 하락 / 최종점수 -0.001 / 성장성 +0.000
801,717,UCJnP6qOukPcFSzF1-rGgs_Q,플로잉 아카데미  Flowing Academy,,커버기타,33600.0,2453.0,0.0186437879758789,0.5749134127162934,0.6583288336933045,0.5992172729852915,0.3234341252699784,0.738474168723263,0.81272,보류,False,,성장성 상위권 / 라이브친화도 상위권 / 성장성 신뢰도 양호,상위 세그먼트 불명확,"최종=0.575, 채널력=0.658, 성장성=0.599, 팬밀도=0.323, 라이브=0.738, 실전성=0.813, 운영제외리스크=0.100, 검증필요리스크=0.091",순위 15단계 하락 / 최종점수 -0.001 / 성장성 -0.000
802,719,UCtKaWarbIgekUqjGV_uEw3A,이무지,게임 실황형,명조,95200.0,60814.3,0.0347544824154769,0.5744957507760392,0.5752834773218143,0.4900407196195276,0.6268898488120951,0.4203721168874098,0.98208,보류,False,,성장성 신뢰도 양호,수집 영상 수 부족,"최종=0.574, 채널력=0.575, 성장성=0.490, 팬밀도=0.627, 라이브=0.420, 실전성=0.982, 운영제외리스크=0.000, 검증필요리스크=0.224",순위 7단계 하락 / 최종점수 -0.001 / 성장성 +0.001
803,721,UCFzvcQ3y_qMkjsqiST4jyzw,프로젝트명: 청춘,음악·보이스형,커버,1390.0,1279.0,0.0551745426441888,0.574306438012959,0.3735151187904967,0.5,0.8201943844492441,0.3960583153347732,0.98432,보류,False,,팬밀도 상위권,성장성 신뢰도 낮음,"최종=0.574, 채널력=0.374, 성장성=0.500, 팬밀도=0.820, 라이브=0.396, 실전성=0.984, 운영제외리스크=0.000, 검증필요리스크=0.196",순위 4단계 상승 / 최종점수 +0.001
804,722,UCZbpzSJPruFvC79c9p4s1Bw,룬,음악·보이스형,애니송커버,1870.0,12231.8,0.0548458202475518,0.5741105307354395,0.4293331533477322,0.4928760593220339,0.8185745140388769,0.3960583153347732,0.97536,보류,False,,팬밀도 상위권,성장성 신뢰도 낮음,"최종=0.574, 채널력=0.429, 성장성=0.493, 팬밀도=0.819, 라이브=0.396, 실전성=0.975, 운영제외리스크=0.000, 검증필요리스크=0.308",순위 1단계 상승 / 최종점수 -0.000 / 성장성 -0.000
805,723,UCdOOVVLWay2SxKma7mEm_pw,RANHEE 란희♥️,창작·비주얼형,코스프레,2950.0,8333.0,0.0409011686963198,0.5740748428582417,0.3858666306695464,0.5341732191108862,0.7122030237580994,0.4203721168874098,0.99104,보류,False,,성장성 신뢰도 양호,주요 자동 리스크 낮음,"최종=0.574, 채널력=0.386, 성장성=0.534, 팬밀도=0.712, 라이브=0.420, 실전성=0.991, 운영제외리스크=0.000, 검증필요리스크=0.112",순위 48단계 하락 / 최종점수 -0.005 / 성장성 +0.000
806,724,UCo_HoRbsUDjxrXHt438ZDTA,하루드럼,음악·보이스형,애니송커버,15000.0,1297.8,0.0446825976775234,0.5740610242669719,0.4846652267818574,0.3961540474990542,0.7429805615550756,0.4203721168874098,1.0,보류,False,,실전성 리스크 낮음 / 성장성 신뢰도 양호,주요 자동 리스크 낮음,"최종=0.574, 채널력=0.485, 성장성=0.396, 팬밀도=0.743, 라이브=0.420, 실전성=1.000, 운영제외리스크=0.000, 검증필요리스크=0.000",순위 15단계 하락 / 최종점수 -0.001 / 성장성 -0.003
807,727,UCoAuhQ8_qV5JtmGeAvXnA1A,쿠이누,음악·보이스형,애니송커버,43900.0,5926.0,0.0284956636425449,0.5738237389159389,0.6359476241900648,0.4559003594588791,0.5145788336933045,0.4203721168874098,1.0,보류,False,,실전성 리스크 낮음 / 성장성 신뢰도 양호,주요 자동 리스크 낮음,"최종=0.574, 채널력=0.636, 성장성=0.456, 팬밀도=0.515, 라이브=0.420, 실전성=1.000, 운영제외리스크=0.000, 검증필요리스크=0.000",순위 21단계 하락 / 최종점수 -0.002 / 성장성 +0.000
808,729,UC_yqHH8xcL-IVvv2U8M-IzA,유하유,음악·보이스형,보컬로이드JPOP커버,1020.0,191.0,0.1621622248739734,0.5736218188683073,0.2725431965442764,0.3686424608006456,0.988120950323974,0.4203721168874098,1.0,보류,False,,팬밀도 상위권 / 실전성 리스크 낮음 / 성장성 신뢰도 양호,주요 자동 리스크 낮음,"최종=0.574, 채널력=0.273, 성장성=0.369, 팬밀도=0.988, 라이브=0.420, 실전성=1.000, 운영제외리스크=0.000, 검증필요리스크=0.000",순위 5단계 하락 / 최종점수 -0.000 / 성장성 +0.000
809,731,UCnY1K41u6VK5xtmlwkZ8WxA,옐링ᰔ,음악·보이스형,보컬로이드JPOP커버,11400.0,16314.8,0.0399034868151381,0.5735215408207344,0.5347597192224622,0.5,0.7014038876889849,0.3960583153347732,0.97536,보류,False,,뚜렷한 강점 신호 부족,성장성 신뢰도 낮음,"최종=0.574, 채널력=0.535, 성장성=0.500, 팬밀도=0.701, 라이브=0.396, 실전성=0.975, 운영제외리스크=0.000, 검증필요리스크=0.308",순위 10단계 하락 / 최종점수 -0.001
810,732,UCOYavv4k42Uq46y-Tm6jdmA,띠꾸♥,버츄얼 퍼포먼스형,버튜버,2670.0,1666.6,0.0378834019070031,0.5733255473199013,0.4368790496760259,0.4887718674119385,0.6695464362850972,0.4203721168874098,1.0,보류,False,,실전성 리스크 낮음 / 성장성 신뢰도 양호,주요 자동 리스크 낮음,"최종=0.573, 채널력=0.437, 성장성=0.489, 팬밀도=0.670, 라이브=0.420, 실전성=1.000, 운영제외리스크=0.000, 검증필요리스크=0.000",순위 4단계 하락 / 최종점수 -0.000 / 성장성 +0.000
811,733,UCYxLMfeX1CbMBll9MsGlzmw,텐코 시부키 TENKO SHIBUKI,버츄얼 퍼포먼스형,버튜버,204000.0,236141.0,0.0307067817633534,0.5732393942575008,0.628739200863931,0.4961600264069138,0.5599352051835853,0.4203721168874098,0.98208,보류,False,,성장성 신뢰도 양호,수집 영상 수 부족,"최종=0.573, 채널력=0.629, 성장성=0.496, 팬밀도=0.560, 라이브=0.420, 실전성=0.982, 운영제외리스크=0.000, 검증필요리스크=0.224",순위 15단계 하락 / 최종점수 -0.001 / 성장성 -0.000
812,734,UC3GtKG93qnliKfCGdgY5zog,노네임,창작·비주얼형,일러스트리깅,22800.0,29016.8,0.0274116611813336,0.5731955476772705,0.7422246220302375,0.435884533898305,0.4935205183585313,0.3960583153347732,0.99104,보류,False,,뚜렷한 강점 신호 부족,주요 자동 리스크 낮음,"최종=0.573, 채널력=0.742, 성장성=0.436, 팬밀도=0.494, 라이브=0.396, 실전성=0.991, 운영제외리스크=0.000, 검증필요리스크=0.112",순위 21단계 하락 / 최종점수 -0.002 / 성장성 -0.000
813,735,UCueIhehsc7mEXQk8DHI4u0g,썰바람,창작·비주얼형,코스프레,306000.0,173864.2,0.0229993176389198,0.5730666778409332,0.8521868250539957,0.4099064973968024,0.4125269978401727,0.4203721168874098,0.9,보류,False,,성장성 신뢰도 양호,주요 자동 리스크 낮음,"최종=0.573, 채널력=0.852, 성장성=0.410, 팬밀도=0.413, 라이브=0.420, 실전성=0.900, 운영제외리스크=0.000, 검증필요리스크=0.000",순위 88단계 상승 / 최종점수 +0.010 / 성장성 +0.000
814,737,UCoH2pCzAr6zWDG-LtUiLWRw,홀릿 Youtube Holit,,게임기타,634000.0,56526.0,0.0152668772724308,0.5726125804767543,0.8196814254859611,0.5959954832066234,0.2435205183585313,0.4203721168874098,0.89272,보류,False,,성장성 상위권 / 성장성 신뢰도 양호,상위 세그먼트 불명확,"최종=0.573, 채널력=0.820, 성장성=0.596, 팬밀도=0.244, 라이브=0.420, 실전성=0.893, 운영제외리스크=0.000, 검증필요리스크=0.091",순위 80단계 상승 / 최종점수 +0.009 / 성장성 +0.001
815,739,UCYmiZahc1339eM_jxufCx3w,조카네,창작·비주얼형,코스프레,5580.0,15316.5,0.0217346687417737,0.5723311677463045,0.5726376889848811,0.6025579462257667,0.3844492440604751,0.4203721168874098,1.0,보류,False,,성장성 상위권 / 실전성 리스크 낮음 / 성장성 신뢰도 양호,주요 자동 리스크 낮음,"최종=0.572, 채널력=0.573, 성장성=0.603, 팬밀도=0.384, 라이브=0.420, 실전성=1.000, 운영제외리스크=0.000, 검증필요리스크=0.000",순위 23단계 상승 / 최종점수 +0.003 / 성장성 +0.001
816,740,UCwh1EMeXAer2LNKIV3_nRkA,미슐랭드라마가이드,버츄얼 퍼포먼스형,버튜버,63200.0,131406.2,0.0162779186920762,0.5723093759159331,0.7451808855291576,0.5577003434992783,0.2688984881209503,0.4203721168874098,1.0,보류,False,,실전성 리스크 낮음 / 성장성 신뢰도 양호,주요 자동 리스크 낮음,"최종=0.572, 채널력=0.745, 성장성=0.558, 팬밀도=0.269, 라이브=0.420, 실전성=1.000, 운영제외리스크=0.000, 검증필요리스크=0.000",순위 105단계 상승 / 최종점수 +0.011 / 성장성 +0.001
817,742,UCjn67ohKcc4Ubdf5e4NDgyA,21학번,음악·보이스형,보컬로이드JPOP커버,31800.0,4788.3,0.0213402354432357,0.5719544683813241,0.4299541036717061,0.755844899280488,0.3763498920086393,0.4203721168874098,0.99104,보류,False,,성장성 상위권 / 성장성 신뢰도 양호,주요 자동 리스크 낮음,"최종=0.572, 채널력=0.430, 성장성=0.756, 팬밀도=0.376, 라이브=0.420, 실전성=0.991, 운영제외리스크=0.000, 검증필요리스크=0.112",순위 5단계 하락 / 최종점수 -0.000 / 성장성 +0.001 / 버킷 변경: 성장관찰 → 보류
818,743,UCPjCMTp2HTOUiil6ILWPDqQ,프로젝트 덕분애,음악·보이스형,성우,1940.0,2954.1,0.0364475058747717,0.5718118375809935,0.529022678185745,0.5,0.6533477321814255,0.3960583153347732,0.98432,보류,False,,뚜렷한 강점 신호 부족,성장성 신뢰도 낮음,"최종=0.572, 채널력=0.529, 성장성=0.500, 팬밀도=0.653, 라이브=0.396, 실전성=0.984, 운영제외리스크=0.000, 검증필요리스크=0.196",순위 4단계 하락 / 최종점수 -0.000
819,745,UCkdasqh8htc049l0IAqApsw,영우의 재밌는 일상,음악·보이스형,ASMR보이스,6330.0,25781.9,0.023835333859374,0.5715694518382244,0.540726241900648,0.6296761808335949,0.4244060475161987,0.4203721168874098,0.99104,보류,False,,성장성 상위권 / 성장성 신뢰도 양호,주요 자동 리스크 낮음,"최종=0.572, 채널력=0.541, 성장성=0.630, 팬밀도=0.424, 라이브=0.420, 실전성=0.991, 운영제외리스크=0.000, 검증필요리스크=0.112",순위 30단계 상승 / 최종점수 +0.003 / 성장성 +0.001
820,746,UCDtz84R5bn4fY8AgHuouojg,당비 Dangbee EATING,음악·보이스형,ASMR,14100000.0,157413.4,0.0186800415603271,0.5714498493610555,0.8614200863930885,0.4656061920421017,0.3250539956803456,0.4203721168874098,0.9,보류,False,,성장성 신뢰도 양호,주요 자동 리스크 낮음,"최종=0.571, 채널력=0.861, 성장성=0.466, 팬밀도=0.325, 라이브=0.420, 실전성=0.900, 운영제외리스크=0.000, 검증필요리스크=0.000",순위 30단계 하락 / 최종점수 -0.003 / 성장성 +0.001
821,748,UCa6WhioiyUb-ke0FQZVeFsA,나만 듣기 아까운 노래,음악·보이스형,커버,214000.0,10065.5,0.0184310619515099,0.5712012506418709,0.7852456803455723,0.4845048636945047,0.3169546436285097,0.4203721168874098,1.0,보류,False,,실전성 리스크 낮음 / 성장성 신뢰도 양호,주요 자동 리스크 낮음,"최종=0.571, 채널력=0.785, 성장성=0.485, 팬밀도=0.317, 라이브=0.420, 실전성=1.000, 운영제외리스크=0.000, 검증필요리스크=0.000",순위 17단계 상승 / 최종점수 +0.002 / 성장성 +0.001
822,749,UCqA58HJhzETaaR6WyJhp9aQ,김팩트,음악·보이스형,애니송커버,196000.0,585158.4,0.0074344040218392,0.5711254682702142,0.6895653347732181,0.7864849251101397,0.0739740820734341,0.4203721168874098,0.99104,보류,False,,성장성 상위권 / 성장성 신뢰도 양호,주요 자동 리스크 낮음,"최종=0.571, 채널력=0.690, 성장성=0.786, 팬밀도=0.074, 라이브=0.420, 실전성=0.991, 운영제외리스크=0.000, 검증필요리스크=0.112",순위 204단계 상승 / 최종점수 +0.023 / 성장성 +0.034
823,750,UC3UFZ9YAM-sMyMEkO5JfB7w,레옹 신부,게임 실황형,마인크래프트,25400.0,20809.3,0.038005684502143,0.5710080620854798,0.4955048596112311,0.3974989245927967,0.6733261339092873,0.6187676308332184,0.98208,보류,False,,성장성 신뢰도 양호,수집 영상 수 부족,"최종=0.571, 채널력=0.496, 성장성=0.397, 팬밀도=0.673, 라이브=0.619, 실전성=0.982, 운영제외리스크=0.000, 검증필요리스크=0.224",순위 3단계 하락 / 최종점수 +0.000 / 성장성 -0.000
824,751,UCgGJTwsdgDlX5xUuxnB2QMQ,민고림,,서브컬쳐게임,2030.0,27539.5,0.0274556109000931,0.5709664308096399,0.6385259179265659,0.4883229492983081,0.4951403887688985,0.4203721168874098,0.99272,보류,False,,뚜렷한 강점 신호 부족,상위 세그먼트 불명확,"최종=0.571, 채널력=0.639, 성장성=0.488, 팬밀도=0.495, 라이브=0.420, 실전성=0.993, 운영제외리스크=0.000, 검증필요리스크=0.091",순위 19단계 하락 / 최종점수 -0.002 / 성장성 +0.000
825,753,UCzN7N4DMmBTWI0jVQmjJf0g,오세오의 어서오세오,버츄얼 퍼포먼스형,버튜버,1250.0,435.1,0.0219498596072588,0.5708827667872104,0.1190739740820733,0.719165414045524,0.3914686825053995,0.9154791093681304,0.99104,보류,False,,성장성 상위권 / 라이브친화도 상위권 / 성장성 신뢰도 양호,주요 자동 리스크 낮음,"최종=0.571, 채널력=0.119, 성장성=0.719, 팬밀도=0.391, 라이브=0.915, 실전성=0.991, 운영제외리스크=0.000, 검증필요리스크=0.112",순위 196단계 하락 / 최종점수 -0.023 / 성장성 -0.000 / 버킷 변경: 성장관찰 → 보류
826,755,UCklhC7JCcq3cfG9W6yunINQ,겜타벅스,음악·보이스형,ASMR보이스,82500.0,68216.8,0.0200317590691333,0.5706251709429505,0.8043196544276457,0.5057098876022483,0.3488120950323974,0.4203721168874098,0.98432,보류,False,,뚜렷한 강점 신호 부족,성장성 신뢰도 낮음,"최종=0.571, 채널력=0.804, 성장성=0.506, 팬밀도=0.349, 라이브=0.420, 실전성=0.984, 운영제외리스크=0.000, 검증필요리스크=0.196",순위 22단계 하락 / 최종점수 -0.002 / 성장성 +0.000
827,756,UCovVzsguaWJ-8SYZ9kYxwmw,안평화,음악·보이스형,보컬로이드JPOP커버,9500.0,169087.5,0.0298486015647637,0.5705118984555152,0.6339227861771058,0.45848945438964,0.5442764578833693,0.4203721168874098,0.99104,보류,False,,뚜렷한 강점 신호 부족,주요 자동 리스크 낮음,"최종=0.571, 채널력=0.634, 성장성=0.458, 팬밀도=0.544, 라이브=0.420, 실전성=0.991, 운영제외리스크=0.000, 검증필요리스크=0.112",순위 18단계 하락 / 최종점수 -0.001 / 성장성 -0.000
828,757,UCH5OWlrbVeXVhCGOv-B8OTA,잔리화,,서브컬쳐게임,3060.0,1514.9,0.0514477651873429,0.5704593834207115,0.4352861771058315,0.4090436918077658,0.796976241900648,0.4203721168874098,0.99272,보류,False,,성장성 신뢰도 양호,상위 세그먼트 불명확,"최종=0.570, 채널력=0.435, 성장성=0.409, 팬밀도=0.797, 라이브=0.420, 실전성=0.993, 운영제외리스크=0.000, 검증필요리스크=0.091",순위 1단계 하락 / 최종점수 +0.000 / 성장성 -0.000
829,758,UCQB-_SAftCUl4LE4JS6Xgrw,앤셔리빈티지,창작·비주얼형,코스프레,1930.0,1476.4,0.0130886404038647,0.5704130654129173,0.4089092872570194,0.6197356470415457,0.1916846652267818,0.8983760979656544,1.0,보류,False,,성장성 상위권 / 라이브친화도 상위권 / 실전성 리스크 낮음 / 성장성 신뢰도 양호,주요 자동 리스크 낮음,"최종=0.570, 채널력=0.409, 성장성=0.620, 팬밀도=0.192, 라이브=0.898, 실전성=1.000, 운영제외리스크=0.000, 검증필요리스크=0.000",순위 193단계 하락 / 최종점수 -0.023 / 성장성 +0.000 / 버킷 변경: 성장관찰 → 보류
830,759,UCyAltAeQXxhZB6A_f9THH3A,이재순,,커버기타,1410.0,2371.3,0.0332440670125021,0.5702624753702519,0.502645788336933,0.5106911892825976,0.5993520518358532,0.4203721168874098,0.99272,보류,False,,성장성 신뢰도 양호,상위 세그먼트 불명확,"최종=0.570, 채널력=0.503, 성장성=0.511, 팬밀도=0.599, 라이브=0.420, 실전성=0.993, 운영제외리스크=0.000, 검증필요리스크=0.091",순위 18단계 하락 / 최종점수 -0.001 / 성장성 -0.000
831,761,UCXp9kXRQWHjaHqNgoknVPRg,미매,게임 실황형,로블록스,8020.0,3338.1,0.0455212192191967,0.5701266351682742,0.3139983801295896,0.4492921355388898,0.7494600431965442,0.6707572272375713,0.98208,보류,False,,라이브친화도 상위권 / 성장성 신뢰도 양호,수집 영상 수 부족,"최종=0.570, 채널력=0.314, 성장성=0.449, 팬밀도=0.749, 라이브=0.671, 실전성=0.982, 운영제외리스크=0.000, 검증필요리스크=0.224",순위 21단계 하락 / 최종점수 -0.002 / 성장성 +0.001
832,762,UC690ZJpcLHYe7tTCc-MRadQ,농,음악·보이스형,ASMR보이스,1140.0,15685.4,0.084377287424874,0.5698824089161767,0.5614470842332613,0.1685954320453501,0.9368250539956804,0.4203721168874098,1.0,보류,False,,팬밀도 상위권 / 실전성 리스크 낮음 / 성장성 신뢰도 양호,주요 자동 리스크 낮음,"최종=0.570, 채널력=0.561, 성장성=0.169, 팬밀도=0.937, 라이브=0.420, 실전성=1.000, 운영제외리스크=0.000, 검증필요리스크=0.000",순위 16단계 하락 / 최종점수 -0.001 / 성장성 -0.000
833,763,UC61lBqjhylBJW9ZkTGb5hZw,도곰,,서브컬쳐게임,1270.0,499.7,0.0295442654357705,0.5697431512618868,0.3093682505399567,0.5544192295644247,0.5345572354211663,0.7137904004826716,0.99272,보류,False,,라이브친화도 상위권 / 성장성 신뢰도 양호,상위 세그먼트 불명확,"최종=0.570, 채널력=0.309, 성장성=0.554, 팬밀도=0.535, 라이브=0.714, 실전성=0.993, 운영제외리스크=0.000, 검증필요리스크=0.091",순위 192단계 하락 / 최종점수 -0.023 / 성장성 -0.000
834,765,UC84G3UgA0hr84VJ_T_f1vrA,나 잘한다해짜나,,음악기타,177000.0,266273.3,0.0125454021871432,0.5696923282921352,0.9369735421166306,0.4983138127231409,0.1781857451403887,0.4203721168874098,0.99272,보류,False,,성장성 신뢰도 양호,상위 세그먼트 불명확,"최종=0.570, 채널력=0.937, 성장성=0.498, 팬밀도=0.178, 라이브=0.420, 실전성=0.993, 운영제외리스크=0.000, 검증필요리스크=0.091",순위 15단계 하락 / 최종점수 -0.001 / 성장성 +0.001
835,767,UCxb9sTwNjLiTrA8bj8t0FtA,도둑고양이,,서브컬쳐게임,12600.0,38570.1,0.0203156310845274,0.5691046705444358,0.7358261339092873,0.5142563417482499,0.3563714902807775,0.4203721168874098,0.99272,보류,False,,성장성 신뢰도 양호,상위 세그먼트 불명확,"최종=0.569, 채널력=0.736, 성장성=0.514, 팬밀도=0.356, 라이브=0.420, 실전성=0.993, 운영제외리스크=0.000, 검증필요리스크=0.091",순위 14단계 하락 / 최종점수 -0.001 / 성장성 +0.001
836,768,UCp76m6Geneu-5SDNdAq_bhA,썰볼래?,버츄얼 퍼포먼스형,버튜버,2090.0,140410.7,0.0186485866487193,0.5690921253525233,0.5242845572354211,0.7126578827552271,0.3239740820734341,0.4203721168874098,0.99104,보류,False,,성장성 상위권 / 성장성 신뢰도 양호,주요 자동 리스크 낮음,"최종=0.569, 채널력=0.524, 성장성=0.713, 팬밀도=0.324, 라이브=0.420, 실전성=0.991, 운영제외리스크=0.000, 검증필요리스크=0.112",순위 259단계 상승 / 최종점수 +0.030 / 성장성 -0.000
837,770,UCM04dglpLL-uFDS-UbeBSDA,알피ASMR,음악·보이스형,ASMR,12000.0,1867.5,0.0285062853945296,0.5686888166302427,0.4331128509719222,0.4559463525025871,0.5151187904967602,0.6827525120427216,1.0,보류,False,,라이브친화도 상위권 / 실전성 리스크 낮음,주요 자동 리스크 낮음,"최종=0.569, 채널력=0.433, 성장성=0.456, 팬밀도=0.515, 라이브=0.683, 실전성=1.000, 운영제외리스크=0.000, 검증필요리스크=0.000",순위 16단계 하락 / 최종점수 -0.001 / 성장성 +0.000
838,772,UCyURzj8UwG5AGONrTStBHMw,빛나는 민주생활,음악·보이스형,ASMR보이스,63100.0,11437.4,0.0215249414642852,0.5686435218704512,0.6974352051835854,0.4943023535034578,0.3806695464362851,0.4203721168874098,1.0,보류,False,,실전성 리스크 낮음 / 성장성 신뢰도 양호,주요 자동 리스크 낮음,"최종=0.569, 채널력=0.697, 성장성=0.494, 팬밀도=0.381, 라이브=0.420, 실전성=1.000, 운영제외리스크=0.000, 검증필요리스크=0.000",순위 15단계 하락 / 최종점수 -0.001 / 성장성 -0.000
839,773,UCYUs6aFdjyhU7J94Tl6yf9Q,너무 예쁘차나,,음악기타,1410.0,3638.2,0.061480797864822,0.5686415695939028,0.4616090712742979,0.3352015304238378,0.8563714902807775,0.4203721168874098,0.99272,보류,False,,팬밀도 상위권 / 성장성 신뢰도 양호,상위 세그먼트 불명확,"최종=0.569, 채널력=0.462, 성장성=0.335, 팬밀도=0.856, 라이브=0.420, 실전성=0.993, 운영제외리스크=0.000, 검증필요리스크=0.091",순위 11단계 상승 / 최종점수 +0.001 / 성장성 -0.000
840,774,UCo-d4XwMtK08r9GBbGrOVjg,메모memoetc,,서브컬쳐게임,3930.0,509.5,0.0639685858361151,0.5685728102995333,0.376376889848812,0.3921663132586647,0.8687904967602592,0.4203721168874098,0.99272,보류,False,,팬밀도 상위권 / 성장성 신뢰도 양호,상위 세그먼트 불명확,"최종=0.569, 채널력=0.376, 성장성=0.392, 팬밀도=0.869, 라이브=0.420, 실전성=0.993, 운영제외리스크=0.000, 검증필요리스크=0.091",순위 4단계 하락 / 최종점수 -0.000 / 성장성 -0.003
841,775,UCZ0bi2aVJngKLwFTU5g_fLQ,김성회의 G식백과,,서브컬쳐게임,938000.0,297298.6,0.0157857126497474,0.5685345031985672,0.8734071274298055,0.5277630720696236,0.2580993520518359,0.4203721168874098,0.89272,보류,False,,성장성 신뢰도 양호,상위 세그먼트 불명확,"최종=0.569, 채널력=0.873, 성장성=0.528, 팬밀도=0.258, 라이브=0.420, 실전성=0.893, 운영제외리스크=0.000, 검증필요리스크=0.091",순위 12단계 하락 / 최종점수 -0.001 / 성장성 -0.000
842,776,UCCeCOBCcnkMxy7Hb09u8dxg,유설아,버츄얼 퍼포먼스형,버튜버,7020.0,13043.8,0.0236513742694525,0.5684963155123888,0.6465442764578835,0.5027919667109328,0.4200863930885529,0.4203721168874098,1.0,보류,False,,실전성 리스크 낮음 / 성장성 신뢰도 양호,주요 자동 리스크 낮음,"최종=0.568, 채널력=0.647, 성장성=0.503, 팬밀도=0.420, 라이브=0.420, 실전성=1.000, 운영제외리스크=0.000, 검증필요리스크=0.000",순위 21단계 하락 / 최종점수 -0.002 / 성장성 -0.000
843,777,UCMYzMBBoFYQEG9EA-aTpGwA,조우즈 쇼츠,음악·보이스형,커버,1350.0,7376.3,0.0387598655740049,0.568273141986196,0.5149298056155507,0.5576830547807635,0.6868250539956804,0.4203721168874098,0.956,보류,False,,성장성 신뢰도 양호,리믹스/쇼츠/플레이리스트/재업로드성 채널 의심,"최종=0.568, 채널력=0.515, 성장성=0.558, 팬밀도=0.687, 라이브=0.420, 실전성=0.956, 운영제외리스크=0.220, 검증필요리스크=0.000",순위 1단계 상승 / 최종점수 +0.000 / 성장성 +0.000
844,778,UCK4a5feaO3Yt0Vt1Cq5_2-Q,이쌍도,음악·보이스형,ASMR보이스,176000.0,42277.6,0.0107982516826182,0.5682554721506508,0.7196139308855292,0.665130863066343,0.1393088552915766,0.4203721168874098,1.0,보류,False,,성장성 상위권 / 실전성 리스크 낮음 / 성장성 신뢰도 양호,주요 자동 리스크 낮음,"최종=0.568, 채널력=0.720, 성장성=0.665, 팬밀도=0.139, 라이브=0.420, 실전성=1.000, 운영제외리스크=0.000, 검증필요리스크=0.000",순위 18단계 하락 / 최종점수 -0.001 / 성장성 -0.000
845,780,UCYVbNFh7KOpn7QHZAgiOWRg,여우무침,버츄얼 퍼포먼스형,버튜버,16200.0,11100.1,0.041037292233303,0.5681717566809873,0.4382964362850972,0.5067831658860422,0.7138228941684666,0.4203721168874098,0.98208,보류,False,,뚜렷한 강점 신호 부족,수집 영상 수 부족,"최종=0.568, 채널력=0.438, 성장성=0.507, 팬밀도=0.714, 라이브=0.420, 실전성=0.982, 운영제외리스크=0.000, 검증필요리스크=0.224",순위 78단계 상승 / 최종점수 +0.009 / 성장성 -0.000
846,782,UCLuA08CCjekcbVMeto8Ba1w,강한오빠,,서브컬쳐게임,5100.0,3407.6,0.0136902590721728,0.5678512345656633,0.5247030237580993,0.5125901840532463,0.2024838012958963,0.9504752101258348,0.99272,보류,False,,라이브친화도 상위권 / 성장성 신뢰도 양호,상위 세그먼트 불명확,"최종=0.568, 채널력=0.525, 성장성=0.513, 팬밀도=0.202, 라이브=0.950, 실전성=0.993, 운영제외리스크=0.000, 검증필요리스크=0.091",순위 24단계 하락 / 최종점수 -0.002 / 성장성 -0.000
847,783,UCKVkiBjJE4DY_SOU8HAdGJA,러블릿,음악·보이스형,음악,8620.0,136836.9,0.0302388888122867,0.5677963519288817,0.5864065874730022,0.5154972016757298,0.5529157667386609,0.4203721168874098,0.98208,보류,False,,뚜렷한 강점 신호 부족,주요 자동 리스크 낮음,"최종=0.568, 채널력=0.586, 성장성=0.515, 팬밀도=0.553, 라이브=0.420, 실전성=0.982, 운영제외리스크=0.000, 검증필요리스크=0.224",순위 12단계 하락 / 최종점수 -0.001 / 성장성 +0.000
848,784,UCEg24oF81p-THPtp3otdmTA,아야,버츄얼 퍼포먼스형,버튜버,72600.0,110671.9,0.0216270808349232,0.5675315496467964,0.5924001079913607,0.6434815934020068,0.382829373650108,0.4203721168874098,0.98208,보류,False,,성장성 상위권 / 성장성 신뢰도 양호,수집 영상 수 부족,"최종=0.568, 채널력=0.592, 성장성=0.643, 팬밀도=0.383, 라이브=0.420, 실전성=0.982, 운영제외리스크=0.000, 검증필요리스크=0.224",순위 18단계 하락 / 최종점수 -0.002 / 성장성 +0.001
849,785,UC0RbEfsXvwWjPmyRtPh-Z9w,믹조,버츄얼 퍼포먼스형,버튜버,1480.0,1540.6,0.0298577080375502,0.5675154601283469,0.2818304535637149,0.7240076127861305,0.5448164146868251,0.4203721168874098,0.99104,보류,False,,성장성 상위권 / 성장성 신뢰도 양호,주요 자동 리스크 낮음,"최종=0.568, 채널력=0.282, 성장성=0.724, 팬밀도=0.545, 라이브=0.420, 실전성=0.991, 운영제외리스크=0.000, 검증필요리스크=0.112",순위 352단계 하락 / 최종점수 -0.041 / 성장성 +0.000 / 버킷 변경: 성장관찰 → 보류
850,786,UChfs1dQ5phBDBWZJ1hHLbUA,아빠킹,,서브컬쳐게임,321000.0,79471.6,0.0121384361912991,0.5674897789428447,0.8281857451403887,0.6299887946058814,0.1684665226781857,0.4203721168874098,0.89272,보류,False,,성장성 상위권 / 성장성 신뢰도 양호,상위 세그먼트 불명확,"최종=0.567, 채널력=0.828, 성장성=0.630, 팬밀도=0.168, 라이브=0.420, 실전성=0.893, 운영제외리스크=0.000, 검증필요리스크=0.091",순위 12단계 하락 / 최종점수 -0.001 / 성장성 +0.001
851,787,UCqDyC4vJrtDaAnm1S2AQPwQ,프로젝트아이 PROJECT i,버츄얼 퍼포먼스형,버튜버,3860.0,14884.0,0.0468176001839141,0.5672612816414687,0.446908747300216,0.5,0.7607991360691144,0.3960583153347732,0.97536,보류,False,,뚜렷한 강점 신호 부족,성장성 신뢰도 낮음,"최종=0.567, 채널력=0.447, 성장성=0.500, 팬밀도=0.761, 라이브=0.396, 실전성=0.975, 운영제외리스크=0.000, 검증필요리스크=0.308",순위 11단계 하락 / 최종점수 -0.001
852,788,UCvOqMUpQLPu3p5cmaIB3XqA,재명이네사람들,버츄얼 퍼포먼스형,버튜버,5660.0,11070.9,0.0312470524622792,0.5671021918059018,0.4771193304535637,0.5495748124676175,0.5696544276457883,0.4203721168874098,0.99104,보류,False,,성장성 신뢰도 양호,주요 자동 리스크 낮음,"최종=0.567, 채널력=0.477, 성장성=0.550, 팬밀도=0.570, 라이브=0.420, 실전성=0.991, 운영제외리스크=0.000, 검증필요리스크=0.112",순위 16단계 하락 / 최종점수 -0.002 / 성장성 -0.001
853,789,UCXB7SlnduOyCUZWAld3FzKQ,조춘복씨 | chunbok,음악·보이스형,JPOP커버,7950.0,755.9,0.0555811308215583,0.5668585018150037,0.1947759179265658,0.6073074099237591,0.8234341252699784,0.4203721168874098,0.98208,보류,False,,성장성 상위권 / 팬밀도 상위권 / 성장성 신뢰도 양호,수집 영상 수 부족,"최종=0.567, 채널력=0.195, 성장성=0.607, 팬밀도=0.823, 라이브=0.420, 실전성=0.982, 운영제외리스크=0.000, 검증필요리스크=0.224",순위 3단계 하락 / 최종점수 -0.000 / 성장성 +0.000
854,790,UC6v0emWJ1ztvnCNJyCHtDSw,루메,음악·보이스형,ASMR보이스,3910.0,8939.3,0.0221150999587901,0.5665744571190239,0.5904427645788337,0.5607962830012143,0.3936285097192225,0.4203721168874098,1.0,보류,False,,실전성 리스크 낮음,주요 자동 리스크 낮음,"최종=0.567, 채널력=0.590, 성장성=0.561, 팬밀도=0.394, 라이브=0.420, 실전성=1.000, 운영제외리스크=0.000, 검증필요리스크=0.000",순위 418단계 하락 / 최종점수 -0.051 / 성장성 +0.000 / 버킷 변경: 검증필요 → 보류
855,791,UCADIYZ5AyD8MDwxD-kApJ0w,제이 정,,서브컬쳐게임,1900.0,2928.4,0.0178238306912066,0.566481225520736,0.4614470842332613,0.7599258492615714,0.3061555075593952,0.4203721168874098,0.99272,보류,False,,성장성 상위권 / 성장성 신뢰도 양호,상위 세그먼트 불명확,"최종=0.566, 채널력=0.461, 성장성=0.760, 팬밀도=0.306, 라이브=0.420, 실전성=0.993, 운영제외리스크=0.000, 검증필요리스크=0.091",순위 61단계 하락 / 최종점수 -0.006 / 성장성 +0.000 / 버킷 변경: 성장관찰 → 보류
856,792,UCLzkR613ZQoBxDtt0RavTPw,디구다,창작·비주얼형,코스프레,17900.0,346692.2,0.0126159661894638,0.5663561630505185,0.921152807775378,0.4681767585202055,0.1798056155507559,0.4203721168874098,1.0,보류,False,,실전성 리스크 낮음 / 성장성 신뢰도 양호,주요 자동 리스크 낮음,"최종=0.566, 채널력=0.921, 성장성=0.468, 팬밀도=0.180, 라이브=0.420, 실전성=1.000, 운영제외리스크=0.000, 검증필요리스크=0.000",순위 50단계 상승 / 최종점수 +0.005 / 성장성 +0.001
857,793,UCX5RJrVk5jIqfCzA0Egb5kg,취미페르소나,음악·보이스형,성우,1370.0,286.7,0.1415679330584027,0.5662604995117074,0.0746625269978401,0.5722709623271363,0.9854211663066956,0.4203721168874098,0.98208,보류,False,,성장성 상위권 / 팬밀도 상위권 / 성장성 신뢰도 양호,수집 영상 수 부족,"최종=0.566, 채널력=0.075, 성장성=0.572, 팬밀도=0.985, 라이브=0.420, 실전성=0.982, 운영제외리스크=0.000, 검증필요리스크=0.224",순위 812단계 상승 / 최종점수 +0.112 / 성장성 +0.001
858,794,UCspADXIqcPl-DfgJo848aKA,비바체,음악·보이스형,애니송커버,33400.0,96712.7,0.0265665964353959,0.5659897772873254,0.5768223542116631,0.5730011043366324,0.4811015118790497,0.4203721168874098,0.98208,보류,False,,성장성 상위권,수집 영상 수 부족,"최종=0.566, 채널력=0.577, 성장성=0.573, 팬밀도=0.481, 라이브=0.420, 실전성=0.982, 운영제외리스크=0.000, 검증필요리스크=0.224",순위 17단계 하락 / 최종점수 -0.002 / 성장성 -0.000
859,795,UCszFjh7CEfwDb7UUGb4RzCQ,짤툰,음악·보이스형,성우더빙,3220000.0,533695.6,0.0200816295949837,0.5657937317905999,0.8870410367170627,0.4053351920797369,0.3504319654427645,0.4203721168874098,0.9,보류,False,,성장성 신뢰도 양호,주요 자동 리스크 낮음,"최종=0.566, 채널력=0.887, 성장성=0.405, 팬밀도=0.350, 라이브=0.420, 실전성=0.900, 운영제외리스크=0.000, 검증필요리스크=0.000",순위 15단계 하락 / 최종점수 -0.002 / 성장성 -0.000
860,797,UC6V1_uzMZvomFvJgtbCXQag,워너비,음악·보이스형,ASMR,38700.0,20882.5,0.0090694714012182,0.5656307133242047,0.8198704103671706,0.5998933720400813,0.1101511879049676,0.4203721168874098,1.0,보류,False,,성장성 상위권 / 실전성 리스크 낮음 / 성장성 신뢰도 양호,주요 자동 리스크 낮음,"최종=0.566, 채널력=0.820, 성장성=0.600, 팬밀도=0.110, 라이브=0.420, 실전성=1.000, 운영제외리스크=0.000, 검증필요리스크=0.000",순위 5단계 하락 / 최종점수 -0.001 / 성장성 +0.000
861,798,UCv2Lw7H0J_cdmW-ufy9UXwg,이게맏나,,배그,169000.0,507175.5,0.0143166742539295,0.5656299132556746,0.7926700863930884,0.5657918429462103,0.2181425485961123,0.4203721168874098,0.99272,보류,False,,성장성 상위권 / 성장성 신뢰도 양호,상위 세그먼트 불명확,"최종=0.566, 채널력=0.793, 성장성=0.566, 팬밀도=0.218, 라이브=0.420, 실전성=0.993, 운영제외리스크=0.000, 검증필요리스크=0.091",순위 3단계 하락 / 최종점수 -0.000 / 성장성 +0.000
862,799,UCyb9NlciCaOSYF_uMnR2_Tg,파루나 falunaflora [ 치지직 ],버츄얼 퍼포먼스형,버튜버,1570.0,5899.3,0.032198204841287,0.5655763134568217,0.5788606911447084,0.4928760593220339,0.5842332613390929,0.3960583153347732,0.98432,보류,False,,뚜렷한 강점 신호 부족,성장성 신뢰도 낮음,"최종=0.566, 채널력=0.579, 성장성=0.493, 팬밀도=0.584, 라이브=0.396, 실전성=0.984, 운영제외리스크=0.000, 검증필요리스크=0.196",순위 8단계 하락 / 최종점수 -0.001 / 성장성 -0.000
863,800,UCwMXBqrqBAa_kgZG25IuQgg,욘쑤,음악·보이스형,애니송커버,1390.0,761.6,0.0355434677939122,0.5654992143285483,0.3353671706263498,0.5626411039516142,0.6414686825053996,0.4203721168874098,1.0,보류,False,,실전성 리스크 낮음 / 성장성 신뢰도 양호,주요 자동 리스크 낮음,"최종=0.565, 채널력=0.335, 성장성=0.563, 팬밀도=0.641, 라이브=0.420, 실전성=1.000, 운영제외리스크=0.000, 검증필요리스크=0.000",순위 435단계 상승 / 최종점수 +0.050 / 성장성 +0.000
864,802,UCPLXWIEI50YodMxvYixa35g,Re:Morphic(리모르픽),창작·비주얼형,코스프레,53100.0,45985.5,0.0162408906160837,0.5650882954643628,0.8839902807775378,0.5,0.2678185745140389,0.3960583153347732,0.98432,보류,False,,뚜렷한 강점 신호 부족,성장성 신뢰도 낮음,"최종=0.565, 채널력=0.884, 성장성=0.500, 팬밀도=0.268, 라이브=0.396, 실전성=0.984, 운영제외리스크=0.000, 검증필요리스크=0.196",순위 8단계 하락 / 최종점수 -0.001
865,803,UC3VYC3vkFXBrG_1GxgLG1MQ,신노센시,음악·보이스형,성우더빙,8390.0,99255.6,0.0262208599527763,0.5649832529417395,0.5337877969762419,0.6091587657682412,0.4735421166306695,0.4203721168874098,0.98208,보류,False,,성장성 상위권 / 성장성 신뢰도 양호,수집 영상 수 부족,"최종=0.565, 채널력=0.534, 성장성=0.609, 팬밀도=0.474, 라이브=0.420, 실전성=0.982, 운영제외리스크=0.000, 검증필요리스크=0.224",순위 15단계 하락 / 최종점수 -0.002 / 성장성 +0.001
866,804,UCDCKKxfzrfTPNMEVAHa0l-g,도다람,,서브컬쳐게임,22700.0,528.8,0.0036338209759273,0.5649704688343661,0.444060475161987,0.7458095051872947,0.0307775377969762,0.8660389635396776,0.99272,보류,False,,성장성 상위권 / 라이브친화도 상위권 / 성장성 신뢰도 양호,상위 세그먼트 불명확,"최종=0.565, 채널력=0.444, 성장성=0.746, 팬밀도=0.031, 라이브=0.866, 실전성=0.993, 운영제외리스크=0.000, 검증필요리스크=0.091",순위 4단계 상승 / 최종점수 +0.000 / 성장성 +0.000
867,806,UCKI4mOKdQYo9I7jlxiJjkzg,엠버히나,,서브컬쳐게임,4030.0,21153.3,0.0248178964794693,0.5648670946696003,0.5797921166306694,0.5538400147654604,0.4427645788336933,0.4203721168874098,0.99272,보류,False,,뚜렷한 강점 신호 부족,상위 세그먼트 불명확,"최종=0.565, 채널력=0.580, 성장성=0.554, 팬밀도=0.443, 라이브=0.420, 실전성=0.993, 운영제외리스크=0.000, 검증필요리스크=0.091",순위 17단계 하락 / 최종점수 -0.002 / 성장성 +0.000
868,807,UCuROXT7djegOJSyVp1lhx-w,따린 DDARIN,,커버기타,25800.0,27842.7,0.0327747448441647,0.564857579377127,0.5956668466522679,0.4957110362062571,0.5928725701943844,0.4203721168874098,0.9748,보류,False,,뚜렷한 강점 신호 부족,상위 세그먼트 불명확,"최종=0.565, 채널력=0.596, 성장성=0.496, 팬밀도=0.593, 라이브=0.420, 실전성=0.975, 운영제외리스크=0.000, 검증필요리스크=0.315",순위 11단계 하락 / 최종점수 -0.001 / 성장성 +0.000
869,808,UCkjzQmE0OUIQSPzcuGEr5VA,모모세 티루,,서브컬쳐게임,7650.0,1751.4,0.048769204453401,0.5647881913606911,0.4113795896328294,0.5,0.7764578833693304,0.3960583153347732,0.97704,보류,False,,뚜렷한 강점 신호 부족,상위 세그먼트 불명확 / 성장성 신뢰도 낮음,"최종=0.565, 채널력=0.411, 성장성=0.500, 팬밀도=0.776, 라이브=0.396, 실전성=0.977, 운영제외리스크=0.000, 검증필요리스크=0.287",순위 9단계 하락 / 최종점수 -0.001
870,809,UCGU7Qd4DgUFxZHxvNnh-jSg,LIPSINㅣ립신,음악·보이스형,ASMR보이스,36300.0,27256.7,0.0196480394590617,0.5646211208083158,0.6009584233261339,0.6220216971337519,0.3423326133909287,0.4203721168874098,0.99104,보류,False,,성장성 상위권 / 성장성 신뢰도 양호,주요 자동 리스크 낮음,"최종=0.565, 채널력=0.601, 성장성=0.622, 팬밀도=0.342, 라이브=0.420, 실전성=0.991, 운영제외리스크=0.000, 검증필요리스크=0.112",순위 11단계 하락 / 최종점수 -0.001 / 성장성 +0.000
871,811,UCz_LoDkn94TuUB4LPESZPTA,호타쿠,음악·보이스형,애니송커버,3380.0,802.4,0.0803725364991378,0.5644759910483683,0.2032397408207343,0.4745319557047508,0.9271058315334774,0.4203721168874098,0.99104,보류,False,,팬밀도 상위권,주요 자동 리스크 낮음,"최종=0.564, 채널력=0.203, 성장성=0.475, 팬밀도=0.927, 라이브=0.420, 실전성=0.991, 운영제외리스크=0.000, 검증필요리스크=0.112",순위 11단계 하락 / 최종점수 -0.001 / 성장성 -0.000
872,813,UCdoTrHNHnoRbaQenxK5PEUg,검은곰의 게임실황,,서브컬쳐게임,1310.0,258.7,0.0291047616965109,0.5644383791612363,0.2950323974082073,0.581211305113326,0.5237580993520519,0.6652780296149858,0.99272,보류,False,,성장성 상위권 / 라이브친화도 상위권 / 성장성 신뢰도 양호,상위 세그먼트 불명확,"최종=0.564, 채널력=0.295, 성장성=0.581, 팬밀도=0.524, 라이브=0.665, 실전성=0.993, 운영제외리스크=0.000, 검증필요리스크=0.091",순위 239단계 하락 / 최종점수 -0.027 / 성장성 -0.000
873,814,UCKUjqjACRLGs62D-cloUTrw,언와이즈: 게임 일기,버츄얼 퍼포먼스형,버튜버,2630.0,1605.2,0.0197970431031824,0.5643369330453564,0.43255939524838,0.5,0.3461123110151188,0.8201943844492442,1.0,보류,False,,라이브친화도 상위권 / 실전성 리스크 낮음 / 성장성 신뢰도 양호,주요 자동 리스크 낮음,"최종=0.564, 채널력=0.433, 성장성=0.500, 팬밀도=0.346, 라이브=0.820, 실전성=1.000, 운영제외리스크=0.000, 검증필요리스크=0.000",순위 453단계 상승 / 최종점수 +0.053
874,815,UCtVEver99zJQyo4u-UmYPrg,셀럽볼꼬양,,음악기타,24800.0,402864.8,0.015252513559839,0.5642861633740573,0.9140253779697624,0.4465508201508635,0.2424406047516198,0.4203721168874098,0.99272,보류,False,,성장성 신뢰도 양호,상위 세그먼트 불명확,"최종=0.564, 채널력=0.914, 성장성=0.447, 팬밀도=0.242, 라이브=0.420, 실전성=0.993, 운영제외리스크=0.000, 검증필요리스크=0.091",순위 80단계 상승 / 최종점수 +0.009 / 성장성 +0.001
875,816,UCMPY0EwfoH0OE7mv2_0zCFA,오코이 OKOI,음악·보이스형,JPOP커버,886000.0,274203.2,0.0152208876107451,0.5641438319913031,0.7948029157667387,0.5576143604916901,0.2413606911447084,0.4203721168874098,0.9,보류,False,,뚜렷한 강점 신호 부족,주요 자동 리스크 낮음,"최종=0.564, 채널력=0.795, 성장성=0.558, 팬밀도=0.241, 라이브=0.420, 실전성=0.900, 운영제외리스크=0.000, 검증필요리스크=0.000",순위 9단계 하락 / 최종점수 -0.001 / 성장성 +0.000
876,817,UCf4_Sf1pe3bRXWbWNs7pQ4A,자유인,창작·비주얼형,일러스트리깅,1260.0,499.4,0.035185965474501,0.5640178881628685,0.1947894168466522,0.7086313722738159,0.6355291576673866,0.4203721168874098,0.99104,보류,False,,성장성 상위권 / 성장성 신뢰도 양호,주요 자동 리스크 낮음,"최종=0.564, 채널력=0.195, 성장성=0.709, 팬밀도=0.636, 라이브=0.420, 실전성=0.991, 운영제외리스크=0.000, 검증필요리스크=0.112",순위 68단계 하락 / 최종점수 -0.006 / 성장성 +0.000
877,818,UCs2m40fA4YR8VEANgoxYNSA,세이키,버츄얼 퍼포먼스형,버튜버,3230.0,2183.3,0.0346106911825085,0.5639902248863218,0.4671976241900648,0.4663983385107711,0.6252699784017278,0.4203721168874098,1.0,보류,False,,실전성 리스크 낮음,주요 자동 리스크 낮음,"최종=0.564, 채널력=0.467, 성장성=0.466, 팬밀도=0.625, 라이브=0.420, 실전성=1.000, 운영제외리스크=0.000, 검증필요리스크=0.000",순위 9단계 하락 / 최종점수 -0.001 / 성장성 -0.000
878,819,UCY5Tsik-H-pDBtrKWmUeMJg,덕다꾸 Deokdakku,음악·보이스형,ASMR보이스,9560.0,3041.4,0.0406941974689474,0.563839704830911,0.3552780777537797,0.5241985283776699,0.708963282937365,0.4203721168874098,0.99104,보류,False,,성장성 신뢰도 양호,주요 자동 리스크 낮음,"최종=0.564, 채널력=0.355, 성장성=0.524, 팬밀도=0.709, 라이브=0.420, 실전성=0.991, 운영제외리스크=0.000, 검증필요리스크=0.112",순위 32단계 하락 / 최종점수 -0.003 / 성장성 +0.000
879,821,UCtLWxhEMKOio-GzdVJ1CVhg,김고심,게임 실황형,원신,26400.0,5114.2,0.0239503832995204,0.5636955675441793,0.3869735421166306,0.610266607959483,0.4271058315334773,0.6931537007500024,0.98208,보류,False,,성장성 상위권 / 라이브친화도 상위권 / 성장성 신뢰도 양호,수집 영상 수 부족,"최종=0.564, 채널력=0.387, 성장성=0.610, 팬밀도=0.427, 라이브=0.693, 실전성=0.982, 운영제외리스크=0.000, 검증필요리스크=0.224",순위 3단계 상승 / 최종점수 +0.001 / 성장성 +0.001
880,822,UCdX17kZ8_N8FSXu4E_pYSMw,시저,버츄얼 퍼포먼스형,버튜버,3240.0,2687.9,0.0447051636917276,0.5636332554037639,0.2543871490280777,0.4573529806676603,0.7435205183585313,0.708562226611767,0.98208,보류,False,,라이브친화도 상위권 / 성장성 신뢰도 양호,수집 영상 수 부족,"최종=0.564, 채널력=0.254, 성장성=0.457, 팬밀도=0.744, 라이브=0.709, 실전성=0.982, 운영제외리스크=0.000, 검증필요리스크=0.224",순위 21단계 하락 / 최종점수 -0.002 / 성장성 -0.001
881,823,UCroepuZGAa2it5JsSUz4D7Q,김베어,,서브컬쳐게임,6690.0,6761.8,0.0303773559465809,0.5633591434080049,0.5891198704103672,0.4533054078993798,0.5545356371490281,0.4203721168874098,0.99272,보류,False,,성장성 신뢰도 양호,상위 세그먼트 불명확,"최종=0.563, 채널력=0.589, 성장성=0.453, 팬밀도=0.555, 라이브=0.420, 실전성=0.993, 운영제외리스크=0.000, 검증필요리스크=0.091",순위 3단계 하락 / 최종점수 -0.000 / 성장성 +0.000
882,824,UC_VQgk6XwE7t8VFuJCMUdIw,권온도 ondo asmr,음악·보이스형,ASMR,65900.0,31367.9,0.0348177551017929,0.563340084102575,0.5382154427645788,0.4784754336752668,0.6279697624190065,0.4203721168874098,0.98208,보류,False,,뚜렷한 강점 신호 부족,수집 영상 수 부족,"최종=0.563, 채널력=0.538, 성장성=0.478, 팬밀도=0.628, 라이브=0.420, 실전성=0.982, 운영제외리스크=0.000, 검증필요리스크=0.224",순위 6단계 하락 / 최종점수 -0.000 / 성장성 +0.000
883,826,UChL_w4h_8RpHj2UYwRHZruQ,헤이킨heykin'couple,음악·보이스형,애니송커버,529000.0,508241.7,0.0202214121413873,0.5631519554314861,0.8799676025917926,0.3993367158820382,0.3531317494600432,0.4203721168874098,0.9,보류,False,,성장성 신뢰도 양호,주요 자동 리스크 낮음,"최종=0.563, 채널력=0.880, 성장성=0.399, 팬밀도=0.353, 라이브=0.420, 실전성=0.900, 운영제외리스크=0.000, 검증필요리스크=0.000",순위 22단계 하락 / 최종점수 -0.002 / 성장성 -0.000
884,827,UC8I_YSA9RgghRcn07jNpAmg,Happy시연,창작·비주얼형,코스프레,17900.0,8569.9,0.0186852800680659,0.5631171305260089,0.5317764578833694,0.6837351150548555,0.326133909287257,0.4203721168874098,0.99104,보류,False,,성장성 상위권 / 성장성 신뢰도 양호,주요 자동 리스크 낮음,"최종=0.563, 채널력=0.532, 성장성=0.684, 팬밀도=0.326, 라이브=0.420, 실전성=0.991, 운영제외리스크=0.000, 검증필요리스크=0.112",순위 75단계 상승 / 최종점수 +0.008 / 성장성 -0.000
885,829,UClZuh_03AoiMyv3rV9P6NQA,토코Tokomon,창작·비주얼형,코스프레,1290.0,420.2,0.0292569998415358,0.5630151372796057,0.3694654427645787,0.4452799562978594,0.525377969762419,0.7431413250684372,1.0,보류,False,,라이브친화도 상위권 / 실전성 리스크 낮음 / 성장성 신뢰도 양호,주요 자동 리스크 낮음,"최종=0.563, 채널력=0.369, 성장성=0.445, 팬밀도=0.525, 라이브=0.743, 실전성=1.000, 운영제외리스크=0.000, 검증필요리스크=0.000",순위 436단계 하락 / 최종점수 -0.052 / 성장성 +0.000 / 버킷 변경: 검증필요 → 보류
886,832,UCRPneT0sAn3qL5kgwOr1e5w,깐숙,,게임기타,24500.0,24643.9,0.0146365773846871,0.5623889919283824,0.7968682505399568,0.5432820344416107,0.2278617710583153,0.4203721168874098,0.99272,보류,False,,성장성 신뢰도 양호,상위 세그먼트 불명확,"최종=0.562, 채널력=0.797, 성장성=0.543, 팬밀도=0.228, 라이브=0.420, 실전성=0.993, 운영제외리스크=0.000, 검증필요리스크=0.091",순위 5단계 하락 / 최종점수 -0.001 / 성장성 +0.002
887,833,UC_wfCX_olQtfNFbHn2A7mlQ,뇌삭제연구소,창작·비주얼형,코스프레,15900.0,104370.1,0.027573348054035,0.5622760388852442,0.8797651187904967,0.5459537757330877,0.4978401727861771,0.4203721168874098,0.776,보류,False,,성장성 신뢰도 양호,기관/대학/방송사/공식 채널 의심,"최종=0.562, 채널력=0.880, 성장성=0.546, 팬밀도=0.498, 라이브=0.420, 실전성=0.776, 운영제외리스크=0.320, 검증필요리스크=0.000",순위 100단계 상승 / 최종점수 +0.011 / 성장성 -0.001
888,834,UCjMPCR-dra0DLPMdgRhXBaw,카츄,게임 실황형,원신,8940.0,6406.5,0.0253293689751596,0.5622635991065161,0.593547516198704,0.4954447151225423,0.4541036717062635,0.4203721168874098,1.0,보류,False,,실전성 리스크 낮음 / 성장성 신뢰도 양호,주요 자동 리스크 낮음,"최종=0.562, 채널력=0.594, 성장성=0.495, 팬밀도=0.454, 라이브=0.420, 실전성=1.000, 운영제외리스크=0.000, 검증필요리스크=0.000",순위 24단계 하락 / 최종점수 -0.003 / 성장성 +0.001
889,835,UC4kt1trSkOSgC7Gvcl-L80g,언어비타민,음악·보이스형,성우더빙,2350.0,1773.3,0.0416032746232291,0.5621219011056702,0.4354211663066954,0.4112974135613595,0.718682505399568,0.4203721168874098,1.0,보류,False,,실전성 리스크 낮음 / 성장성 신뢰도 양호,주요 자동 리스크 낮음,"최종=0.562, 채널력=0.435, 성장성=0.411, 팬밀도=0.719, 라이브=0.420, 실전성=1.000, 운영제외리스크=0.000, 검증필요리스크=0.000",순위 146단계 하락 / 최종점수 -0.016 / 성장성 +0.001
890,837,UCcZFelgTMiob5kFYdO_q_HQ,다시하네,버츄얼 퍼포먼스형,버튜버,1160.0,76.5,0.052980602430354,0.5618891958843579,0.2679265658747299,0.4729161846392097,0.806695464362851,0.4203721168874098,1.0,보류,False,,팬밀도 상위권 / 실전성 리스크 낮음 / 성장성 신뢰도 양호,주요 자동 리스크 낮음,"최종=0.562, 채널력=0.268, 성장성=0.473, 팬밀도=0.807, 라이브=0.420, 실전성=1.000, 운영제외리스크=0.000, 검증필요리스크=0.000",순위 7단계 하락 / 최종점수 -0.001 / 성장성 +0.000
891,838,UCPKYZNXOiBZZXnLeblQaM8A,카토 KATO,버츄얼 퍼포먼스형,버튜버,112000.0,36130.9,0.0321098629925109,0.5617326000423112,0.5557100431965443,0.4950500624942876,0.58207343412527,0.4203721168874098,0.98208,보류,False,,성장성 신뢰도 양호,수집 영상 수 부족,"최종=0.562, 채널력=0.556, 성장성=0.495, 팬밀도=0.582, 라이브=0.420, 실전성=0.982, 운영제외리스크=0.000, 검증필요리스크=0.224",순위 9단계 하락 / 최종점수 -0.001 / 성장성 +0.000
892,839,UCeRn_02zEifLqXxZkTpiXzA,입만산_김루윈,음악·보이스형,애니송커버,138000.0,41781.0,0.0098391244085099,0.5617139520165696,0.7921436285097192,0.6000537354662228,0.1198704103671706,0.4203721168874098,1.0,보류,False,,성장성 상위권 / 실전성 리스크 낮음 / 성장성 신뢰도 양호,주요 자동 리스크 낮음,"최종=0.562, 채널력=0.792, 성장성=0.600, 팬밀도=0.120, 라이브=0.420, 실전성=1.000, 운영제외리스크=0.000, 검증필요리스크=0.000",순위 51단계 상승 / 최종점수 +0.006 / 성장성 +0.000
893,840,UCTdZdARuoyxsNN-_nYfSd_A,박현지 HyeonJI Park ᕷ,음악·보이스형,보컬로이드JPOP커버,10900.0,2690.7,0.0469244227383309,0.5616870375809936,0.4194114470842333,0.5,0.7629589632829373,0.3960583153347732,0.97536,보류,False,,뚜렷한 강점 신호 부족,성장성 신뢰도 낮음,"최종=0.562, 채널력=0.419, 성장성=0.500, 팬밀도=0.763, 라이브=0.396, 실전성=0.975, 운영제외리스크=0.000, 검증필요리스크=0.308",순위 12단계 하락 / 최종점수 -0.001
894,841,UCgMixiPSMWvAvip47k0ebVg,괴수의왕 Movie Monster,음악·보이스형,ASMR보이스,14000.0,20.3,0.1120050523503208,0.5614574080021599,0.3068979481641468,0.3139024327921124,0.9681425485961124,0.4203721168874098,1.0,보류,False,,팬밀도 상위권 / 실전성 리스크 낮음 / 성장성 신뢰도 양호,주요 자동 리스크 낮음,"최종=0.561, 채널력=0.307, 성장성=0.314, 팬밀도=0.968, 라이브=0.420, 실전성=1.000, 운영제외리스크=0.000, 검증필요리스크=0.000",순위 169단계 상승 / 최종점수 +0.020 / 성장성 +0.000
895,843,UCc_j9WXbjK7WTLBvTQJbP2w,부쉬,,서브컬쳐게임,12200.0,6666.0,0.0176979628439676,0.5613521809636122,0.6097462203023758,0.6276325938624018,0.3029157667386609,0.4203721168874098,0.99272,보류,False,,성장성 상위권 / 성장성 신뢰도 양호,상위 세그먼트 불명확,"최종=0.561, 채널력=0.610, 성장성=0.628, 팬밀도=0.303, 라이브=0.420, 실전성=0.993, 운영제외리스크=0.000, 검증필요리스크=0.091",순위 24단계 하락 / 최종점수 -0.002 / 성장성 +0.000
896,844,UCPRQgKG5UYKbkfOrr1uGJnQ,채널30,음악·보이스형,성우더빙,10000.0,168905.9,0.0201095601254446,0.5613463948164147,0.7832883369330454,0.5,0.351511879049676,0.3960583153347732,0.98432,보류,False,,뚜렷한 강점 신호 부족,성장성 신뢰도 낮음,"최종=0.561, 채널력=0.783, 성장성=0.500, 팬밀도=0.352, 라이브=0.396, 실전성=0.984, 운영제외리스크=0.000, 검증필요리스크=0.196",순위 19단계 하락 / 최종점수 -0.002
897,845,UCU7-CQuks_J5IGT5Vg16p1w,찹쌀Chapssal,음악·보이스형,보컬로이드JPOP커버,3650.0,14607.5,0.0443642139067206,0.5612060354145303,0.443992980561555,0.484609900332435,0.7392008639308856,0.4203721168874098,0.97536,보류,False,,뚜렷한 강점 신호 부족,성장성 신뢰도 낮음,"최종=0.561, 채널력=0.444, 성장성=0.485, 팬밀도=0.739, 라이브=0.420, 실전성=0.975, 운영제외리스크=0.000, 검증필요리스크=0.308",순위 1단계 하락 / 최종점수 -0.000 / 성장성 +0.000
898,847,UCbP5tBgdBXy0UqxHaj4eUdA,아오세이 준,버츄얼 퍼포먼스형,버튜버,3250.0,3135.1,0.0613011718911568,0.5611248496615003,0.3834503239740821,0.3769707981752856,0.8558315334773218,0.4203721168874098,0.99104,보류,False,,팬밀도 상위권 / 성장성 신뢰도 양호,주요 자동 리스크 낮음,"최종=0.561, 채널력=0.383, 성장성=0.377, 팬밀도=0.856, 라이브=0.420, 실전성=0.991, 운영제외리스크=0.000, 검증필요리스크=0.112",순위 7단계 하락 / 최종점수 -0.000 / 성장성 +0.000
899,848,UCbpRgaHobmLkYwC5R-6uRrg,오!연하 Oh!yeonha,음악·보이스형,커버,1040000.0,440483.1,0.0100582629232659,0.5610370136145081,0.8056020518358531,0.6300961800808903,0.1241900647948164,0.4203721168874098,0.9,보류,False,,성장성 상위권 / 성장성 신뢰도 양호,주요 자동 리스크 낮음,"최종=0.561, 채널력=0.806, 성장성=0.630, 팬밀도=0.124, 라이브=0.420, 실전성=0.900, 운영제외리스크=0.000, 검증필요리스크=0.000",순위 5단계 하락 / 최종점수 -0.000 / 성장성 -0.000
900,849,UCr0jf-aiTtDX5WnpJFCZgNw,스우,,커버기타,50500.0,587863.2,0.0102525133741766,0.5610068022116348,0.7777942764578833,0.6292734040894497,0.1312095032397408,0.4203721168874098,0.99272,보류,False,,성장성 상위권 / 성장성 신뢰도 양호,상위 세그먼트 불명확,"최종=0.561, 채널력=0.778, 성장성=0.629, 팬밀도=0.131, 라이브=0.420, 실전성=0.993, 운영제외리스크=0.000, 검증필요리스크=0.091",순위 13단계 하락 / 최종점수 -0.001 / 성장성 -0.000
901,850,UC3Rz2fIsKW3mTVV1qhFxzDg,진희국,음악·보이스형,보컬로이드JPOP커버,15700.0,12507.3,0.0395667651735815,0.5609544832192408,0.4888633909287256,0.4928760593220339,0.699244060475162,0.3960583153347732,0.97536,보류,False,,뚜렷한 강점 신호 부족,성장성 신뢰도 낮음,"최종=0.561, 채널력=0.489, 성장성=0.493, 팬밀도=0.699, 라이브=0.396, 실전성=0.975, 운영제외리스크=0.000, 검증필요리스크=0.308",순위 1단계 하락 / 최종점수 +0.000 / 성장성 -0.000
902,852,UC21-phPNWNbvtQHxHbiRaiQ,윤천우 [노래] Yun Cheon Woo,,커버기타,2520.0,1238.2,0.0482582809274692,0.5608364145367354,0.4073434125269978,0.4928760593220339,0.771598272138229,0.3960583153347732,0.97704,보류,False,,뚜렷한 강점 신호 부족,상위 세그먼트 불명확 / 성장성 신뢰도 낮음,"최종=0.561, 채널력=0.407, 성장성=0.493, 팬밀도=0.772, 라이브=0.396, 실전성=0.977, 운영제외리스크=0.000, 검증필요리스크=0.287",순위 18단계 하락 / 최종점수 -0.001 / 성장성 -0.000
903,853,UCsyCCH1h0Xf4AOvBFKategg,BLUE REDY 블루레디,음악·보이스형,ASMR보이스,55400.0,17677.0,0.0249113413347391,0.5607742812955815,0.5808720302375809,0.5447300688215335,0.443304535637149,0.4203721168874098,0.99104,보류,False,,성장성 신뢰도 양호,주요 자동 리스크 낮음,"최종=0.561, 채널력=0.581, 성장성=0.545, 팬밀도=0.443, 라이브=0.420, 실전성=0.991, 운영제외리스크=0.000, 검증필요리스크=0.112",순위 89단계 하락 / 최종점수 -0.009 / 성장성 -0.000
904,854,UCusZCv3D284Y_3UXF0fqYtQ,묘묘네 음악카페,음악·보이스형,성우,4560.0,7213.0,0.0640859302275886,0.56071468444949,0.3516063714902807,0.4252313728963535,0.8704103671706264,0.4203721168874098,0.98208,보류,False,,팬밀도 상위권 / 성장성 신뢰도 양호,수집 영상 수 부족,"최종=0.561, 채널력=0.352, 성장성=0.425, 팬밀도=0.870, 라이브=0.420, 실전성=0.982, 운영제외리스크=0.000, 검증필요리스크=0.224",순위 3단계 하락 / 최종점수 +0.000 / 성장성 +0.000
905,855,UCxMQBkcfWBgDBIILnPg2cnQ,오제로,음악·보이스형,ASMR,14300.0,12466.2,0.0255380173545613,0.5602416431965442,0.6686555075593952,0.5,0.4611231101511879,0.3960583153347732,0.98432,보류,False,,뚜렷한 강점 신호 부족,성장성 신뢰도 낮음,"최종=0.560, 채널력=0.669, 성장성=0.500, 팬밀도=0.461, 라이브=0.396, 실전성=0.984, 운영제외리스크=0.000, 검증필요리스크=0.196",순위 20단계 하락 / 최종점수 -0.002
906,856,UCEbBQ_q8oJrK7Qh66z3OIHA,글집,음악·보이스형,애니송커버,1610.0,985.8,0.0419498548643004,0.5600264814285395,0.3649568034557235,0.4562088659640788,0.7224622030237581,0.4203721168874098,1.0,보류,False,,실전성 리스크 낮음 / 성장성 신뢰도 양호,주요 자동 리스크 낮음,"최종=0.560, 채널력=0.365, 성장성=0.456, 팬밀도=0.722, 라이브=0.420, 실전성=1.000, 운영제외리스크=0.000, 검증필요리스크=0.000",순위 15단계 하락 / 최종점수 -0.001 / 성장성 -0.002
907,857,UCdW8oazk551FoLT07lq_M5g,윤루나,게임 실황형,젠레스존제로,1870.0,14250.6,0.0139555238118195,0.5598399851658334,0.5904427645788337,0.6814144524371358,0.2095032397408207,0.4203721168874098,1.0,보류,False,,성장성 상위권 / 실전성 리스크 낮음 / 성장성 신뢰도 양호,주요 자동 리스크 낮음,"최종=0.560, 채널력=0.590, 성장성=0.681, 팬밀도=0.210, 라이브=0.420, 실전성=1.000, 운영제외리스크=0.000, 검증필요리스크=0.000",순위 98단계 하락 / 최종점수 -0.010 / 성장성 +0.001
908,858,UCJGZsIcGGGxkDbt9pRKRZvA,꾸덕,음악·보이스형,애니송커버,9590.0,38370.8,0.0178195948297655,0.5597952090951533,0.578091252699784,0.6516024814349379,0.3056155507559395,0.4203721168874098,0.99104,보류,False,,성장성 상위권 / 성장성 신뢰도 양호,주요 자동 리스크 낮음,"최종=0.560, 채널력=0.578, 성장성=0.652, 팬밀도=0.306, 라이브=0.420, 실전성=0.991, 운영제외리스크=0.000, 검증필요리스크=0.112",순위 10단계 하락 / 최종점수 -0.001 / 성장성 -0.001
909,860,UCBA9XaL5wCdHnC5EmEzwrqw,튜브김민교,,게임기타,784000.0,263020.1,0.0074839129691593,0.559557129590807,0.964700323974082,0.5682162579660055,0.0745140388768898,0.4203721168874098,0.89272,보류,False,,성장성 상위권 / 성장성 신뢰도 양호,상위 세그먼트 불명확,"최종=0.560, 채널력=0.965, 성장성=0.568, 팬밀도=0.075, 라이브=0.420, 실전성=0.893, 운영제외리스크=0.000, 검증필요리스크=0.091",순위 17단계 상승 / 최종점수 +0.003 / 성장성 +0.000
910,862,UCUbOogiD-4PKDqaJfSOTC0g,테스터훈 TesterHoon,,게임기타,1440000.0,93010.2,0.0072294392705489,0.5594333564183989,0.937567494600432,0.5924868767655663,0.070194384449244,0.4203721168874098,0.89272,보류,False,,성장성 상위권 / 성장성 신뢰도 양호,상위 세그먼트 불명확,"최종=0.559, 채널력=0.938, 성장성=0.592, 팬밀도=0.070, 라이브=0.420, 실전성=0.893, 운영제외리스크=0.000, 검증필요리스크=0.091",순위 10단계 하락 / 최종점수 -0.001 / 성장성 +0.000
911,863,UCElC2C7y6a4_7ODf7GkFWKg,신자답게행동해,버츄얼 퍼포먼스형,버튜버,1970.0,3054.0,0.0365040064557782,0.5590062220302375,0.4691954643628509,0.5,0.6549676025917927,0.3960583153347732,0.98432,보류,False,,뚜렷한 강점 신호 부족,성장성 신뢰도 낮음,"최종=0.559, 채널력=0.469, 성장성=0.500, 팬밀도=0.655, 라이브=0.396, 실전성=0.984, 운영제외리스크=0.000, 검증필요리스크=0.196",순위 3단계 하락 / 최종점수 -0.000
912,865,UCIOHzEDwgUuLBZwPKEUt1AQ,자두두 Jadoodoo,,게임기타,215000.0,195018.4,0.0063786276519382,0.5587303523663757,0.7054400647948165,0.6010151398318526,0.0583153347732181,0.738474168723263,0.98376,보류,False,,성장성 상위권 / 라이브친화도 상위권 / 성장성 신뢰도 양호,상위 세그먼트 불명확,"최종=0.559, 채널력=0.705, 성장성=0.601, 팬밀도=0.058, 라이브=0.738, 실전성=0.984, 운영제외리스크=0.000, 검증필요리스크=0.203",순위 6단계 하락 / 최종점수 -0.001 / 성장성 +0.001
913,866,UCfvV6ilUqAm8DZyIjsO8-Vw,ASMR Boyoung 반보영,음악·보이스형,ASMR,819000.0,60647.5,0.0243683404780092,0.5585534682505399,0.7470707343412527,0.5,0.4341252699784017,0.3960583153347732,0.88432,보류,False,,뚜렷한 강점 신호 부족,성장성 신뢰도 낮음,"최종=0.559, 채널력=0.747, 성장성=0.500, 팬밀도=0.434, 라이브=0.396, 실전성=0.884, 운영제외리스크=0.000, 검증필요리스크=0.196",순위 16단계 하락 / 최종점수 -0.002
914,869,UCvjzRzrOEACWb7BZLXRHmAg,브라이튼 BRIGHTEN,,커버기타,1320.0,1659.3,0.0357314992716645,0.5584629204520601,0.3935745140388769,0.5186116310665938,0.6447084233261339,0.4203721168874098,0.99272,보류,False,,뚜렷한 강점 신호 부족,상위 세그먼트 불명확,"최종=0.558, 채널력=0.394, 성장성=0.519, 팬밀도=0.645, 라이브=0.420, 실전성=0.993, 운영제외리스크=0.000, 검증필요리스크=0.091",순위 3단계 하락 / 최종점수 -0.000 / 성장성 +0.000
915,870,UCl_tB4AqPkkxuYcJQHz6dMw,EBSCulture (EBS 교양),서브컬쳐 토크·팬덤형,저스트채팅,2980000.0,2621.6,0.0418827392068183,0.5584511734014651,0.3800890928725701,0.5582901848738641,0.7213822894168467,0.4203721168874098,0.88208,보류,False,,성장성 신뢰도 양호,수집 영상 수 부족,"최종=0.558, 채널력=0.380, 성장성=0.558, 팬밀도=0.721, 라이브=0.420, 실전성=0.882, 운영제외리스크=0.000, 검증필요리스크=0.224",순위 649단계 상승 / 최종점수 +0.086 / 성장성 +0.000
916,871,UCCYgVrF0Wy70-AHzzLyLR2w,연리지🍀,음악·보이스형,애니송커버,1960.0,564.4,0.0365877797155442,0.5583345056195126,0.3465442764578833,0.5163917971613984,0.6565874730021598,0.4203721168874098,1.0,보류,False,,실전성 리스크 낮음 / 성장성 신뢰도 양호,주요 자동 리스크 낮음,"최종=0.558, 채널력=0.347, 성장성=0.516, 팬밀도=0.657, 라이브=0.420, 실전성=1.000, 운영제외리스크=0.000, 검증필요리스크=0.000",순위 50단계 하락 / 최종점수 -0.005 / 성장성 +0.000
917,872,UCrfdfbGrDvKYNORnDpWxYhw,이종화,음악·보이스형,ASMR,52700.0,4204.1,0.0426450853264363,0.5583322994510255,0.385164686825054,0.5032065792039047,0.7267818574514039,0.4203721168874098,0.98208,보류,False,,성장성 신뢰도 양호,수집 영상 수 부족,"최종=0.558, 채널력=0.385, 성장성=0.503, 팬밀도=0.727, 라이브=0.420, 실전성=0.982, 운영제외리스크=0.000, 검증필요리스크=0.224",순위 369단계 상승 / 최종점수 +0.043 / 성장성 +0.000
918,873,UCLkp9PHo74jXDVPFX_atpNg,김동백,음악·보이스형,커버,4790.0,2340.3,0.0563119553785355,0.5581629065453747,0.3455048596112311,0.4928760593220339,0.8299136069114471,0.3960583153347732,0.97536,보류,False,,팬밀도 상위권,성장성 신뢰도 낮음,"최종=0.558, 채널력=0.346, 성장성=0.493, 팬밀도=0.830, 라이브=0.396, 실전성=0.975, 운영제외리스크=0.000, 검증필요리스크=0.308",순위 11단계 하락 / 최종점수 -0.001 / 성장성 -0.000
919,875,UCH8bEp0cnpFTORrAxQ3YhNg,떠키 DDucky,창작·비주얼형,코스프레,18300.0,313924.5,0.0120896050477721,0.5580191045215792,0.8205183585313175,0.5280777682479217,0.1663066954643628,0.4203721168874098,1.0,보류,False,,실전성 리스크 낮음 / 성장성 신뢰도 양호,주요 자동 리스크 낮음,"최종=0.558, 채널력=0.821, 성장성=0.528, 팬밀도=0.166, 라이브=0.420, 실전성=1.000, 운영제외리스크=0.000, 검증필요리스크=0.000",순위 8단계 하락 / 최종점수 -0.000 / 성장성 -0.000
920,876,UCKjdWngnPhpdPoXjm2B-YPA,댄머,,서브컬쳐게임,11100.0,85367.2,0.0230322387149324,0.5572980806840208,0.7653887688984882,0.4038914766960118,0.4136069114470842,0.4203721168874098,0.99272,보류,False,,성장성 신뢰도 양호,상위 세그먼트 불명확,"최종=0.557, 채널력=0.765, 성장성=0.404, 팬밀도=0.414, 라이브=0.420, 실전성=0.993, 운영제외리스크=0.000, 검증필요리스크=0.091",순위 24단계 상승 / 최종점수 +0.003 / 성장성 +0.000
921,877,UCE0SXNhkQRF0bsgk93lX33Q,믹스피디아,창작·비주얼형,코스프레,16100.0,342131.4,0.022171972693781,0.5572633946325847,0.7039956803455723,0.5089453332077765,0.3957883369330454,0.4203721168874098,0.98208,보류,False,,뚜렷한 강점 신호 부족,주요 자동 리스크 낮음,"최종=0.557, 채널력=0.704, 성장성=0.509, 팬밀도=0.396, 라이브=0.420, 실전성=0.982, 운영제외리스크=0.000, 검증필요리스크=0.224",순위 7단계 하락 / 최종점수 -0.001 / 성장성 +0.000
922,878,UCzfGrmE4j73JJk20oBfbV6Q,아라타 키야,음악·보이스형,커버,1580.0,1970.5,0.0356780202949778,0.5572386659213411,0.5127024838012959,0.3921072493346983,0.6436285097192225,0.4203721168874098,1.0,보류,False,,실전성 리스크 낮음 / 성장성 신뢰도 양호,주요 자동 리스크 낮음,"최종=0.557, 채널력=0.513, 성장성=0.392, 팬밀도=0.644, 라이브=0.420, 실전성=1.000, 운영제외리스크=0.000, 검증필요리스크=0.000",순위 3단계 하락 / 최종점수 +0.000 / 성장성 +0.000
923,879,UChDKPQWQRqzcAGeVYJSYE2Q,케이위키,,커버기타,6790.0,136391.1,0.0130864853333947,0.5571346407485024,0.6476241900647949,0.7067888055285869,0.1911447084233261,0.4203721168874098,0.98376,보류,False,,성장성 상위권 / 성장성 신뢰도 양호,상위 세그먼트 불명확,"최종=0.557, 채널력=0.648, 성장성=0.707, 팬밀도=0.191, 라이브=0.420, 실전성=0.984, 운영제외리스크=0.000, 검증필요리스크=0.203",순위 45단계 상승 / 최종점수 +0.005 / 성장성 +0.000
924,880,UCP_85o0J_Yx7JzRSwMrrqCw,퀴디온 Qidion,,서브컬쳐게임,8900.0,14205.2,0.0250068564626727,0.5569987194443035,0.6621760259179266,0.4576144460419766,0.4470842332613391,0.4203721168874098,0.99272,보류,False,,성장성 신뢰도 양호,상위 세그먼트 불명확,"최종=0.557, 채널력=0.662, 성장성=0.458, 팬밀도=0.447, 라이브=0.420, 실전성=0.993, 운영제외리스크=0.000, 검증필요리스크=0.091",순위 49단계 상승 / 최종점수 +0.006 / 성장성 +0.000
925,881,UClVtGQ8rekpYg0RFS2MENLw,올고리당,,서브컬쳐게임,2160.0,20019.3,0.0513441626978632,0.5569302581469415,0.4379724622030238,0.4715042372881355,0.7964362850971922,0.3960583153347732,0.96808,보류,False,,뚜렷한 강점 신호 부족,상위 세그먼트 불명확 / 성장성 신뢰도 낮음,"최종=0.557, 채널력=0.438, 성장성=0.472, 팬밀도=0.796, 라이브=0.396, 실전성=0.968, 운영제외리스크=0.000, 검증필요리스크=0.399",순위 8단계 하락 / 최종점수 -0.001 / 성장성 -0.000
926,882,UCTATZ3pvY0siEiAIJIASEOA,우주악당해적로봇,버츄얼 퍼포먼스형,버튜버,1620.0,7047.6,0.0157303097379654,0.5569001533279239,0.5228941684665227,0.6866547938367645,0.2570194384449244,0.4203721168874098,1.0,보류,False,,성장성 상위권 / 실전성 리스크 낮음 / 성장성 신뢰도 양호,주요 자동 리스크 낮음,"최종=0.557, 채널력=0.523, 성장성=0.687, 팬밀도=0.257, 라이브=0.420, 실전성=1.000, 운영제외리스크=0.000, 검증필요리스크=0.000",순위 19단계 하락 / 최종점수 -0.002 / 성장성 +0.001
927,883,UCN5oT4zGJX-_H6pE5isAEeg,군림보,,게임기타,1520000.0,591391.3,0.0156464087574316,0.5568771963627853,0.9882829373650108,0.3975672755178877,0.2559395248380129,0.4203721168874098,0.89272,보류,False,,성장성 신뢰도 양호,상위 세그먼트 불명확,"최종=0.557, 채널력=0.988, 성장성=0.398, 팬밀도=0.256, 라이브=0.420, 실전성=0.893, 운영제외리스크=0.000, 검증필요리스크=0.091",순위 91단계 상승 / 최종점수 +0.011 / 성장성 +0.000
928,884,UCPjAId8E7VEwiWTd7RPbuFw,꿀재미슈,,게임기타,195000.0,30377.3,0.0173221106488775,0.5567511985414616,0.8444114470842333,0.4353057282232805,0.2921166306695464,0.4203721168874098,0.99272,보류,False,,성장성 신뢰도 양호,상위 세그먼트 불명확,"최종=0.557, 채널력=0.844, 성장성=0.435, 팬밀도=0.292, 라이브=0.420, 실전성=0.993, 운영제외리스크=0.000, 검증필요리스크=0.091",순위 197단계 하락 / 최종점수 -0.021 / 성장성 +0.000
929,886,UC92mTbT6m2shnpoyoGF_M3w,달해나,게임 실황형,발로란트,1700.0,4597.0,0.0344283839448496,0.5564759844492441,0.4917116630669546,0.5,0.6209503239740821,0.3960583153347732,0.98432,보류,False,,뚜렷한 강점 신호 부족,성장성 신뢰도 낮음,"최종=0.556, 채널력=0.492, 성장성=0.500, 팬밀도=0.621, 라이브=0.396, 실전성=0.984, 운영제외리스크=0.000, 검증필요리스크=0.196",순위 12단계 하락 / 최종점수 -0.001
930,887,UC2xnQl8XQiuwJmjZRhMfAcg,대요리,게임 실황형,명조,4790.0,7240.3,0.0348999751585899,0.5563957446352462,0.5814524838012959,0.4068052173179778,0.6295896328293736,0.3070734541831007,1.0,보류,False,,실전성 리스크 낮음 / 성장성 신뢰도 양호,주요 자동 리스크 낮음,"최종=0.556, 채널력=0.581, 성장성=0.407, 팬밀도=0.630, 라이브=0.307, 실전성=1.000, 운영제외리스크=0.000, 검증필요리스크=0.000",순위 253단계 상승 / 최종점수 +0.030 / 성장성 -0.000
931,888,UCZY2wQ5eBwtbFKrOUxgoclg,소바 ASMR  Soba asmr,음악·보이스형,ASMR보이스,1790.0,776.4,0.046742687275707,0.5563096777537797,0.3532667386609071,0.5,0.7586393088552916,0.3960583153347732,0.98432,보류,False,,뚜렷한 강점 신호 부족,성장성 신뢰도 낮음,"최종=0.556, 채널력=0.353, 성장성=0.500, 팬밀도=0.759, 라이브=0.396, 실전성=0.984, 운영제외리스크=0.000, 검증필요리스크=0.196",순위 12단계 하락 / 최종점수 -0.001
932,889,UC1Cwl_5PSUB0O86ysBm6jcA,추추,버츄얼 퍼포먼스형,버튜버,3410.0,34563.3,0.0242344307387961,0.5562681010799135,0.6781317494600432,0.5,0.433585313174946,0.3960583153347732,0.98432,보류,False,,뚜렷한 강점 신호 부족,성장성 신뢰도 낮음,"최종=0.556, 채널력=0.678, 성장성=0.500, 팬밀도=0.434, 라이브=0.396, 실전성=0.984, 운영제외리스크=0.000, 검증필요리스크=0.196",순위 18단계 하락 / 최종점수 -0.002
933,890,UCUNhIsk7vZyEouLT1kULJzA,햄쿠비의 쳇바퀴,버츄얼 퍼포먼스형,버튜버,1910.0,3474.4,0.0332778199464315,0.5562591092872571,0.477267818574514,0.5,0.5998920086393088,0.3960583153347732,0.99104,보류,False,,뚜렷한 강점 신호 부족,주요 자동 리스크 낮음,"최종=0.556, 채널력=0.477, 성장성=0.500, 팬밀도=0.600, 라이브=0.396, 실전성=0.991, 운영제외리스크=0.000, 검증필요리스크=0.112",순위 25단계 하락 / 최종점수 -0.002
934,891,UCpiEjwzOPvQrmoDk1OlAPKg,HANPPYEOM한뼘피아노,음악·보이스형,애니송커버,142000.0,12259.6,0.0290751987067501,0.5562137595205707,0.4869465442764579,0.5756118245926695,0.5232181425485961,0.4203721168874098,0.98208,보류,False,,성장성 상위권 / 성장성 신뢰도 양호,수집 영상 수 부족,"최종=0.556, 채널력=0.487, 성장성=0.576, 팬밀도=0.523, 라이브=0.420, 실전성=0.982, 운영제외리스크=0.000, 검증필요리스크=0.224",순위 19단계 하락 / 최종점수 -0.001 / 성장성 +0.000
935,893,UCf-LdsPIk6oHY9AQ67AgYgQ,늅배드│포세이큰 유튜버,창작·비주얼형,코스프레,1550.0,868.4,0.0225708839111015,0.555969956738519,0.3511609071274297,0.4198019277726199,0.4055075593952484,0.9463890288479746,1.0,보류,False,,라이브친화도 상위권 / 실전성 리스크 낮음 / 성장성 신뢰도 양호,주요 자동 리스크 낮음,"최종=0.556, 채널력=0.351, 성장성=0.420, 팬밀도=0.406, 라이브=0.946, 실전성=1.000, 운영제외리스크=0.000, 검증필요리스크=0.000",순위 14단계 하락 / 최종점수 -0.001 / 성장성 +0.000
936,894,UCEnLkNTlVfL7-IkKW3UMWyg,천양의 본채널 넘기,버츄얼 퍼포먼스형,버튜버,3190.0,2959.9,0.0597456454034565,0.5556257524838013,0.3054670626349892,0.5,0.8493520518358532,0.3960583153347732,0.97536,보류,False,,팬밀도 상위권,성장성 신뢰도 낮음,"최종=0.556, 채널력=0.305, 성장성=0.500, 팬밀도=0.849, 라이브=0.396, 실전성=0.975, 운영제외리스크=0.000, 검증필요리스크=0.308",순위 9단계 하락 / 최종점수 -0.000 / 버킷 변경: 성장관찰 → 보류
937,897,UCntkcTptH5tGqTct7QOCelw,[Haim] 하임ASMR,음악·보이스형,ASMR보이스,7220.0,9016.1,0.0385295412188124,0.5553050181425486,0.4692359611231101,0.5,0.6841252699784017,0.3960583153347732,0.97536,보류,False,,뚜렷한 강점 신호 부족,성장성 신뢰도 낮음,"최종=0.555, 채널력=0.469, 성장성=0.500, 팬밀도=0.684, 라이브=0.396, 실전성=0.975, 운영제외리스크=0.000, 검증필요리스크=0.308",순위 6단계 상승 / 최종점수 +0.001
938,899,UCMXZKWxqT2JD7kSvStwaTqw,열개의진주,창작·비주얼형,일러스트리깅,2710.0,659.0,0.0297612461116243,0.5552441449193766,0.3693844492440604,0.4201102482991282,0.5404967602591793,0.7162627286993861,1.0,보류,False,,라이브친화도 상위권 / 실전성 리스크 낮음 / 성장성 신뢰도 양호,주요 자동 리스크 낮음,"최종=0.555, 채널력=0.369, 성장성=0.420, 팬밀도=0.540, 라이브=0.716, 실전성=1.000, 운영제외리스크=0.000, 검증필요리스크=0.000",순위 117단계 하락 / 최종점수 -0.013 / 성장성 +0.000
939,900,UCYHs_t8zn5-jFZ8TwOB7o0w,해옥 HaeOk,음악·보이스형,커버,1630.0,1547.1,0.0354091039061455,0.5551395913606911,0.4678185745140388,0.5,0.6387688984881209,0.3960583153347732,0.98432,보류,False,,뚜렷한 강점 신호 부족,성장성 신뢰도 낮음,"최종=0.555, 채널력=0.468, 성장성=0.500, 팬밀도=0.639, 라이브=0.396, 실전성=0.984, 운영제외리스크=0.000, 검증필요리스크=0.196",순위 8단계 하락 / 최종점수 -0.000
940,901,UCUae69frfqpKOB3BUMdX5Qw,눈부신,,게임기타,107000.0,178918.8,0.014987226183434,0.5550752033740387,0.925553455723542,0.4084150250258353,0.2375809935205183,0.4203721168874098,0.99272,보류,False,,성장성 신뢰도 양호,상위 세그먼트 불명확,"최종=0.555, 채널력=0.926, 성장성=0.408, 팬밀도=0.238, 라이브=0.420, 실전성=0.993, 운영제외리스크=0.000, 검증필요리스크=0.091",순위 39단계 상승 / 최종점수 +0.005 / 성장성 -0.000
941,902,UCpu-TmHsMmjCO1g01dbeFLQ,마쀼,음악·보이스형,보컬로이드JPOP커버,1530.0,60.9,0.1111144213399738,0.5550697802650364,0.2858801295896328,0.3219014830508474,0.9665226781857452,0.3960583153347732,1.0,보류,False,,팬밀도 상위권 / 실전성 리스크 낮음,주요 자동 리스크 낮음,"최종=0.555, 채널력=0.286, 성장성=0.322, 팬밀도=0.967, 라이브=0.396, 실전성=1.000, 운영제외리스크=0.000, 검증필요리스크=0.000",순위 21단계 하락 / 최종점수 -0.001 / 성장성 -0.000
942,904,UC0D75gKWfWeFY2OhStsQk2Q,이글의 원신 채널,,서브컬쳐게임,22200.0,191447.3,0.0167699925613303,0.5549547977667418,0.7380804535637149,0.5221935825992814,0.2796976241900648,0.4203721168874098,0.99272,보류,False,,성장성 신뢰도 양호,상위 세그먼트 불명확,"최종=0.555, 채널력=0.738, 성장성=0.522, 팬밀도=0.280, 라이브=0.420, 실전성=0.993, 운영제외리스크=0.000, 검증필요리스크=0.091",순위 15단계 하락 / 최종점수 -0.001 / 성장성 +0.001
943,905,UC2Yxfy3TMQXj8t2ggS9hFTw,담익지,버츄얼 퍼포먼스형,버튜버,5120.0,15452.0,0.0262184156194536,0.55490531219567,0.4989065874730021,0.5648370366303964,0.4730021598272138,0.4203721168874098,0.99104,보류,False,,성장성 신뢰도 양호,주요 자동 리스크 낮음,"최종=0.555, 채널력=0.499, 성장성=0.565, 팬밀도=0.473, 라이브=0.420, 실전성=0.991, 운영제외리스크=0.000, 검증필요리스크=0.112",순위 100단계 하락 / 최종점수 -0.010 / 성장성 +0.000
944,907,UChznKQKJWDZvwSFlaf3eMIQ,지환JH,음악·보이스형,성우더빙,1590.0,15749.5,0.0239304459726033,0.5547575208200506,0.5105696544276457,0.5554710245437579,0.4265658747300216,0.4203721168874098,1.0,보류,False,,실전성 리스크 낮음 / 성장성 신뢰도 양호,주요 자동 리스크 낮음,"최종=0.555, 채널력=0.511, 성장성=0.555, 팬밀도=0.427, 라이브=0.420, 실전성=1.000, 운영제외리스크=0.000, 검증필요리스크=0.000",순위 21단계 하락 / 최종점수 -0.001 / 성장성 +0.000
945,909,UC0TFuZi1epxqnuRzcpqs8cQ,어둠의상인 DARK SANGIN,,서브컬쳐게임,94800.0,3126.9,0.0137400397266569,0.554494928912135,0.5985691144708423,0.4163705416048963,0.2041036717062635,0.9303304286920048,0.99272,보류,False,,라이브친화도 상위권 / 성장성 신뢰도 양호,상위 세그먼트 불명확,"최종=0.554, 채널력=0.599, 성장성=0.416, 팬밀도=0.204, 라이브=0.930, 실전성=0.993, 운영제외리스크=0.000, 검증필요리스크=0.091",순위 10단계 하락 / 최종점수 -0.000 / 성장성 -0.000
946,910,UCpZuwSLQXzq5rvtiIIbxhfQ,류하 Ryuha,음악·보이스형,애니송커버,419000.0,75110.0,0.011278275760362,0.5542650705719193,0.7503374730021598,0.6289687531392167,0.1501079913606911,0.4203721168874098,0.9,보류,False,,성장성 상위권 / 성장성 신뢰도 양호,주요 자동 리스크 낮음,"최종=0.554, 채널력=0.750, 성장성=0.629, 팬밀도=0.150, 라이브=0.420, 실전성=0.900, 운영제외리스크=0.000, 검증필요리스크=0.000",순위 14단계 하락 / 최종점수 -0.001 / 성장성 +0.001
947,911,UCvV_8yuEOthN1gQfbw3O-8w,왜케막애기가찌,음악·보이스형,ASMR보이스,11400.0,361415.5,0.0200400039678873,0.5542310564062891,0.7290631749460044,0.4425853177898896,0.3493520518358531,0.4203721168874098,1.0,보류,False,,실전성 리스크 낮음 / 성장성 신뢰도 양호,주요 자동 리스크 낮음,"최종=0.554, 채널력=0.729, 성장성=0.443, 팬밀도=0.349, 라이브=0.420, 실전성=1.000, 운영제외리스크=0.000, 검증필요리스크=0.000",순위 18단계 하락 / 최종점수 -0.001 / 성장성 +0.001
948,912,UCl8HuZxjrjs_ONuErrk15ug,김츠유,창작·비주얼형,코스프레,30900.0,14168.6,0.0223507694121318,0.5540663475898128,0.7669276457883368,0.3732152531336988,0.3990280777537797,0.4203721168874098,1.0,보류,False,,실전성 리스크 낮음 / 성장성 신뢰도 양호,주요 자동 리스크 낮음,"최종=0.554, 채널력=0.767, 성장성=0.373, 팬밀도=0.399, 라이브=0.420, 실전성=1.000, 운영제외리스크=0.000, 검증필요리스크=0.000",순위 13단계 상승 / 최종점수 +0.002 / 성장성 +0.000
949,913,UCONARYWQT0n3y5yTaToqRUQ,하녕 hanyung asmr,음악·보이스형,ASMR,97700.0,45380.1,0.0305866808011837,0.5537228070047521,0.563944384449244,0.4799136526177848,0.556695464362851,0.4203721168874098,0.98208,보류,False,,뚜렷한 강점 신호 부족,수집 영상 수 부족,"최종=0.554, 채널력=0.564, 성장성=0.480, 팬밀도=0.557, 라이브=0.420, 실전성=0.982, 운영제외리스크=0.000, 검증필요리스크=0.224",순위 16단계 하락 / 최종점수 -0.001 / 성장성 +0.000
950,914,UCK9PdJPUyAQy3iQIb7CnnEA,금도깨비툰,창작·비주얼형,코스프레,496000.0,553843.2,0.0154434598386744,0.55368296434926,0.8805885529157668,0.4822230899095707,0.25,0.4203721168874098,0.89104,보류,False,,뚜렷한 강점 신호 부족,주요 자동 리스크 낮음,"최종=0.554, 채널력=0.881, 성장성=0.482, 팬밀도=0.250, 라이브=0.420, 실전성=0.891, 운영제외리스크=0.000, 검증필요리스크=0.112",순위 9단계 하락 / 최종점수 -0.000 / 성장성 +0.000
951,916,UCahoeL-EOU6XzQ0g95ubh3w,우기잉,창작·비주얼형,코스프레,79000.0,23331.3,0.017587116093089,0.5535344994076674,0.5227996760259179,0.5638309419871345,0.2980561555075594,0.7021543514260316,0.98208,보류,False,,라이브친화도 상위권 / 성장성 신뢰도 양호,수집 영상 수 부족,"최종=0.554, 채널력=0.523, 성장성=0.564, 팬밀도=0.298, 라이브=0.702, 실전성=0.982, 운영제외리스크=0.000, 검증필요리스크=0.224",순위 87단계 상승 / 최종점수 +0.011 / 성장성 +0.001
952,917,UClddcwY0DlOYX0lR0sKtTug,코어 오브 아이디어,,서브컬쳐게임,114000.0,84428.1,0.016856556292103,0.5531703982721382,0.8186555075593952,0.5,0.2818574514038877,0.3960583153347732,0.98376,보류,False,,뚜렷한 강점 신호 부족,상위 세그먼트 불명확,"최종=0.553, 채널력=0.819, 성장성=0.500, 팬밀도=0.282, 라이브=0.396, 실전성=0.984, 운영제외리스크=0.000, 검증필요리스크=0.203",순위 10단계 하락 / 최종점수 -0.001
953,919,UCnVgP7SaJMkyTE1NukVHdRg,차차엘,버츄얼 퍼포먼스형,버튜버,1860.0,8477.5,0.0279840167277238,0.5531089997982568,0.4693169546436285,0.5187827706630846,0.5070194384449244,0.4203721168874098,1.0,보류,False,,실전성 리스크 낮음,주요 자동 리스크 낮음,"최종=0.553, 채널력=0.469, 성장성=0.519, 팬밀도=0.507, 라이브=0.420, 실전성=1.000, 운영제외리스크=0.000, 검증필요리스크=0.000",순위 21단계 하락 / 최종점수 -0.002 / 성장성 +0.000
954,921,UC410SiAWKSKTcVabhuX79mA,Hida ASMR 히다,음악·보이스형,ASMR,18900.0,24791.2,0.0395597450376979,0.5529382145367353,0.4989875809935205,0.4928760593220339,0.6987041036717062,0.3960583153347732,0.9664,보류,False,,뚜렷한 강점 신호 부족,수집 영상 수 부족 / 성장성 신뢰도 낮음,"최종=0.553, 채널력=0.499, 성장성=0.493, 팬밀도=0.699, 라이브=0.396, 실전성=0.966, 운영제외리스크=0.000, 검증필요리스크=0.420",순위 9단계 하락 / 최종점수 +0.000 / 성장성 -0.000
955,922,UC0A6pmFQ3vOYQ6DWNQcC8_w,팀진우,창작·비주얼형,코스프레,38600.0,11660.1,0.0013076564272724,0.5527656493955473,0.7659827213822895,0.6705311026867309,0.0156587473002159,0.4203721168874098,1.0,보류,False,,성장성 상위권 / 실전성 리스크 낮음 / 성장성 신뢰도 양호,주요 자동 리스크 낮음,"최종=0.553, 채널력=0.766, 성장성=0.671, 팬밀도=0.016, 라이브=0.420, 실전성=1.000, 운영제외리스크=0.000, 검증필요리스크=0.000",순위 6단계 하락 / 최종점수 +0.000 / 성장성 +0.001
956,923,UCL7uCuz45P6MRWWDLDpOTdw,우리 바보 아니야,창작·비주얼형,코스프레,83100.0,972024.1,0.0138683293967879,0.5523731510048506,0.7181560475161988,0.5926822955678435,0.2068034557235421,0.4203721168874098,0.99104,보류,False,,성장성 상위권 / 성장성 신뢰도 양호,주요 자동 리스크 낮음,"최종=0.552, 채널력=0.718, 성장성=0.593, 팬밀도=0.207, 라이브=0.420, 실전성=0.991, 운영제외리스크=0.000, 검증필요리스크=0.112",순위 4단계 하락 / 최종점수 -0.000 / 성장성 +0.000
957,924,UCKai3URoZ3kKGXSLGKHWIfA,예능 뭐볼래,음악·보이스형,애니송커버,27000.0,359089.8,0.0124748998424317,0.5522865783785823,0.8334233261339093,0.4889798077094493,0.1771058315334773,0.4203721168874098,1.0,보류,False,,실전성 리스크 낮음 / 성장성 신뢰도 양호,주요 자동 리스크 낮음,"최종=0.552, 채널력=0.833, 성장성=0.489, 팬밀도=0.177, 라이브=0.420, 실전성=1.000, 운영제외리스크=0.000, 검증필요리스크=0.000",순위 57단계 상승 / 최종점수 +0.008 / 성장성 +0.000
958,926,UC5qcfAmCUl-baTJ_7YYKO3w,땡바영,게임 실황형,롤,1220.0,257.6,0.009831384055994,0.5520921945991972,0.3812634989200864,0.7283466031538159,0.1193304535637149,0.7201631744646165,1.0,보류,False,,성장성 상위권 / 라이브친화도 상위권 / 실전성 리스크 낮음 / 성장성 신뢰도 양호,주요 자동 리스크 낮음,"최종=0.552, 채널력=0.381, 성장성=0.728, 팬밀도=0.119, 라이브=0.720, 실전성=1.000, 운영제외리스크=0.000, 검증필요리스크=0.000",순위 18단계 하락 / 최종점수 -0.002 / 성장성 +0.000
959,927,UC_WzlDqUcZdaKnKUCo1uusA,박새주인 ParksaeOwner,,음악기타,25900.0,5816.8,0.0232048652989098,0.552004329087137,0.621841252699784,0.4960755480524053,0.4157667386609071,0.4203721168874098,0.99272,보류,False,,성장성 신뢰도 양호,상위 세그먼트 불명확,"최종=0.552, 채널력=0.622, 성장성=0.496, 팬밀도=0.416, 라이브=0.420, 실전성=0.993, 운영제외리스크=0.000, 검증필요리스크=0.091",순위 13단계 하락 / 최종점수 -0.001 / 성장성 -0.000
960,929,UCF8kSVpJCIF4dEHwiJHdXBg,자석 사냥꾼 정타비,,게임기타,2830.0,13471.8,0.0350081248866366,0.5518140648403504,0.6821544276457884,0.2774578965076489,0.6328293736501079,0.4203721168874098,0.99272,보류,False,,성장성 신뢰도 양호,상위 세그먼트 불명확,"최종=0.552, 채널력=0.682, 성장성=0.277, 팬밀도=0.633, 라이브=0.420, 실전성=0.993, 운영제외리스크=0.000, 검증필요리스크=0.091",순위 112단계 상승 / 최종점수 +0.014 / 성장성 -0.000
961,931,UCls1Y2LgkPk6t5TMFIKaoBQ,델로략국,게임 실황형,마인크래프트,113000.0,32342.3,0.0285124598814864,0.5515090891889988,0.5492845572354212,0.5157690880644542,0.515658747300216,0.4203721168874098,0.98208,보류,False,,성장성 신뢰도 양호,수집 영상 수 부족,"최종=0.552, 채널력=0.549, 성장성=0.516, 팬밀도=0.516, 라이브=0.420, 실전성=0.982, 운영제외리스크=0.000, 검증필요리스크=0.224",순위 113단계 상승 / 최종점수 +0.014 / 성장성 +0.001
962,932,UCrrdSTTNMj81UZTGRweDi2w,김버붕,버츄얼 퍼포먼스형,버튜버,5450.0,25995.5,0.0278623063610571,0.5515071189831984,0.6830183585313174,0.3472747807111247,0.5043196544276458,0.4203721168874098,1.0,보류,False,,실전성 리스크 낮음 / 성장성 신뢰도 양호,주요 자동 리스크 낮음,"최종=0.552, 채널력=0.683, 성장성=0.347, 팬밀도=0.504, 라이브=0.420, 실전성=1.000, 운영제외리스크=0.000, 검증필요리스크=0.000",순위 19단계 하락 / 최종점수 -0.001 / 성장성 +0.000
963,933,UCWZ8sS5lTkqI1XPiIIOTucw,마비노기 정상영업합니다,창작·비주얼형,코스프레,5770.0,9902.6,0.0196616404054579,0.5515049462814317,0.6173866090712743,0.5252618529039824,0.3434125269978402,0.4203721168874098,1.0,보류,False,,실전성 리스크 낮음 / 성장성 신뢰도 양호,주요 자동 리스크 낮음,"최종=0.552, 채널력=0.617, 성장성=0.525, 팬밀도=0.343, 라이브=0.420, 실전성=1.000, 운영제외리스크=0.000, 검증필요리스크=0.000",순위 16단계 하락 / 최종점수 -0.001 / 성장성 +0.000
964,934,UCZees_N7qXIbo9ZcHt6AXRg,경하Kyungha,,커버기타,41300.0,10009.9,0.0213702195320396,0.5513475070852212,0.6818844492440604,0.3669587325473701,0.3774298056155507,0.6251755060189539,0.99272,보류,False,,성장성 신뢰도 양호,상위 세그먼트 불명확,"최종=0.551, 채널력=0.682, 성장성=0.367, 팬밀도=0.377, 라이브=0.625, 실전성=0.993, 운영제외리스크=0.000, 검증필요리스크=0.091",순위 7단계 하락 / 최종점수 -0.000 / 성장성 +0.001
965,936,UCGsXjPLIjtWoye6LPgQCnXw,엔코르 nCore (a.k.a. 엔조이 nZoe),게임 실황형,붕괴스타레일,18900.0,12366.1,0.0219187239231745,0.550924793981593,0.4508774298056155,0.519016803422146,0.3903887688984881,0.738474168723263,0.98208,보류,False,,라이브친화도 상위권 / 성장성 신뢰도 양호,수집 영상 수 부족,"최종=0.551, 채널력=0.451, 성장성=0.519, 팬밀도=0.390, 라이브=0.738, 실전성=0.982, 운영제외리스크=0.000, 검증필요리스크=0.224",순위 89단계 하락 / 최종점수 -0.010 / 성장성 +0.000
966,937,UCtxNvHtClh8f9NonP0pEoJQ,이지각,음악·보이스형,ASMR,5320.0,3317.3,0.0197831822913617,0.5509226034732417,0.6039551835853132,0.532038312945698,0.345572354211663,0.4203721168874098,1.0,보류,False,,실전성 리스크 낮음 / 성장성 신뢰도 양호,주요 자동 리스크 낮음,"최종=0.551, 채널력=0.604, 성장성=0.532, 팬밀도=0.346, 라이브=0.420, 실전성=1.000, 운영제외리스크=0.000, 검증필요리스크=0.000",순위 14단계 하락 / 최종점수 -0.001 / 성장성 +0.000
967,938,UC9FNiG45LYQPBKn3cukVGvA,굥아님의 리뷰세상,음악·보이스형,ASMR보이스,295000.0,257457.1,0.0130247375412195,0.5509182296912768,0.7475161987041036,0.5779935145728983,0.1895248380129589,0.4203721168874098,0.99104,보류,False,,성장성 상위권 / 성장성 신뢰도 양호,주요 자동 리스크 낮음,"최종=0.551, 채널력=0.748, 성장성=0.578, 팬밀도=0.190, 라이브=0.420, 실전성=0.991, 운영제외리스크=0.000, 검증필요리스크=0.112",순위 37단계 상승 / 최종점수 +0.006 / 성장성 +0.001
968,939,UCgWW9C5W0uJQjc_QKOg6ltQ,The Moon Koreaㅣ더문코리아.,음악·보이스형,ASMR보이스,4370.0,126.6,0.0183454567384615,0.5508658881929538,0.3537257019438444,0.488383367153161,0.3158747300215982,0.912043002384475,1.0,보류,False,,라이브친화도 상위권 / 실전성 리스크 낮음 / 성장성 신뢰도 양호,주요 자동 리스크 낮음,"최종=0.551, 채널력=0.354, 성장성=0.488, 팬밀도=0.316, 라이브=0.912, 실전성=1.000, 운영제외리스크=0.000, 검증필요리스크=0.000",순위 13단계 하락 / 최종점수 -0.001 / 성장성 +0.000
969,941,UCToG69dQsypSexFAJl4q6CA,에니,,게임기타,5750.0,488007.5,0.0233515503674168,0.5508421870410367,0.708139848812095,0.5,0.4163066954643628,0.3960583153347732,0.97704,보류,False,,뚜렷한 강점 신호 부족,상위 세그먼트 불명확 / 성장성 신뢰도 낮음,"최종=0.551, 채널력=0.708, 성장성=0.500, 팬밀도=0.416, 라이브=0.396, 실전성=0.977, 운영제외리스크=0.000, 검증필요리스크=0.287",순위 21단계 하락 / 최종점수 -0.002
970,942,UCStzYkydCOIn_YARL6jfp0g,헤르베아 모코 HERBEA MOKO,음악·보이스형,커버,1890.0,4237.0,0.0464625922357802,0.5506989166306696,0.3781047516198704,0.5,0.7543196544276458,0.3960583153347732,0.97536,보류,False,,뚜렷한 강점 신호 부족,성장성 신뢰도 낮음,"최종=0.551, 채널력=0.378, 성장성=0.500, 팬밀도=0.754, 라이브=0.396, 실전성=0.975, 운영제외리스크=0.000, 검증필요리스크=0.308",순위 14단계 하락 / 최종점수 -0.001
971,943,UCvPtmnAEEOH515Y7G2qRdhw,토우 루체르나,음악·보이스형,보컬로이드JPOP커버,3780.0,3207.4,0.1217524927716037,0.550655874213059,0.3219897408207343,0.3565051355108756,0.9730021598272138,0.3070734541831007,0.99104,보류,False,,팬밀도 상위권 / 성장성 신뢰도 양호,주요 자동 리스크 낮음,"최종=0.551, 채널력=0.322, 성장성=0.357, 팬밀도=0.973, 라이브=0.307, 실전성=0.991, 운영제외리스크=0.000, 검증필요리스크=0.112",순위 8단계 하락 / 최종점수 -0.000 / 성장성 +0.001
972,944,UCoJaEzEMvd5aghu0Q0pirgA,차밍챠,음악·보이스형,성우,2660.0,9572.6,0.0294748931253284,0.5505930556108894,0.4636609071274298,0.5308857114317432,0.5318574514038877,0.4203721168874098,0.99104,보류,False,,성장성 신뢰도 양호,주요 자동 리스크 낮음,"최종=0.551, 채널력=0.464, 성장성=0.531, 팬밀도=0.532, 라이브=0.420, 실전성=0.991, 운영제외리스크=0.000, 검증필요리스크=0.112",순위 16단계 상승 / 최종점수 +0.003 / 성장성 +0.000
973,945,UCNKap6Hr3MPWQSyaIkDiWKg,토다기,,배그,2060.0,2041.4,0.0301541356571507,0.5505300779193154,0.5240820734341253,0.4977182054829718,0.550755939524838,0.4203721168874098,0.98376,보류,False,,뚜렷한 강점 신호 부족,상위 세그먼트 불명확,"최종=0.551, 채널력=0.524, 성장성=0.498, 팬밀도=0.551, 라이브=0.420, 실전성=0.984, 운영제외리스크=0.000, 검증필요리스크=0.203",순위 15단계 하락 / 최종점수 -0.001 / 성장성 +0.000
974,946,UCE9EDhCSLvEGDPG39abJ9IQ,더빙참새_신사무,음악·보이스형,성우,2050.0,9566.0,0.0237798876103377,0.5504901208161566,0.5628239740820734,0.5025673589945227,0.4222462203023758,0.4203721168874098,1.0,보류,False,,실전성 리스크 낮음 / 성장성 신뢰도 양호,주요 자동 리스크 낮음,"최종=0.550, 채널력=0.563, 성장성=0.503, 팬밀도=0.422, 라이브=0.420, 실전성=1.000, 운영제외리스크=0.000, 검증필요리스크=0.000",순위 12단계 상승 / 최종점수 +0.003 / 성장성 -0.000
975,948,UCZZaXpNo1r4Bh3rs4vvRYxg,풀네임,,게임기타,286000.0,167432.4,0.0140582437835611,0.5501938816229278,0.915388768898488,0.4189081060905968,0.2122030237580993,0.4203721168874098,0.99272,보류,False,,성장성 신뢰도 양호,상위 세그먼트 불명확,"최종=0.550, 채널력=0.915, 성장성=0.419, 팬밀도=0.212, 라이브=0.420, 실전성=0.993, 운영제외리스크=0.000, 검증필요리스크=0.091",순위 6단계 하락 / 최종점수 +0.001 / 성장성 +0.000
976,950,UC-ohyyw3vTOuMP3oCvXMW3g,이비 EB,버츄얼 퍼포먼스형,버튜버,1840.0,2791.6,0.0349345232293308,0.5501080728921603,0.4551025917926565,0.4220799462452917,0.6306695464362851,0.4203721168874098,1.0,보류,False,,실전성 리스크 낮음 / 성장성 신뢰도 양호,주요 자동 리스크 낮음,"최종=0.550, 채널력=0.455, 성장성=0.422, 팬밀도=0.631, 라이브=0.420, 실전성=1.000, 운영제외리스크=0.000, 검증필요리스크=0.000",순위 13단계 하락 / 최종점수 -0.001 / 성장성 -0.000
977,952,UC5BehMed6DUNwrtgZhyIXrw,마이페이버릿파트,버츄얼 퍼포먼스형,버튜버,1780.0,3938.0,0.0382327013717062,0.5499573559395248,0.4059260259179265,0.5,0.6771058315334774,0.3960583153347732,0.98432,보류,False,,뚜렷한 강점 신호 부족,성장성 신뢰도 낮음,"최종=0.550, 채널력=0.406, 성장성=0.500, 팬밀도=0.677, 라이브=0.396, 실전성=0.984, 운영제외리스크=0.000, 검증필요리스크=0.196",순위 88단계 하락 / 최종점수 -0.009
978,953,UCo3aKzEWqpLTakCJlUe7zoQ,김캡쳐 (중고명품),음악·보이스형,성우,26400.0,7271.2,0.0096809482534779,0.5499020544732085,0.7172786177105832,0.4662653672703112,0.117170626349892,0.7051261196281118,1.0,보류,False,,라이브친화도 상위권 / 실전성 리스크 낮음 / 성장성 신뢰도 양호,주요 자동 리스크 낮음,"최종=0.550, 채널력=0.717, 성장성=0.466, 팬밀도=0.117, 라이브=0.705, 실전성=1.000, 운영제외리스크=0.000, 검증필요리스크=0.000",순위 99단계 하락 / 최종점수 -0.010 / 성장성 +0.001
979,954,UC1CR2ISvqo_zVIiscXlE8eA,강아이,게임 실황형,원신,8680.0,47253.6,0.0181844137833506,0.5497766824179353,0.5483666306695465,0.6328133125707607,0.3137149028077753,0.4203721168874098,0.99104,보류,False,,성장성 상위권 / 성장성 신뢰도 양호,주요 자동 리스크 낮음,"최종=0.550, 채널력=0.548, 성장성=0.633, 팬밀도=0.314, 라이브=0.420, 실전성=0.991, 운영제외리스크=0.000, 검증필요리스크=0.112",순위 45단계 하락 / 최종점수 -0.004 / 성장성 +0.001
980,956,UCBP28EdBcZMBLvg52VvJ_qQ,버큐멘터리,버츄얼 퍼포먼스형,버튜버,177000.0,517207.0,0.0213900593540746,0.5493397423985065,0.7573434125269979,0.4928760593220339,0.3779697624190065,0.3960583153347732,0.97536,보류,False,,뚜렷한 강점 신호 부족,성장성 신뢰도 낮음,"최종=0.549, 채널력=0.757, 성장성=0.493, 팬밀도=0.378, 라이브=0.396, 실전성=0.975, 운영제외리스크=0.000, 검증필요리스크=0.308",순위 102단계 상승 / 최종점수 +0.013 / 성장성 -0.000
981,957,UCidOYk49DPtmLXdteJ4lK0Q,Biggy Bros 돼지형제,음악·보이스형,ASMR보이스,11100.0,7075.0,0.029778460682587,0.5486862976241901,0.5356776457883369,0.5,0.5415766738660908,0.3960583153347732,0.98432,보류,False,,뚜렷한 강점 신호 부족,성장성 신뢰도 낮음,"최종=0.549, 채널력=0.536, 성장성=0.500, 팬밀도=0.542, 라이브=0.396, 실전성=0.984, 운영제외리스크=0.000, 검증필요리스크=0.196",순위 18단계 하락 / 최종점수 -0.001
982,958,UC1CalxlthKnoIedtZRlOLTA,수잔 헌트 ASMR,음악·보이스형,ASMR,13500.0,7102.0,0.0340760553801529,0.5485013322888512,0.3929940604751619,0.5480674416222425,0.6171706263498921,0.4203721168874098,0.98208,보류,False,,뚜렷한 강점 신호 부족,수집 영상 수 부족,"최종=0.549, 채널력=0.393, 성장성=0.548, 팬밀도=0.617, 라이브=0.420, 실전성=0.982, 운영제외리스크=0.000, 검증필요리스크=0.224",순위 15단계 하락 / 최종점수 -0.000 / 성장성 -0.000
983,961,UC0CC-kdWFxDM2NJDNOgbnsA,욱캐리,,서브컬쳐게임,24100.0,23817.4,0.0077177229567249,0.5482288413071144,0.7292116630669546,0.5251901444938105,0.0809935205183585,0.6743790697338565,0.99272,보류,False,,라이브친화도 상위권 / 성장성 신뢰도 양호,상위 세그먼트 불명확,"최종=0.548, 채널력=0.729, 성장성=0.525, 팬밀도=0.081, 라이브=0.674, 실전성=0.993, 운영제외리스크=0.000, 검증필요리스크=0.091",순위 16단계 하락 / 최종점수 -0.001 / 성장성 +0.000
984,962,UCrcIqB730gFy6ttJcmoE16g,요거,버츄얼 퍼포먼스형,버튜버,23100.0,4478.5,0.0369841586603527,0.5482057063852348,0.4150242980561555,0.4600262722811872,0.6598272138228942,0.4203721168874098,0.99104,보류,False,,뚜렷한 강점 신호 부족,주요 자동 리스크 낮음,"최종=0.548, 채널력=0.415, 성장성=0.460, 팬밀도=0.660, 라이브=0.420, 실전성=0.991, 운영제외리스크=0.000, 검증필요리스크=0.112",순위 8단계 하락 / 최종점수 +0.000 / 성장성 +0.000
985,964,UC9KQaCA_EMobJUxZszQ4wlg,박호두(852hodoo),버츄얼 퍼포먼스형,버튜버,382000.0,43236.9,0.0072550573079576,0.5478061092897184,0.8048326133909287,0.4207590063507327,0.0707343412526997,0.8024590499327662,0.9,보류,False,,라이브친화도 상위권 / 성장성 신뢰도 양호,주요 자동 리스크 낮음,"최종=0.548, 채널력=0.805, 성장성=0.421, 팬밀도=0.071, 라이브=0.802, 실전성=0.900, 운영제외리스크=0.000, 검증필요리스크=0.000",순위 7단계 하락 / 최종점수 -0.000 / 성장성 +0.002
986,965,UCiYlAwJCycQO05PHCdtrJ1A,아라냥 Aranyang,게임 실황형,롤,3940.0,87038.5,0.0176278523284699,0.5477649543253444,0.7248380129589633,0.497578777651989,0.3002159827213823,0.4203721168874098,0.99104,보류,False,,뚜렷한 강점 신호 부족,주요 자동 리스크 낮음,"최종=0.548, 채널력=0.725, 성장성=0.498, 팬밀도=0.300, 라이브=0.420, 실전성=0.991, 운영제외리스크=0.000, 검증필요리스크=0.112",순위 14단계 하락 / 최종점수 -0.000 / 성장성 +0.000
987,966,UCkVpvSYSvf5RO1OtwWFz8XA,언제나리즈,,음악기타,33500.0,54293.9,0.020196290433617,0.5474467258741389,0.6348677105831534,0.5553607772438732,0.3525917926565874,0.4203721168874098,0.98376,보류,False,,성장성 신뢰도 양호,상위 세그먼트 불명확,"최종=0.547, 채널력=0.635, 성장성=0.555, 팬밀도=0.353, 라이브=0.420, 실전성=0.984, 운영제외리스크=0.000, 검증필요리스크=0.203",순위 16단계 하락 / 최종점수 -0.001 / 성장성 +0.001
988,967,UCmGUrYZcWesLYV7QsGzszYA,박영민,음악·보이스형,성우,3030.0,71.8,0.0646893555257432,0.5473259131197682,0.0991225701943843,0.5732489513778314,0.8736501079913607,0.4203721168874098,0.98208,보류,False,,성장성 상위권 / 팬밀도 상위권 / 성장성 신뢰도 양호,수집 영상 수 부족,"최종=0.547, 채널력=0.099, 성장성=0.573, 팬밀도=0.874, 라이브=0.420, 실전성=0.982, 운영제외리스크=0.000, 검증필요리스크=0.224",순위 26단계 하락 / 최종점수 -0.003 / 성장성 +0.000
989,968,UC_1gBWQYd10hn9DMfyxP9Nw,성우 김동현,음악·보이스형,성우,5930.0,1198.3,0.0365380974020832,0.5472929546145177,0.2185340172786176,0.4115313311376974,0.656047516198704,0.8660389635396776,0.98208,보류,False,,라이브친화도 상위권,수집 영상 수 부족,"최종=0.547, 채널력=0.219, 성장성=0.412, 팬밀도=0.656, 라이브=0.866, 실전성=0.982, 운영제외리스크=0.000, 검증필요리스크=0.224",순위 5단계 하락 / 최종점수 +0.000 / 성장성 -0.001
990,969,UCFrKhWvZ8oeJQTNP5ZabgJw,궁복동 유튜브,,게임기타,63200.0,150752.0,0.0142141233629462,0.5472742125515728,0.9138498920086392,0.4071443234614903,0.2154427645788336,0.4203721168874098,0.99272,보류,False,,성장성 신뢰도 양호,상위 세그먼트 불명확,"최종=0.547, 채널력=0.914, 성장성=0.407, 팬밀도=0.215, 라이브=0.420, 실전성=0.993, 운영제외리스크=0.000, 검증필요리스크=0.091",순위 20단계 상승 / 최종점수 +0.004 / 성장성 +0.001
991,970,UCLj6JPqLq_pcux-GmFjvW3Q,큰눈신사,게임 실황형,로블록스,2670.0,1021.7,0.0409437471564044,0.5472579888783649,0.1686285097192224,0.3850899828604076,0.7132829373650108,0.90441250212613,0.98208,보류,False,,라이브친화도 상위권 / 성장성 신뢰도 양호,수집 영상 수 부족,"최종=0.547, 채널력=0.169, 성장성=0.385, 팬밀도=0.713, 라이브=0.904, 실전성=0.982, 운영제외리스크=0.000, 검증필요리스크=0.224",순위 59단계 하락 / 최종점수 -0.006 / 성장성 +0.000
992,973,UCg39PUiCooywvMMukrBvEbg,케로차,버츄얼 퍼포먼스형,버튜버,11300.0,138654.8,0.0171204557027669,0.5469640752958858,0.5973407127429806,0.6042284846047863,0.2883369330453563,0.4203721168874098,0.99104,보류,False,,성장성 상위권 / 성장성 신뢰도 양호,주요 자동 리스크 낮음,"최종=0.547, 채널력=0.597, 성장성=0.604, 팬밀도=0.288, 라이브=0.420, 실전성=0.991, 운영제외리스크=0.000, 검증필요리스크=0.112",순위 115단계 상승 / 최종점수 +0.014 / 성장성 +0.000
993,974,UCgpQXVhEVsbJ1c7xC2vaTsA,노래방 옆 만화방,음악·보이스형,성우더빙,69900.0,34104.4,0.0213626364562258,0.5469309149311198,0.5439659827213823,0.6126300516451547,0.376889848812095,0.4203721168874098,0.98208,보류,False,,성장성 상위권 / 성장성 신뢰도 양호,수집 영상 수 부족,"최종=0.547, 채널력=0.544, 성장성=0.613, 팬밀도=0.377, 라이브=0.420, 실전성=0.982, 운영제외리스크=0.000, 검증필요리스크=0.224",순위 15단계 하락 / 최종점수 -0.001 / 성장성 -0.000
994,975,UCsZ93tZfuQqwxfisetTenPg,제철게,게임 실황형,원신,1540.0,7889.3,0.0397733174251606,0.5468916812095033,0.4147948164146868,0.5,0.7003239740820735,0.3960583153347732,0.97536,보류,False,,뚜렷한 강점 신호 부족,성장성 신뢰도 낮음,"최종=0.547, 채널력=0.415, 성장성=0.500, 팬밀도=0.700, 라이브=0.396, 실전성=0.975, 운영제외리스크=0.000, 검증필요리스크=0.308",순위 13단계 하락 / 최종점수 -0.000
995,976,UCg7xkCKcxA84xSTGgtF9ySA,JaeYeol ASMR 재열,음악·보이스형,ASMR,5610000.0,324568.5,0.0085127562666486,0.5466325722580213,0.9442494600431964,0.487533071873135,0.101511879049676,0.4203721168874098,0.9,보류,False,,성장성 신뢰도 양호,주요 자동 리스크 낮음,"최종=0.547, 채널력=0.944, 성장성=0.488, 팬밀도=0.102, 라이브=0.420, 실전성=0.900, 운영제외리스크=0.000, 검증필요리스크=0.000",순위 7단계 하락 / 최종점수 -0.000 / 성장성 +0.000
996,977,UCRQRY0LF6M2BiPxDkQu8eog,호미호,,서브컬쳐게임,1410.0,4522.8,0.0326087113983591,0.5465733951397616,0.3635799136069114,0.5783014041335932,0.5907127429805615,0.4203721168874098,0.98376,보류,False,,성장성 상위권 / 성장성 신뢰도 양호,상위 세그먼트 불명확,"최종=0.547, 채널력=0.364, 성장성=0.578, 팬밀도=0.591, 라이브=0.420, 실전성=0.984, 운영제외리스크=0.000, 검증필요리스크=0.203",순위 10단계 하락 / 최종점수 -0.000 / 성장성 +0.000
997,979,UC8aKTyxkBnPi0qiUYdXFQgA,원우,음악·보이스형,ASMR,9440.0,1310.0,0.0159259532972357,0.5465247538943192,0.5536852051835853,0.6224370760200492,0.2607991360691145,0.4203721168874098,1.0,보류,False,,성장성 상위권 / 실전성 리스크 낮음 / 성장성 신뢰도 양호,주요 자동 리스크 낮음,"최종=0.547, 채널력=0.554, 성장성=0.622, 팬밀도=0.261, 라이브=0.420, 실전성=1.000, 운영제외리스크=0.000, 검증필요리스크=0.000",순위 11단계 하락 / 최종점수 -0.000 / 성장성 +0.000
998,980,UC4UTPKphi-wiRZP7Q8hZ_2g,영원,,배그,4940.0,6378.8,0.0073338693482352,0.5462141670659745,0.6529292656587473,0.7199457268876543,0.0734341252699784,0.4203721168874098,0.99272,보류,False,,성장성 상위권 / 성장성 신뢰도 양호,상위 세그먼트 불명확,"최종=0.546, 채널력=0.653, 성장성=0.720, 팬밀도=0.073, 라이브=0.420, 실전성=0.993, 운영제외리스크=0.000, 검증필요리스크=0.091",순위 15단계 상승 / 최종점수 +0.003 / 성장성 +0.011
999,981,UCSAc4JyUanHFKPKLEjSrp_g,뵤리애,음악·보이스형,JPOP커버,32400.0,1429.4,0.044638878040974,0.5462056660907127,0.3695599352051836,0.5,0.7424406047516199,0.3960583153347732,0.97536,보류,False,,뚜렷한 강점 신호 부족,성장성 신뢰도 낮음,"최종=0.546, 채널력=0.370, 성장성=0.500, 팬밀도=0.742, 라이브=0.396, 실전성=0.975, 운영제외리스크=0.000, 검증필요리스크=0.308",순위 17단계 하락 / 최종점수 -0.001
1000,983,UCSDeJEN5j3kWZ4ssuhyCXgg,힙한부키,버츄얼 퍼포먼스형,버튜버,29200.0,50438.7,0.0240740631678876,0.5461610475221528,0.5485016198704104,0.564315884641516,0.4303455723542116,0.4203721168874098,0.98208,보류,False,,성장성 신뢰도 양호,수집 영상 수 부족,"최종=0.546, 채널력=0.549, 성장성=0.564, 팬밀도=0.430, 라이브=0.420, 실전성=0.982, 운영제외리스크=0.000, 검증필요리스크=0.224",순위 37단계 하락 / 최종점수 -0.002 / 성장성 +0.001
1001,984,UC9dFUbTR3tqQgnkFs_GUsAg,빡다혜dahye,,커버기타,507000.0,772862.7,0.0087222918320613,0.5461137332462881,0.9857991360691144,0.4798683907374326,0.1047516198704103,0.4203721168874098,0.89272,보류,False,,성장성 신뢰도 양호,상위 세그먼트 불명확,"최종=0.546, 채널력=0.986, 성장성=0.480, 팬밀도=0.105, 라이브=0.420, 실전성=0.893, 운영제외리스크=0.000, 검증필요리스크=0.091",순위 14단계 하락 / 최종점수 -0.000 / 성장성 +0.000
1002,985,UCQKphnyZGKb0QgwRr4GvWnQ,진냉면,음악·보이스형,ASMR보이스,4250.0,1681.6,0.035008076842736,0.5460614375750918,0.4602861771058315,0.40228210490155,0.6322894168466523,0.4203721168874098,1.0,보류,False,,실전성 리스크 낮음 / 성장성 신뢰도 양호,주요 자동 리스크 낮음,"최종=0.546, 채널력=0.460, 성장성=0.402, 팬밀도=0.632, 라이브=0.420, 실전성=1.000, 운영제외리스크=0.000, 검증필요리스크=0.000",순위 602단계 상승 / 최종점수 +0.087 / 성장성 -0.000
1003,986,UC5IFK2YYlJz3E2k-wJTaAfw,오데No.1 Mordekaiser,,게임기타,14400.0,54813.0,0.0169934641439955,0.5459836561785452,0.57417656587473,0.6500043959644849,0.2861771058315335,0.4203721168874098,0.98376,보류,False,,성장성 상위권 / 성장성 신뢰도 양호,상위 세그먼트 불명확,"최종=0.546, 채널력=0.574, 성장성=0.650, 팬밀도=0.286, 라이브=0.420, 실전성=0.984, 운영제외리스크=0.000, 검증필요리스크=0.203",순위 15단계 하락 / 최종점수 -0.000 / 성장성 +0.001
1004,987,UChGojyH8jrTnoqGFhnqcL5Q,이도나,버츄얼 퍼포먼스형,버튜버,1610.0,2298.2,0.0309130203591132,0.5458382954643628,0.4995140388768898,0.5,0.5647948164146869,0.3960583153347732,0.98432,보류,False,,뚜렷한 강점 신호 부족,성장성 신뢰도 낮음,"최종=0.546, 채널력=0.500, 성장성=0.500, 팬밀도=0.565, 라이브=0.396, 실전성=0.984, 운영제외리스크=0.000, 검증필요리스크=0.196",순위 26단계 하락 / 최종점수 -0.002
1005,989,UCuYA4pLAUIgGB-62ahT9cUQ,Orot 오롯,음악·보이스형,ASMR보이스,1670.0,3024.1,0.0383628076791079,0.5453839218142549,0.3808180345572354,0.5,0.6814254859611231,0.3960583153347732,0.98432,보류,False,,뚜렷한 강점 신호 부족,성장성 신뢰도 낮음,"최종=0.545, 채널력=0.381, 성장성=0.500, 팬밀도=0.681, 라이브=0.396, 실전성=0.984, 운영제외리스크=0.000, 검증필요리스크=0.196",순위 13단계 하락 / 최종점수 +0.000
1006,990,UC2DGZFrjpoHxaTbwbY-qZGg,귤탱상어,게임 실황형,젠레스존제로,1900.0,654.1,0.0285274227609731,0.5451069169399074,0.1223677105831532,0.6806413753214205,0.5161987041036717,0.695282137458721,0.98208,보류,False,,성장성 상위권 / 라이브친화도 상위권 / 성장성 신뢰도 양호,수집 영상 수 부족,"최종=0.545, 채널력=0.122, 성장성=0.681, 팬밀도=0.516, 라이브=0.695, 실전성=0.982, 운영제외리스크=0.000, 검증필요리스크=0.224",순위 24단계 하락 / 최종점수 -0.002 / 성장성 -0.000
1007,991,UCH0GVd6rbLGwl3UspK7rTHA,드타,게임 실황형,붕괴스타레일,32000.0,12858.1,0.0172780152879352,0.5449370407469918,0.4678860691144709,0.5623303659983537,0.291036717062635,0.738474168723263,0.98208,보류,False,,라이브친화도 상위권 / 성장성 신뢰도 양호,수집 영상 수 부족,"최종=0.545, 채널력=0.468, 성장성=0.562, 팬밀도=0.291, 라이브=0.738, 실전성=0.982, 운영제외리스크=0.000, 검증필요리스크=0.224",순위 56단계 상승 / 최종점수 +0.008 / 성장성 +0.001
1008,992,UCtRO9Bbyy4S9YSNzGulL-Lw,버미육 - 버츄얼에 미친 육수,버츄얼 퍼포먼스형,버튜버,1070.0,2170.8,0.0306325362596688,0.5447691809935205,0.5005939524838012,0.5,0.5588552915766739,0.3960583153347732,0.98432,보류,False,,뚜렷한 강점 신호 부족,성장성 신뢰도 낮음,"최종=0.545, 채널력=0.501, 성장성=0.500, 팬밀도=0.559, 라이브=0.396, 실전성=0.984, 운영제외리스크=0.000, 검증필요리스크=0.196",순위 19단계 하락 / 최종점수 -0.001
1009,993,UCnIZUprPiat_L12WBr1eONA,말아드림,,커버기타,5290.0,150000.9,0.0211916455931837,0.5445831244292548,0.64079373650108,0.5235073950394505,0.3741900647948164,0.4203721168874098,0.98376,보류,False,,성장성 신뢰도 양호,상위 세그먼트 불명확,"최종=0.545, 채널력=0.641, 성장성=0.524, 팬밀도=0.374, 라이브=0.420, 실전성=0.984, 운영제외리스크=0.000, 검증필요리스크=0.203",순위 4단계 상승 / 최종점수 +0.002 / 성장성 +0.000
1010,994,UCCokDgS9629SKiJxwNEPPmQ,라면땅,창작·비주얼형,코스프레,1270.0,14511.3,0.0172606808323524,0.5444549169787615,0.4516468682505399,0.7080439327625418,0.2904967602591792,0.4203721168874098,0.99104,보류,False,,성장성 상위권 / 성장성 신뢰도 양호,주요 자동 리스크 낮음,"최종=0.544, 채널력=0.452, 성장성=0.708, 팬밀도=0.290, 라이브=0.420, 실전성=0.991, 운영제외리스크=0.000, 검증필요리스크=0.112",순위 16단계 하락 / 최종점수 -0.000 / 성장성 -0.000
1011,995,UCoHirUZkTs1nOtyJTNbNJ5g,지피티,음악·보이스형,ASMR보이스,884000.0,191965.1,0.0129003965568498,0.543988307175315,0.8634989200863932,0.4753528440630993,0.1857451403887689,0.4203721168874098,0.9,보류,False,,뚜렷한 강점 신호 부족,주요 자동 리스크 낮음,"최종=0.544, 채널력=0.863, 성장성=0.475, 팬밀도=0.186, 라이브=0.420, 실전성=0.900, 운영제외리스크=0.000, 검증필요리스크=0.000",순위 18단계 하락 / 최종점수 -0.001 / 성장성 +0.000
1012,996,UCc__HbmQYkWOMWOQeofrLNw,복부인,음악·보이스형,ASMR보이스,32400.0,4158.0,9.149130832570906e-05,0.5439378734793248,0.6769168466522677,0.4411202400278671,0.0053995680345572,0.9354306336028037,1.0,보류,False,,라이브친화도 상위권 / 실전성 리스크 낮음 / 성장성 신뢰도 양호,주요 자동 리스크 낮음,"최종=0.544, 채널력=0.677, 성장성=0.441, 팬밀도=0.005, 라이브=0.935, 실전성=1.000, 운영제외리스크=0.000, 검증필요리스크=0.000",순위 41단계 하락 / 최종점수 -0.004 / 성장성 +0.000
1013,997,UC-iNDsdMupB0XxlYD267_PA,빨내야덕후 중딩오빠,음악·보이스형,애니송커버,1310.0,279.4,0.1168575995381946,0.5435652949356985,0.1836393088552916,0.3813110956294181,0.9703023758099352,0.4203721168874098,0.99104,보류,False,,팬밀도 상위권 / 성장성 신뢰도 양호,주요 자동 리스크 낮음,"최종=0.544, 채널력=0.184, 성장성=0.381, 팬밀도=0.970, 라이브=0.420, 실전성=0.991, 운영제외리스크=0.000, 검증필요리스크=0.112",순위 18단계 하락 / 최종점수 -0.001 / 성장성 +0.000
1014,998,UC3oYGumF61S9gpggUfql5NQ,학이,음악·보이스형,애니송커버,3600.0,399.5,0.048843382681057,0.5435416555607818,0.1784422246220302,0.5367679759858945,0.7775377969762419,0.4203721168874098,0.99104,보류,False,,성장성 신뢰도 양호,주요 자동 리스크 낮음,"최종=0.544, 채널력=0.178, 성장성=0.537, 팬밀도=0.778, 라이브=0.420, 실전성=0.991, 운영제외리스크=0.000, 검증필요리스크=0.112",순위 124단계 상승 / 최종점수 +0.015 / 성장성 +0.000
1015,999,UCrnTU-TguVhw7V3eYFxM5Hw,진레나,버츄얼 퍼포먼스형,버튜버,2360.0,1018.3,0.0079807129478311,0.5430585726307526,0.3886879049676025,0.6323840731674121,0.0863930885529157,0.8764880904624213,1.0,보류,False,,성장성 상위권 / 라이브친화도 상위권 / 실전성 리스크 낮음 / 성장성 신뢰도 양호,주요 자동 리스크 낮음,"최종=0.543, 채널력=0.389, 성장성=0.632, 팬밀도=0.086, 라이브=0.876, 실전성=1.000, 운영제외리스크=0.000, 검증필요리스크=0.000",순위 19단계 하락 / 최종점수 -0.001 / 성장성 +0.000
1016,1000,UC1A4P93_m7d9vhzSG0_2XZg,깜이슈,,음악기타,13600.0,47950.4,0.0174668381752504,0.542924419928106,0.7492980561555076,0.4576865636291453,0.2958963282937365,0.4203721168874098,0.99272,보류,False,,성장성 신뢰도 양호,상위 세그먼트 불명확,"최종=0.543, 채널력=0.749, 성장성=0.458, 팬밀도=0.296, 라이브=0.420, 실전성=0.993, 운영제외리스크=0.000, 검증필요리스크=0.091",순위 61단계 상승 / 최종점수 +0.007 / 성장성 -0.000
1017,1001,UCt7MLsVJjbin8ko_Bwjqtow,xOz6고대고래,창작·비주얼형,코스프레,9560.0,6853.3,0.0135459433903197,0.5429172139807853,0.5272003239740821,0.4612572435611924,0.2003239740820734,0.8247322680753149,1.0,보류,False,,라이브친화도 상위권 / 실전성 리스크 낮음 / 성장성 신뢰도 양호,주요 자동 리스크 낮음,"최종=0.543, 채널력=0.527, 성장성=0.461, 팬밀도=0.200, 라이브=0.825, 실전성=1.000, 운영제외리스크=0.000, 검증필요리스크=0.000",순위 216단계 상승 / 최종점수 +0.026 / 성장성 +0.000
1018,1002,UCkBJCmryBqztp0qNCImqDuA,광석병 걸린 원석충,,서브컬쳐게임,2440.0,4598.3,0.0287855689781455,0.5427050502808654,0.5120950323974082,0.5033724187149805,0.5199784017278618,0.4203721168874098,0.98376,보류,False,,뚜렷한 강점 신호 부족,상위 세그먼트 불명확,"최종=0.543, 채널력=0.512, 성장성=0.503, 팬밀도=0.520, 라이브=0.420, 실전성=0.984, 운영제외리스크=0.000, 검증필요리스크=0.203",순위 15단계 하락 / 최종점수 -0.001 / 성장성 +0.001
1019,1003,UCGZc0-gh8OgaEOLgHx9etCA,딜사이트,게임 실황형,마인크래프트,17800.0,126.5,0.0663554957923229,0.5426210803455722,0.179981101511879,0.5,0.8812095032397408,0.3960583153347732,0.98208,보류,False,,팬밀도 상위권,수집 영상 수 부족,"최종=0.543, 채널력=0.180, 성장성=0.500, 팬밀도=0.881, 라이브=0.396, 실전성=0.982, 운영제외리스크=0.000, 검증필요리스크=0.224",순위 521단계 상승 / 최종점수 +0.071
1020,1004,UC9bg8cZ7e_B47et-8fN-heg,소뮤,버츄얼 퍼포먼스형,버튜버,2990.0,1589.0,0.0354254249491175,0.5425893750932248,0.2108666306695463,0.48224729597603,0.6393088552915767,0.738474168723263,0.98208,보류,False,,라이브친화도 상위권,수집 영상 수 부족,"최종=0.543, 채널력=0.211, 성장성=0.482, 팬밀도=0.639, 라이브=0.738, 실전성=0.982, 운영제외리스크=0.000, 검증필요리스크=0.224",순위 10단계 하락 / 최종점수 -0.000 / 성장성 +0.000
1021,1005,UCVkgG-LPrECsm43katWqpRw,이퓨,음악·보이스형,애니송커버,24400.0,3514.8,0.0379934059350873,0.5424784150638795,0.4693574514038877,0.435884533898305,0.6727861771058316,0.3960583153347732,0.98208,보류,False,,뚜렷한 강점 신호 부족,주요 자동 리스크 낮음,"최종=0.542, 채널력=0.469, 성장성=0.436, 팬밀도=0.673, 라이브=0.396, 실전성=0.982, 운영제외리스크=0.000, 검증필요리스크=0.224",순위 14단계 하락 / 최종점수 -0.000 / 성장성 -0.000
1022,1007,UC60HSePkZwGFzRj6VSDa6Ew,박서림,게임 실황형,명조,82200.0,13302.7,0.0212291149280931,0.5422007412101401,0.4860286177105831,0.3651605429716494,0.3752699784017279,0.9381313202224656,0.98208,보류,False,,라이브친화도 상위권 / 성장성 신뢰도 양호,수집 영상 수 부족,"최종=0.542, 채널력=0.486, 성장성=0.365, 팬밀도=0.375, 라이브=0.938, 실전성=0.982, 운영제외리스크=0.000, 검증필요리스크=0.224",순위 5단계 하락 / 최종점수 -0.000 / 성장성 +0.000
1023,1008,UCeB_ZeSo0xDL62wWlkTEtjA,숫여우,,게임기타,42500.0,15829.1,0.0123435523366447,0.542030007352825,0.7170626349892009,0.5761252166501648,0.1733261339092872,0.4203721168874098,0.99272,보류,False,,성장성 상위권 / 성장성 신뢰도 양호,상위 세그먼트 불명확,"최종=0.542, 채널력=0.717, 성장성=0.576, 팬밀도=0.173, 라이브=0.420, 실전성=0.993, 운영제외리스크=0.000, 검증필요리스크=0.091",순위 15단계 하락 / 최종점수 -0.001 / 성장성 +0.001
1024,1009,UCUo6Ky2SZ1O3eSSjXHFIUaw,방구석 에일리,창작·비주얼형,일러스트리깅,2030.0,836.7,0.0505113266086263,0.5420290514518837,0.2166981641468682,0.4919740412248654,0.7894168466522679,0.4203721168874098,0.99104,보류,False,,뚜렷한 강점 신호 부족,주요 자동 리스크 낮음,"최종=0.542, 채널력=0.217, 성장성=0.492, 팬밀도=0.789, 라이브=0.420, 실전성=0.991, 운영제외리스크=0.000, 검증필요리스크=0.112",순위 25단계 하락 / 최종점수 -0.002 / 성장성 +0.000
1025,1010,UCMAOtUtK0ORY-sXav3NnAZQ,민쿠림,버츄얼 퍼포먼스형,버튜버,1260.0,1238.0,0.0223760409989319,0.5419660104453838,0.2864065874730021,0.5522702399990644,0.4001079913606911,0.7086475726815555,1.0,보류,False,,라이브친화도 상위권 / 실전성 리스크 낮음 / 성장성 신뢰도 양호,주요 자동 리스크 낮음,"최종=0.542, 채널력=0.286, 성장성=0.552, 팬밀도=0.400, 라이브=0.709, 실전성=1.000, 운영제외리스크=0.000, 검증필요리스크=0.000",순위 6단계 하락 / 최종점수 -0.000 / 성장성 -0.000
1026,1011,UCOMhpJThG8Ma8yQpTpf-kGA,현오 HyunO,음악·보이스형,ASMR보이스,872000.0,132404.7,0.017256336871065,0.5418050182199009,0.8507559395248381,0.3956871329680924,0.2899568034557235,0.4203721168874098,0.9,보류,False,,성장성 신뢰도 양호,주요 자동 리스크 낮음,"최종=0.542, 채널력=0.851, 성장성=0.396, 팬밀도=0.290, 라이브=0.420, 실전성=0.900, 운영제외리스크=0.000, 검증필요리스크=0.000",순위 3단계 상승 / 최종점수 +0.001 / 성장성 +0.000
1027,1014,UCzNWQmKUHlhsyQQz3N1hMvw,히루히루 HeeRu,음악·보이스형,ASMR,130000.0,68693.5,0.0258431233516262,0.5415675587789779,0.5851376889848813,0.5272844677324605,0.4659827213822894,0.4203721168874098,0.97312,보류,False,,뚜렷한 강점 신호 부족,수집 영상 수 부족,"최종=0.542, 채널력=0.585, 성장성=0.527, 팬밀도=0.466, 라이브=0.420, 실전성=0.973, 운영제외리스크=0.000, 검증필요리스크=0.336",순위 31단계 하락 / 최종점수 -0.002 / 성장성 +0.000
1028,1015,UCHH9-LD2CseEkitqik82AQA,적쌤,게임 실황형,명조,38300.0,19658.0,0.0203350622287062,0.5414292335725148,0.7288606911447084,0.3910840915322717,0.3569114470842333,0.4203721168874098,1.0,보류,False,,실전성 리스크 낮음 / 성장성 신뢰도 양호,주요 자동 리스크 낮음,"최종=0.541, 채널력=0.729, 성장성=0.391, 팬밀도=0.357, 라이브=0.420, 실전성=1.000, 운영제외리스크=0.000, 검증필요리스크=0.000",순위 16단계 하락 / 최종점수 -0.001 / 성장성 -0.000
1029,1016,UChrm7BMwl5Awcjs0xLW0kBw,스페이드 에이스 Spade ACE,음악·보이스형,보컬로이드JPOP커버,6150.0,6650.8,0.0390542161363642,0.5413411952483801,0.3987446004319654,0.5,0.6911447084233261,0.3960583153347732,0.97536,보류,False,,뚜렷한 강점 신호 부족,성장성 신뢰도 낮음,"최종=0.541, 채널력=0.399, 성장성=0.500, 팬밀도=0.691, 라이브=0.396, 실전성=0.975, 운영제외리스크=0.000, 검증필요리스크=0.308",순위 9단계 하락 / 최종점수 -0.000
1030,1017,UCPFTsxpxbSTywRCkX_9wC4Q,TLBK탈박 ASMR,음악·보이스형,ASMR보이스,2910.0,1317.3,0.034572470035343,0.5413004984881209,0.420572354211663,0.5,0.6231101511879049,0.3960583153347732,0.98432,보류,False,,뚜렷한 강점 신호 부족,성장성 신뢰도 낮음,"최종=0.541, 채널력=0.421, 성장성=0.500, 팬밀도=0.623, 라이브=0.396, 실전성=0.984, 운영제외리스크=0.000, 검증필요리스크=0.196",순위 17단계 하락 / 최종점수 -0.001
1031,1018,UCApIeu6f6dVYBXB9CmpYD5Q,레아무 Leamu,게임 실황형,원신,1420.0,4116.2,0.0490529092479597,0.5412503579455106,0.2437769978401727,0.5125618019973838,0.7786177105831533,0.4203721168874098,0.98208,보류,False,,성장성 신뢰도 양호,수집 영상 수 부족,"최종=0.541, 채널력=0.244, 성장성=0.513, 팬밀도=0.779, 라이브=0.420, 실전성=0.982, 운영제외리스크=0.000, 검증필요리스크=0.224",순위 142단계 상승 / 최종점수 +0.017 / 성장성 +0.000
1032,1019,UCTcDM_VA0Q0xXpT3M7FgLQQ,브랜댕,버츄얼 퍼포먼스형,버튜버,3560.0,273952.3,0.0099524432107484,0.541172543886937,0.6753374730021597,0.6171950732939003,0.1214902807775377,0.4203721168874098,1.0,보류,False,,성장성 상위권 / 실전성 리스크 낮음 / 성장성 신뢰도 양호,주요 자동 리스크 낮음,"최종=0.541, 채널력=0.675, 성장성=0.617, 팬밀도=0.121, 라이브=0.420, 실전성=1.000, 운영제외리스크=0.000, 검증필요리스크=0.000",순위 21단계 하락 / 최종점수 -0.001 / 성장성 +0.000
1033,1023,UCO1hZgFszzKhVAnVD6EK8Ng,러브,음악·보이스형,애니송커버,1150.0,12272.2,0.027522161243792,0.5402432630669546,0.5426565874730022,0.5,0.4962203023758099,0.3960583153347732,0.98432,보류,False,,뚜렷한 강점 신호 부족,성장성 신뢰도 낮음,"최종=0.540, 채널력=0.543, 성장성=0.500, 팬밀도=0.496, 라이브=0.396, 실전성=0.984, 운영제외리스크=0.000, 검증필요리스크=0.196",순위 22단계 하락 / 최종점수 -0.002
1034,1024,UCW8IoEU5G43l4uk54g9b4hg,정둘부부,음악·보이스형,보컬로이드JPOP커버,30900.0,95434.2,0.0202250907256235,0.5401305152494889,0.6532532397408207,0.4845571771265249,0.3536717062634989,0.4203721168874098,0.99104,보류,False,,성장성 신뢰도 양호,주요 자동 리스크 낮음,"최종=0.540, 채널력=0.653, 성장성=0.485, 팬밀도=0.354, 라이브=0.420, 실전성=0.991, 운영제외리스크=0.000, 검증필요리스크=0.112",순위 16단계 하락 / 최종점수 -0.002 / 성장성 +0.000
1035,1025,UCdDsZ4aVcVt68oaypo3Revw,랑이오빠,창작·비주얼형,일러스트리깅,5400.0,872.2,0.0258221631340002,0.539995629005966,0.4163336933045356,0.4164741468617172,0.4654427645788337,0.662613647668959,1.0,보류,False,,라이브친화도 상위권 / 실전성 리스크 낮음 / 성장성 신뢰도 양호,주요 자동 리스크 낮음,"최종=0.540, 채널력=0.416, 성장성=0.416, 팬밀도=0.465, 라이브=0.663, 실전성=1.000, 운영제외리스크=0.000, 검증필요리스크=0.000",순위 184단계 상승 / 최종점수 +0.022 / 성장성 -0.000
1036,1027,UCQdIvK94nuT5qfxT8HbRTzg,일본노래 명곡 판독로봇,음악·보이스형,애니송커버,17300.0,1952.6,0.0226428494703659,0.5397567074764007,0.5249460043196543,0.5062983033303217,0.4065874730021598,0.4203721168874098,1.0,보류,False,,실전성 리스크 낮음 / 성장성 신뢰도 양호,주요 자동 리스크 낮음,"최종=0.540, 채널력=0.525, 성장성=0.506, 팬밀도=0.407, 라이브=0.420, 실전성=1.000, 운영제외리스크=0.000, 검증필요리스크=0.000",순위 15단계 하락 / 최종점수 -0.001 / 성장성 -0.000
1037,1028,UCSZ-na9SBI1amImOgKDB5yg,ʚི숩쵸ɞྀ,음악·보이스형,애니송커버,2050.0,11943.7,0.0394676968320975,0.5396541710034044,0.4333018358531318,0.435884533898305,0.6960043196544277,0.3960583153347732,0.98208,보류,False,,뚜렷한 강점 신호 부족,주요 자동 리스크 낮음,"최종=0.540, 채널력=0.433, 성장성=0.436, 팬밀도=0.696, 라이브=0.396, 실전성=0.982, 운영제외리스크=0.000, 검증필요리스크=0.224",순위 9단계 하락 / 최종점수 -0.000 / 성장성 -0.000
1038,1029,UCkL84edpNrmASTmaTPuCMAw,Wooang 우앙,음악·보이스형,ASMR,675000.0,53516.7,0.0287393140011405,0.5393766193370743,0.590726241900648,0.4837605757114686,0.5188984881209503,0.4203721168874098,0.88208,보류,False,,성장성 신뢰도 양호,수집 영상 수 부족,"최종=0.539, 채널력=0.591, 성장성=0.484, 팬밀도=0.519, 라이브=0.420, 실전성=0.882, 운영제외리스크=0.000, 검증필요리스크=0.224",순위 122단계 상승 / 최종점수 +0.014 / 성장성 +0.000
1039,1031,UCFx_QGHZwUbSYB1bWls2Hgg,중증연대,음악·보이스형,보컬로이드JPOP커버,1350.0,1611.7,0.0584171347273945,0.539067334191163,0.2452078833693304,0.4928760593220339,0.8434125269978402,0.3960583153347732,0.97536,보류,False,,팬밀도 상위권,성장성 신뢰도 낮음,"최종=0.539, 채널력=0.245, 성장성=0.493, 팬밀도=0.843, 라이브=0.396, 실전성=0.975, 운영제외리스크=0.000, 검증필요리스크=0.308",순위 10단계 하락 / 최종점수 -0.001 / 성장성 -0.000
1040,1032,UCtI5qgSjXhQCSWkb4f9c3GA,머어엉,음악·보이스형,애니송커버,222000.0,62104.2,0.0189609561134073,0.5390487909938873,0.667616090712743,0.5474988139243556,0.3315334773218142,0.3070734541831007,0.99104,보류,False,,성장성 신뢰도 양호,주요 자동 리스크 낮음,"최종=0.539, 채널력=0.668, 성장성=0.547, 팬밀도=0.332, 라이브=0.307, 실전성=0.991, 운영제외리스크=0.000, 검증필요리스크=0.112",순위 102단계 상승 / 최종점수 +0.011 / 성장성 -0.000
1041,1033,UC5tFmE4Z5X2sAtp4tNkjOfA,뷰티포인트 [ASMR],음악·보이스형,ASMR보이스,1200000.0,8427.6,0.0217835072646005,0.5386128260162665,0.6230696544276458,0.4868174940427395,0.3871490280777537,0.4203721168874098,0.9,보류,False,,성장성 신뢰도 양호,주요 자동 리스크 낮음,"최종=0.539, 채널력=0.623, 성장성=0.487, 팬밀도=0.387, 라이브=0.420, 실전성=0.900, 운영제외리스크=0.000, 검증필요리스크=0.000",순위 4단계 상승 / 최종점수 +0.000 / 성장성 +0.000
1042,1034,UCU3UF4OvFYm3nn_ENZ090mA,여우공주YeouGongju,버츄얼 퍼포먼스형,버튜버,2400.0,2894.6,0.0537868536938051,0.5385936535667953,0.2456398488120949,0.477427552326409,0.8093952483801296,0.4203721168874098,0.98208,보류,False,,팬밀도 상위권 / 성장성 신뢰도 양호,수집 영상 수 부족,"최종=0.539, 채널력=0.246, 성장성=0.477, 팬밀도=0.809, 라이브=0.420, 실전성=0.982, 운영제외리스크=0.000, 검증필요리스크=0.224",순위 52단계 하락 / 최종점수 -0.005 / 성장성 -0.000
1043,1035,UC8cbz-L_-rMfCLqSZJWXXZg,리찌군,게임 실황형,발로란트,5250.0,2423.0,0.0195976351005422,0.5385612261435507,0.5961123110151187,0.4974468079808191,0.3412526997840173,0.4203721168874098,1.0,보류,False,,실전성 리스크 낮음 / 성장성 신뢰도 양호,주요 자동 리스크 낮음,"최종=0.539, 채널력=0.596, 성장성=0.497, 팬밀도=0.341, 라이브=0.420, 실전성=1.000, 운영제외리스크=0.000, 검증필요리스크=0.000",순위 13단계 하락 / 최종점수 -0.001 / 성장성 -0.000
1044,1036,UCYXsYRwyRPLrT6TFsEfQIvQ,바이빈 매거진 Vibin’ magazine,음악·보이스형,애니송커버,2570.0,14351.7,0.0115320125691219,0.5384724294035499,0.6079913606911447,0.6350115033632595,0.1538876889848812,0.4203721168874098,1.0,보류,False,,성장성 상위권 / 실전성 리스크 낮음 / 성장성 신뢰도 양호,주요 자동 리스크 낮음,"최종=0.538, 채널력=0.608, 성장성=0.635, 팬밀도=0.154, 라이브=0.420, 실전성=1.000, 운영제외리스크=0.000, 검증필요리스크=0.000",순위 10단계 하락 / 최종점수 -0.001 / 성장성 +0.000
1045,1037,UCbrQJrlbgqcUXjPH2Rb3U0w,입천장,음악·보이스형,애니송커버,3420.0,25551.5,0.0253615907602313,0.5384368976656242,0.5839497840172787,0.4161934210224727,0.4562634989200864,0.4203721168874098,1.0,보류,False,,실전성 리스크 낮음 / 성장성 신뢰도 양호,주요 자동 리스크 낮음,"최종=0.538, 채널력=0.584, 성장성=0.416, 팬밀도=0.456, 라이브=0.420, 실전성=1.000, 운영제외리스크=0.000, 검증필요리스크=0.000",순위 21단계 하락 / 최종점수 -0.002 / 성장성 +0.000
1046,1038,UC18L05d8mtdUefOSIGI2_xg,니꺼asmr,음악·보이스형,ASMR보이스,8000.0,910.1,0.0337023360339837,0.5384029873229125,0.4337473002159827,0.4928760593220339,0.6058315334773218,0.3960583153347732,0.98432,보류,False,,뚜렷한 강점 신호 부족,성장성 신뢰도 낮음,"최종=0.538, 채널력=0.434, 성장성=0.493, 팬밀도=0.606, 라이브=0.396, 실전성=0.984, 운영제외리스크=0.000, 검증필요리스크=0.196",순위 21단계 하락 / 최종점수 -0.002 / 성장성 -0.000
1047,1039,UCzO-u5WyU5996ztpPo7DX3A,로젠젠 에린채널,,서브컬쳐게임,9650.0,1696.9,0.026308024102228,0.5383735800180277,0.4946544276457883,0.3875309798770375,0.4767818574514039,0.6291688195404992,0.99272,보류,False,,성장성 신뢰도 양호,상위 세그먼트 불명확,"최종=0.538, 채널력=0.495, 성장성=0.388, 팬밀도=0.477, 라이브=0.629, 실전성=0.993, 운영제외리스크=0.000, 검증필요리스크=0.091",순위 14단계 하락 / 최종점수 -0.001 / 성장성 +0.001
1048,1043,UCgZ6M15esfiG4KsTnA7gLvQ,알리나 말리나 asmr,음악·보이스형,ASMR,1220.0,3546.5,0.0527148817183003,0.5379607647638379,0.2198299136069114,0.5005374912667877,0.8029157667386609,0.4203721168874098,0.98208,보류,False,,팬밀도 상위권,수집 영상 수 부족,"최종=0.538, 채널력=0.220, 성장성=0.501, 팬밀도=0.803, 라이브=0.420, 실전성=0.982, 운영제외리스크=0.000, 검증필요리스크=0.224",순위 7단계 하락 / 최종점수 -0.000 / 성장성 -0.000
1049,1044,UCdl7fNJrwfvQOB2u9Fw48dQ,고뚜기,음악·보이스형,성우더빙,19000.0,15192.8,0.0382000602808093,0.5374934270865532,0.4669411447084233,0.4048330223946589,0.6754859611231101,0.4203721168874098,0.98208,보류,False,,성장성 신뢰도 양호,수집 영상 수 부족,"최종=0.537, 채널력=0.467, 성장성=0.405, 팬밀도=0.675, 라이브=0.420, 실전성=0.982, 운영제외리스크=0.000, 검증필요리스크=0.224",순위 4단계 하락 / 최종점수 -0.001 / 성장성 +0.000
1050,1046,UCsImxCVdo-vfqcdTPv_OKew,레율님 Leyulnim,버츄얼 퍼포먼스형,버튜버,4570.0,62242.9,0.0246592459617029,0.5373011551440124,0.4914821814254859,0.57111062259987,0.4384449244060475,0.4203721168874098,0.98208,보류,False,,성장성 상위권 / 성장성 신뢰도 양호,수집 영상 수 부족,"최종=0.537, 채널력=0.491, 성장성=0.571, 팬밀도=0.438, 라이브=0.420, 실전성=0.982, 운영제외리스크=0.000, 검증필요리스크=0.224",순위 23단계 하락 / 최종점수 -0.002 / 성장성 +0.000
1051,1047,UCQO4eMaEIftrnD6UhtYeOSQ,더베이스레슨,음악·보이스형,애니송커버,18600.0,3658.0,0.014712818725378,0.5369838927600523,0.5791306695464363,0.5912793029163342,0.2316414686825054,0.4203721168874098,1.0,보류,False,,성장성 상위권 / 실전성 리스크 낮음 / 성장성 신뢰도 양호,주요 자동 리스크 낮음,"최종=0.537, 채널력=0.579, 성장성=0.591, 팬밀도=0.232, 라이브=0.420, 실전성=1.000, 운영제외리스크=0.000, 검증필요리스크=0.000",순위 15단계 상승 / 최종점수 +0.001 / 성장성 -0.000
1052,1048,UCA_E94xqEFIrROPx5TKMPoA,무지개색 곰[nizi_kuma],음악·보이스형,ASMR보이스,2830.0,3775.5,0.0387113848883386,0.5366766754438629,0.3914686825053995,0.4928760593220339,0.6862850971922246,0.3960583153347732,0.97536,보류,False,,뚜렷한 강점 신호 부족,성장성 신뢰도 낮음,"최종=0.537, 채널력=0.391, 성장성=0.493, 팬밀도=0.686, 라이브=0.396, 실전성=0.975, 운영제외리스크=0.000, 검증필요리스크=0.308",순위 5단계 상승 / 최종점수 +0.000 / 성장성 -0.000
1053,1049,UCQCY7fYMnqdlOVIc9LvVrXQ,세인씨,버츄얼 퍼포먼스형,버튜버,27000.0,59608.9,0.0249422792780406,0.5366060071883649,0.6327078833693305,0.4172623820609561,0.4438444924406047,0.4203721168874098,0.99104,보류,False,,성장성 신뢰도 양호,주요 자동 리스크 낮음,"최종=0.537, 채널력=0.633, 성장성=0.417, 팬밀도=0.444, 라이브=0.420, 실전성=0.991, 운영제외리스크=0.000, 검증필요리스크=0.112",순위 17단계 하락 / 최종점수 -0.002 / 성장성 -0.001
1054,1050,UCYB71lKXF9Isvpqvy74Bfcg,그린 Grin,음악·보이스형,애니송커버,5190.0,1538.7,0.0352482154885187,0.5364568159827213,0.3845167386609071,0.5,0.6371490280777538,0.3960583153347732,0.98432,보류,False,,뚜렷한 강점 신호 부족,성장성 신뢰도 낮음,"최종=0.536, 채널력=0.385, 성장성=0.500, 팬밀도=0.637, 라이브=0.396, 실전성=0.984, 운영제외리스크=0.000, 검증필요리스크=0.196",순위 4단계 하락 / 최종점수 -0.001
1055,1051,UC0jjUtqrx6GqNEGPxtUADJQ,럽싴,음악·보이스형,보컬로이드JPOP커버,1510.0,32969.9,0.0220722320790422,0.5363825719222463,0.6287796976241901,0.5,0.392548596112311,0.3960583153347732,0.98432,보류,False,,뚜렷한 강점 신호 부족,성장성 신뢰도 낮음,"최종=0.536, 채널력=0.629, 성장성=0.500, 팬밀도=0.393, 라이브=0.396, 실전성=0.984, 운영제외리스크=0.000, 검증필요리스크=0.196",순위 1단계 하락 / 최종점수 -0.001
1056,1054,UC959_K0KCTIW-9lsReM71Qw,다경씨,음악·보이스형,ASMR,3170.0,3083.0,0.0054769650017524,0.5361234287281221,0.557937365010799,0.7474066953354671,0.0502159827213822,0.4203721168874098,1.0,보류,False,,성장성 상위권 / 실전성 리스크 낮음 / 성장성 신뢰도 양호,주요 자동 리스크 낮음,"최종=0.536, 채널력=0.558, 성장성=0.747, 팬밀도=0.050, 라이브=0.420, 실전성=1.000, 운영제외리스크=0.000, 검증필요리스크=0.000",최종점수 -0.000 / 성장성 -0.000
1057,1055,UCb8PSxxHS13dQXo87vjvyAg,크리누키,버츄얼 퍼포먼스형,버튜버,1160.0,1444.7,0.0583688057750373,0.5361025343412528,0.2232046436285097,0.5,0.8428725701943844,0.3960583153347732,0.97536,보류,False,,팬밀도 상위권,성장성 신뢰도 낮음,"최종=0.536, 채널력=0.223, 성장성=0.500, 팬밀도=0.843, 라이브=0.396, 실전성=0.975, 운영제외리스크=0.000, 검증필요리스크=0.308",순위 11단계 상승 / 최종점수 +0.001
1058,1056,UCPbFt0ir9Yrp5lCzm-Ei7rw,로주 RhoJu,음악·보이스형,ASMR보이스,41400.0,12708.2,0.0185091901555605,0.5359014704103672,0.699487041036717,0.5,0.3196544276457883,0.3960583153347732,0.98432,보류,False,,뚜렷한 강점 신호 부족,성장성 신뢰도 낮음,"최종=0.536, 채널력=0.699, 성장성=0.500, 팬밀도=0.320, 라이브=0.396, 실전성=0.984, 운영제외리스크=0.000, 검증필요리스크=0.196",순위 13단계 하락 / 최종점수 -0.002
1059,1057,UCX_ryBE5wvscvHZPAZCa8lQ,Yume Ch. 유메,음악·보이스형,커버,2300.0,9062.3,0.025687480282601,0.5357242616209686,0.5641198704103672,0.4928760593220339,0.4632829373650108,0.3960583153347732,0.98432,보류,False,,뚜렷한 강점 신호 부족,성장성 신뢰도 낮음,"최종=0.536, 채널력=0.564, 성장성=0.493, 팬밀도=0.463, 라이브=0.396, 실전성=0.984, 운영제외리스크=0.000, 검증필요리스크=0.196",순위 15단계 하락 / 최종점수 -0.002 / 성장성 -0.000
1060,1058,UC7uEw7E1-NBpJwE5L2Amoyg,코시,버츄얼 퍼포먼스형,버튜버,94800.0,11207.8,0.0299775707388028,0.5357224047516199,0.5179130669546437,0.5,0.5464362850971922,0.3960583153347732,0.97536,보류,False,,뚜렷한 강점 신호 부족,성장성 신뢰도 낮음,"최종=0.536, 채널력=0.518, 성장성=0.500, 팬밀도=0.546, 라이브=0.396, 실전성=0.975, 운영제외리스크=0.000, 검증필요리스크=0.308",순위 9단계 하락 / 최종점수 -0.001
1061,1059,UChjm1-S_vHhOz6Vi52GhAnQ,유쏭's 코스프레 Ussong's cosplay,창작·비주얼형,코스프레,171000.0,7376.0,0.0140552237378846,0.5354648328293737,0.7715172786177106,0.5,0.2111231101511879,0.3960583153347732,0.99104,보류,False,,뚜렷한 강점 신호 부족,주요 자동 리스크 낮음,"최종=0.535, 채널력=0.772, 성장성=0.500, 팬밀도=0.211, 라이브=0.396, 실전성=0.991, 운영제외리스크=0.000, 검증필요리스크=0.112",순위 9단계 상승 / 최종점수 +0.000
1062,1060,UCNAhP1MqdIi7nfrpFOpxxmw,신즈,음악·보이스형,성우,1180.0,670.2,0.0692452775829537,0.535286310351397,0.0903482721382288,0.5227199010711681,0.8920086393088553,0.4203721168874098,0.98208,보류,False,,팬밀도 상위권 / 성장성 신뢰도 양호,수집 영상 수 부족,"최종=0.535, 채널력=0.090, 성장성=0.523, 팬밀도=0.892, 라이브=0.420, 실전성=0.982, 운영제외리스크=0.000, 검증필요리스크=0.224",최종점수 -0.001 / 성장성 +0.000
1063,1061,UCXGqszVWM_wdYD8R2xN24aA,기간제 친구 kikan,음악·보이스형,애니송커버,1380.0,5474.8,0.0325386524219579,0.5350573853848277,0.305494060475162,0.5542801860177768,0.5896328293736501,0.4203721168874098,0.99104,보류,False,,성장성 신뢰도 양호,주요 자동 리스크 낮음,"최종=0.535, 채널력=0.305, 성장성=0.554, 팬밀도=0.590, 라이브=0.420, 실전성=0.991, 운영제외리스크=0.000, 검증필요리스크=0.112",순위 12단계 상승 / 최종점수 -0.000 / 성장성 +0.000
1064,1062,UCieAFvldE-OL-qrkmVa0CTA,나붕이,,서브컬쳐게임,12200.0,81543.2,0.0219291481568099,0.5350544792202909,0.6201808855291576,0.4925205257726329,0.3909287257019438,0.4203721168874098,0.98376,보류,False,,성장성 신뢰도 양호,상위 세그먼트 불명확,"최종=0.535, 채널력=0.620, 성장성=0.493, 팬밀도=0.391, 라이브=0.420, 실전성=0.984, 운영제외리스크=0.000, 검증필요리스크=0.203",순위 207단계 상승 / 최종점수 +0.024 / 성장성 +0.001
1065,1063,UCDZsaM_pJXUfbS2heNb7tsQ,김붕붕,게임 실황형,니케,7230.0,7419.3,0.021426055270985,0.5349011324305053,0.6013498920086393,0.4509864300948267,0.3785097192224622,0.4203721168874098,1.0,보류,False,,실전성 리스크 낮음 / 성장성 신뢰도 양호,주요 자동 리스크 낮음,"최종=0.535, 채널력=0.601, 성장성=0.451, 팬밀도=0.379, 라이브=0.420, 실전성=1.000, 운영제외리스크=0.000, 검증필요리스크=0.000",순위 8단계 하락 / 최종점수 -0.001 / 성장성 -0.000
1066,1064,UCihIbXIa9Gzcq4D7jOAYf9Q,견환,,서브컬쳐게임,4380.0,84862.6,0.0205430405722778,0.5348629758414498,0.6152267818574515,0.519911446287879,0.3601511879049676,0.4203721168874098,0.98376,보류,False,,성장성 신뢰도 양호,상위 세그먼트 불명확,"최종=0.535, 채널력=0.615, 성장성=0.520, 팬밀도=0.360, 라이브=0.420, 실전성=0.984, 운영제외리스크=0.000, 검증필요리스크=0.203",순위 3단계 상승 / 최종점수 -0.001 / 성장성 +0.001
1067,1066,UChujA7UWSFYp-ytM0n-ODoA,에이트 ATE,,서브컬쳐게임,371000.0,25862.7,0.015422127756777,0.5345078236985309,0.7760799136069114,0.490347130936356,0.2483801295896328,0.4203721168874098,0.89272,보류,False,,성장성 신뢰도 양호,상위 세그먼트 불명확,"최종=0.535, 채널력=0.776, 성장성=0.490, 팬밀도=0.248, 라이브=0.420, 실전성=0.893, 운영제외리스크=0.000, 검증필요리스크=0.091",순위 15단계 상승 / 최종점수 +0.000 / 성장성 +0.002
1068,1067,UC-nzefjno2ABUpJzNGE3XkQ,별툰,음악·보이스형,ASMR보이스,23900.0,156966.3,0.0166985452254692,0.5344893931772003,0.6259314254859611,0.5456969525085861,0.2775377969762419,0.4203721168874098,0.99104,보류,False,,뚜렷한 강점 신호 부족,주요 자동 리스크 낮음,"최종=0.534, 채널력=0.626, 성장성=0.546, 팬밀도=0.278, 라이브=0.420, 실전성=0.991, 운영제외리스크=0.000, 검증필요리스크=0.112",순위 5단계 상승 / 최종점수 -0.001 / 성장성 +0.000
1069,1068,UCJ89rqQOLp-miemHmlb6WaQ,배하다의_게임하다,음악·보이스형,ASMR보이스,4120.0,2915.7,0.0325200879827322,0.5344730146868251,0.4235556155507559,0.5,0.5890928725701944,0.3960583153347732,0.98432,보류,False,,뚜렷한 강점 신호 부족,성장성 신뢰도 낮음,"최종=0.534, 채널력=0.424, 성장성=0.500, 팬밀도=0.589, 라이브=0.396, 실전성=0.984, 운영제외리스크=0.000, 검증필요리스크=0.196",순위 5단계 하락 / 최종점수 -0.002
1070,1070,UC1dNo0e4h7ZnuZ3w2aajV5g,천네아,,배그,3050.0,1406.7,0.0144354440720607,0.5344432807834979,0.4284557235421166,0.738033929997909,0.2213822894168466,0.4203721168874098,0.99272,보류,False,,성장성 상위권 / 성장성 신뢰도 양호,상위 세그먼트 불명확,"최종=0.534, 채널력=0.428, 성장성=0.738, 팬밀도=0.221, 라이브=0.420, 실전성=0.993, 운영제외리스크=0.000, 검증필요리스크=0.091",순위 9단계 상승 / 최종점수 -0.000 / 성장성 -0.001
1071,1071,UCx31PA6GWxqGQmVPdRPBkuQ,윤바다,버츄얼 퍼포먼스형,버튜버,1140.0,7744.9,0.0261955313788724,0.5344072581980016,0.5907937365010799,0.3845454105819511,0.4713822894168467,0.4203721168874098,1.0,보류,False,,실전성 리스크 낮음 / 성장성 신뢰도 양호,주요 자동 리스크 낮음,"최종=0.534, 채널력=0.591, 성장성=0.385, 팬밀도=0.471, 라이브=0.420, 실전성=1.000, 운영제외리스크=0.000, 검증필요리스크=0.000",순위 38단계 하락 / 최종점수 -0.004 / 성장성 -0.000
1072,1072,UCw4GwIRWrX_HxiTjXg3LGTA,내귀캔,,커버기타,1550.0,9280.7,0.0213049471755785,0.5341823314581777,0.6421976241900647,0.4478258959218268,0.3758099352051836,0.4203721168874098,0.99272,보류,False,,뚜렷한 강점 신호 부족,상위 세그먼트 불명확,"최종=0.534, 채널력=0.642, 성장성=0.448, 팬밀도=0.376, 라이브=0.420, 실전성=0.993, 운영제외리스크=0.000, 검증필요리스크=0.091",순위 1단계 하락 / 최종점수 -0.001 / 성장성 -0.001
1073,1073,UCtnMq-EHLgo_OJqgLaDfSJA,꿀쏭,창작·비주얼형,코스프레,1770.0,55.7,0.0339311880119752,0.5340282647534742,0.2182100431965442,0.563933724645387,0.6139308855291576,0.4203721168874098,1.0,보류,False,,실전성 리스크 낮음 / 성장성 신뢰도 양호,주요 자동 리스크 낮음,"최종=0.534, 채널력=0.218, 성장성=0.564, 팬밀도=0.614, 라이브=0.420, 실전성=1.000, 운영제외리스크=0.000, 검증필요리스크=0.000",순위 28단계 하락 / 최종점수 -0.003 / 성장성 +0.000
1074,1074,UCaBISwID7s6V1nVmOInbSnA,빈나,음악·보이스형,ASMR보이스,54600.0,78657.9,0.0101169903477566,0.5339162742486416,0.8049406047516199,0.4847820229812591,0.1274298056155507,0.4203721168874098,1.0,보류,False,,실전성 리스크 낮음 / 성장성 신뢰도 양호,주요 자동 리스크 낮음,"최종=0.534, 채널력=0.805, 성장성=0.485, 팬밀도=0.127, 라이브=0.420, 실전성=1.000, 운영제외리스크=0.000, 검증필요리스크=0.000",순위 94단계 상승 / 최종점수 +0.010 / 성장성 +0.000
1075,1076,UCWlL0DMfc2dlDhIx1kaGpKg,ASMR Mongsilunnie 몽실언니,음악·보이스형,ASMR,632000.0,226074.1,0.0282530475013846,0.5338184516611316,0.6367305615550756,0.4978317540980661,0.5102591792656588,0.4203721168874098,0.8664000000000001,보류,False,,뚜렷한 강점 신호 부족,수집 영상 수 부족 / 성장성 신뢰도 낮음,"최종=0.534, 채널력=0.637, 성장성=0.498, 팬밀도=0.510, 라이브=0.420, 실전성=0.866, 운영제외리스크=0.000, 검증필요리스크=0.420",순위 12단계 하락 / 최종점수 -0.002 / 성장성 +0.000
1076,1077,UCmx5xpCQ5LM2BKk4HcflFrA,유아라 YUARA,게임 실황형,로블록스,1100.0,2670.4,0.0504651964724493,0.5337979987041037,0.2672651187904968,0.5,0.7883369330453563,0.3960583153347732,0.97536,보류,False,,뚜렷한 강점 신호 부족,성장성 신뢰도 낮음,"최종=0.534, 채널력=0.267, 성장성=0.500, 팬밀도=0.788, 라이브=0.396, 실전성=0.975, 운영제외리스크=0.000, 검증필요리스크=0.308",순위 1단계 하락 / 최종점수 -0.001
1077,1078,UC_VcDwbd8BHckdov3lDY0Tw,샤르,,서브컬쳐게임,1630.0,653.2,0.0238150859735458,0.5337945436161833,0.3395788336933045,0.4813059786531852,0.423866090712743,0.7286492414930728,0.99272,보류,False,,라이브친화도 상위권 / 성장성 신뢰도 양호,상위 세그먼트 불명확,"최종=0.534, 채널력=0.340, 성장성=0.481, 팬밀도=0.424, 라이브=0.729, 실전성=0.993, 운영제외리스크=0.000, 검증필요리스크=0.091",순위 9단계 하락 / 최종점수 -0.001 / 성장성 -0.000
1078,1079,UC-KafR_WOgyxLK_2FBsP8-w,황룡갑,음악·보이스형,애니송커버,441000.0,114675.4,0.0113720061243284,0.5335081313336858,0.8421166306695465,0.4801791213334303,0.1533477321814254,0.4203721168874098,0.9,보류,False,,성장성 신뢰도 양호,주요 자동 리스크 낮음,"최종=0.534, 채널력=0.842, 성장성=0.480, 팬밀도=0.153, 라이브=0.420, 실전성=0.900, 운영제외리스크=0.000, 검증필요리스크=0.000",순위 4단계 상승 / 최종점수 -0.001 / 성장성 +0.000
1079,1082,UC7gDQCxC1wr955ECW6wSOoA,LULUPANG 루루팡,음악·보이스형,ASMR,2290000.0,53811.5,0.0307877778320988,0.5332077559395249,0.59539686825054,0.5,0.562634989200864,0.3960583153347732,0.8664000000000001,보류,False,,뚜렷한 강점 신호 부족,수집 영상 수 부족 / 성장성 신뢰도 낮음,"최종=0.533, 채널력=0.595, 성장성=0.500, 팬밀도=0.563, 라이브=0.396, 실전성=0.866, 운영제외리스크=0.000, 검증필요리스크=0.420",순위 5단계 상승 / 최종점수 -0.000
1080,1083,UCKl9Sxg_H0NSM1rT1cWj4TQ,하렌의 다시보렌,,음악기타,1020.0,52.7,0.0346327543690626,0.5331829442274149,0.255291576673866,0.5518256931461156,0.6258099352051836,0.4203721168874098,0.99272,보류,False,,성장성 신뢰도 양호,상위 세그먼트 불명확,"최종=0.533, 채널력=0.255, 성장성=0.552, 팬밀도=0.626, 라이브=0.420, 실전성=0.993, 운영제외리스크=0.000, 검증필요리스크=0.091",순위 13단계 하락 / 최종점수 -0.002 / 성장성 +0.000
1081,1084,UCl402YYy7RcH7PBI3npmGPQ,두치와뿌꾸,,음악기타,886000.0,54255.0,0.0086726888702399,0.5331221558559109,0.8204103671706263,0.5638424702518986,0.1042116630669546,0.4203721168874098,0.89272,보류,False,,성장성 신뢰도 양호,상위 세그먼트 불명확,"최종=0.533, 채널력=0.820, 성장성=0.564, 팬밀도=0.104, 라이브=0.420, 실전성=0.893, 운영제외리스크=0.000, 검증필요리스크=0.091",순위 15단계 상승 / 최종점수 +0.002 / 성장성 +0.001
1082,1085,UCTQp_xm7ol6oLO8TM7v15wQ,레비안,음악·보이스형,애니송커버,1530.0,467.3,0.0420533737720107,0.5328683590526928,0.2447219222462202,0.4532615837979493,0.7230021598272138,0.4203721168874098,1.0,보류,False,,실전성 리스크 낮음 / 성장성 신뢰도 양호,주요 자동 리스크 낮음,"최종=0.533, 채널력=0.245, 성장성=0.453, 팬밀도=0.723, 라이브=0.420, 실전성=1.000, 운영제외리스크=0.000, 검증필요리스크=0.000",순위 3단계 하락 / 최종점수 -0.001 / 성장성 +0.000
1083,1086,UC5VEWKz_Xiy2rgjSAIfQw0Q,장유이,버츄얼 퍼포먼스형,버튜버,5850.0,34030.1,0.0267281406738359,0.5328252954212798,0.5533342332613391,0.434730219548148,0.4838012958963283,0.4203721168874098,0.99104,보류,False,,성장성 신뢰도 양호,주요 자동 리스크 낮음,"최종=0.533, 채널력=0.553, 성장성=0.435, 팬밀도=0.484, 라이브=0.420, 실전성=0.991, 운영제외리스크=0.000, 검증필요리스크=0.112",순위 8단계 하락 / 최종점수 -0.002 / 성장성 -0.000
1084,1087,UCJ7HNL9EbtmXOQqtC2rTfCw,백 투 더 멜로디 Back to the Melody,음악·보이스형,커버,155000.0,42242.0,0.0089108895392302,0.5327216271557278,0.7937095032397408,0.5054614305405071,0.1069114470842332,0.4203721168874098,1.0,보류,False,,실전성 리스크 낮음 / 성장성 신뢰도 양호,주요 자동 리스크 낮음,"최종=0.533, 채널력=0.794, 성장성=0.505, 팬밀도=0.107, 라이브=0.420, 실전성=1.000, 운영제외리스크=0.000, 검증필요리스크=0.000",순위 2단계 하락 / 최종점수 -0.001 / 성장성 -0.000
1085,1088,UC6QobcV0P4WeqoLSZf0-htw,유키로,음악·보이스형,애니송커버,8930.0,181578.2,0.0215754153126528,0.5327080958963284,0.6683585313174946,0.5,0.3822894168466522,0.3960583153347732,0.97536,보류,False,,뚜렷한 강점 신호 부족,성장성 신뢰도 낮음,"최종=0.533, 채널력=0.668, 성장성=0.500, 팬밀도=0.382, 라이브=0.396, 실전성=0.975, 운영제외리스크=0.000, 검증필요리스크=0.308",순위 1단계 상승 / 최종점수 -0.000
1086,1089,UCvPvRBzllrlk8nB-CxkWjGA,25살에 일본유학 갔더니,버츄얼 퍼포먼스형,버튜버,4940.0,16129.0,0.0306249712326465,0.532622949741919,0.5010124190064795,0.4928760593220339,0.5583153347732182,0.3960583153347732,0.97536,보류,False,,뚜렷한 강점 신호 부족,성장성 신뢰도 낮음,"최종=0.533, 채널력=0.501, 성장성=0.493, 팬밀도=0.558, 라이브=0.396, 실전성=0.975, 운영제외리스크=0.000, 검증필요리스크=0.308",순위 3단계 하락 / 최종점수 -0.001 / 성장성 -0.000
1087,1090,UCDN5FKl21fhCTLUFpXDaL_w,일이일오,,서브컬쳐게임,15800.0,13473.6,0.0171248927962945,0.5326120025360866,0.6793736501079913,0.4813123793302797,0.2888768898488121,0.4203721168874098,0.99272,보류,False,,뚜렷한 강점 신호 부족,상위 세그먼트 불명확,"최종=0.533, 채널력=0.679, 성장성=0.481, 팬밀도=0.289, 라이브=0.420, 실전성=0.993, 운영제외리스크=0.000, 검증필요리스크=0.091",최종점수 -0.000 / 성장성 +0.000
1088,1091,UCt13Jqh5IXrQ6_QQGJkn2QA,핫토리 루몽 HARTWELL RUMONG,음악·보이스형,애니송커버,4640.0,1335.4,0.0162204029917596,0.5325826424671846,0.3309665226781857,0.5440662330813023,0.2672786177105831,0.8583664421259376,0.99104,보류,False,,라이브친화도 상위권,주요 자동 리스크 낮음,"최종=0.533, 채널력=0.331, 성장성=0.544, 팬밀도=0.267, 라이브=0.858, 실전성=0.991, 운영제외리스크=0.000, 검증필요리스크=0.112",최종점수 -0.000 / 성장성 -0.000
1089,1092,UCLCQeJd_qQRPB_H4HRarZug,낮밤스타재하,음악·보이스형,ASMR보이스,8150.0,1465.7,0.0099495908749369,0.532489162921073,0.4747570194384449,0.5737943645065272,0.120950323974082,0.738474168723263,1.0,보류,False,,성장성 상위권 / 라이브친화도 상위권 / 실전성 리스크 낮음 / 성장성 신뢰도 양호,주요 자동 리스크 낮음,"최종=0.532, 채널력=0.475, 성장성=0.574, 팬밀도=0.121, 라이브=0.738, 실전성=1.000, 운영제외리스크=0.000, 검증필요리스크=0.000",순위 442단계 하락 / 최종점수 -0.051 / 성장성 +0.001
1090,1093,UCoC-dla007TPltGBP3POoNg,대풍왔니,,서브컬쳐게임,18900.0,3240.1,0.0247200314658419,0.5322477743077801,0.569816414686825,0.4477260042168435,0.4395248380129589,0.4203721168874098,0.99272,보류,False,,성장성 신뢰도 양호,상위 세그먼트 불명확,"최종=0.532, 채널력=0.570, 성장성=0.448, 팬밀도=0.440, 라이브=0.420, 실전성=0.993, 운영제외리스크=0.000, 검증필요리스크=0.091",순위 42단계 하락 / 최종점수 -0.005 / 성장성 -0.001
1091,1095,UCdet8uJfTFlACtY05BQmJ1Q,헤이지니 Hey Jini,음악·보이스형,ASMR,4120000.0,51385.5,0.0101698155351298,0.5320944767302284,0.8205453563714902,0.510322039557738,0.1301295896328293,0.4203721168874098,0.9,보류,False,,성장성 신뢰도 양호,주요 자동 리스크 낮음,"최종=0.532, 채널력=0.821, 성장성=0.510, 팬밀도=0.130, 라이브=0.420, 실전성=0.900, 운영제외리스크=0.000, 검증필요리스크=0.000",순위 36단계 상승 / 최종점수 +0.004 / 성장성 +0.001
1092,1096,UCEhYTBNB1rzVBxozvnCwk_Q,민코,,서브컬쳐게임,13500.0,513.5,0.0227453938587734,0.5320863899297209,0.4251889848812094,0.5836950649462368,0.4103671706263499,0.4203721168874098,0.99272,보류,False,,성장성 상위권 / 성장성 신뢰도 양호,상위 세그먼트 불명확,"최종=0.532, 채널력=0.425, 성장성=0.584, 팬밀도=0.410, 라이브=0.420, 실전성=0.993, 운영제외리스크=0.000, 검증필요리스크=0.091",순위 110단계 하락 / 최종점수 -0.012 / 성장성 +0.002
1093,1097,UCYNio08m70spvq0ctpg-05A,하다필름 HADAFILM,음악·보이스형,ASMR보이스,559000.0,232021.9,0.0181045878293177,0.5319198507232797,0.7872435205183586,0.3937397590793574,0.3110151187904967,0.4203721168874098,0.9,보류,False,,뚜렷한 강점 신호 부족,주요 자동 리스크 낮음,"최종=0.532, 채널력=0.787, 성장성=0.394, 팬밀도=0.311, 라이브=0.420, 실전성=0.900, 운영제외리스크=0.000, 검증필요리스크=0.000",순위 5단계 하락 / 최종점수 -0.001 / 성장성 +0.000
1094,1100,UCn8tvVLoVaPP4MjDwMff5MA,만렙백수,음악·보이스형,ASMR보이스,92500.0,380889.7,0.0129815558566726,0.5314600312964514,0.6717197624190064,0.5697512987691017,0.187365010799136,0.4203721168874098,0.99104,보류,False,,성장성 상위권 / 성장성 신뢰도 양호,주요 자동 리스크 낮음,"최종=0.531, 채널력=0.672, 성장성=0.570, 팬밀도=0.187, 라이브=0.420, 실전성=0.991, 운영제외리스크=0.000, 검증필요리스크=0.112",순위 6단계 하락 / 최종점수 -0.001 / 성장성 +0.000
1095,1101,UC_obLLzEBMtW0CeVsDG5b5Q,단즈,음악·보이스형,성우더빙,103000.0,203664.1,0.0133001628408896,0.5313315216628967,0.9309935205183584,0.3230534635304731,0.1954643628509719,0.4203721168874098,1.0,보류,False,,실전성 리스크 낮음 / 성장성 신뢰도 양호,주요 자동 리스크 낮음,"최종=0.531, 채널력=0.931, 성장성=0.323, 팬밀도=0.195, 라이브=0.420, 실전성=1.000, 운영제외리스크=0.000, 검증필요리스크=0.000",순위 41단계 상승 / 최종점수 +0.005 / 성장성 +0.000
1096,1102,UC5REve2oF-uw1krxgezabBw,루키,음악·보이스형,ASMR보이스,2880.0,16906.0,0.0279535812024289,0.5313225130212181,0.4792791576673865,0.4701549476318528,0.505939524838013,0.4203721168874098,0.99104,보류,False,,성장성 신뢰도 양호,주요 자동 리스크 낮음,"최종=0.531, 채널력=0.479, 성장성=0.470, 팬밀도=0.506, 라이브=0.420, 실전성=0.991, 운영제외리스크=0.000, 검증필요리스크=0.112",순위 7단계 하락 / 최종점수 -0.001 / 성장성 +0.001
1097,1103,UCvRyyZylo9p1aknn12vqUZQ,이범준,음악·보이스형,커버,74400.0,708602.3,0.0164452068376821,0.531223235646689,0.7485151187904967,0.5048146111276335,0.2726781857451404,0.4203721168874098,0.97536,보류,False,,뚜렷한 강점 신호 부족,성장성 신뢰도 낮음,"최종=0.531, 채널력=0.749, 성장성=0.505, 팬밀도=0.273, 라이브=0.420, 실전성=0.975, 운영제외리스크=0.000, 검증필요리스크=0.308",순위 7단계 하락 / 최종점수 -0.001 / 성장성 +0.000
1098,1105,UCIC-qzc9xHGR3Hi1sHa799Q,봐쓩,창작·비주얼형,코스프레,12600.0,308897.8,0.0075414845773648,0.5307505026935894,0.6223677105831534,0.6925412421266678,0.0772138228941684,0.4203721168874098,0.99104,보류,False,,성장성 상위권 / 성장성 신뢰도 양호,주요 자동 리스크 낮음,"최종=0.531, 채널력=0.622, 성장성=0.693, 팬밀도=0.077, 라이브=0.420, 실전성=0.991, 운영제외리스크=0.000, 검증필요리스크=0.112",순위 2단계 하락 / 최종점수 -0.000 / 성장성 +0.000
1099,1106,UCcXIv7TPFpx0q0eT_CpW4Hw,주식하는 이상무,서브컬쳐 토크·팬덤형,저스트채팅,10000.0,13343.1,0.0262014512459089,0.5307025406998266,0.4344897408207343,0.5655960554318814,0.4724622030237581,0.4203721168874098,0.98208,보류,False,,성장성 상위권 / 성장성 신뢰도 양호,수집 영상 수 부족,"최종=0.531, 채널력=0.434, 성장성=0.566, 팬밀도=0.472, 라이브=0.420, 실전성=0.982, 운영제외리스크=0.000, 검증필요리스크=0.224",순위 86단계 상승 / 최종점수 +0.010 / 성장성 +0.001
1100,1107,UCncZFbcZB0CaRpuxJdn75sQ,별도림,버츄얼 퍼포먼스형,버튜버,1650.0,2966.0,0.0198638549128789,0.5307019052740273,0.4547246220302375,0.5762256141934898,0.3466522678185745,0.4203721168874098,1.0,보류,False,,성장성 상위권 / 실전성 리스크 낮음 / 성장성 신뢰도 양호,주요 자동 리스크 낮음,"최종=0.531, 채널력=0.455, 성장성=0.576, 팬밀도=0.347, 라이브=0.420, 실전성=1.000, 운영제외리스크=0.000, 검증필요리스크=0.000",순위 56단계 상승 / 최종점수 +0.006 / 성장성 +0.001
1101,1108,UCdH1c894ah5Z-PfuP-_e9Lw,라이구스,,게임기타,1070.0,9.6,0.0333333333333333,0.530518044534546,0.2533747300215982,0.3988320609984994,0.6015118790496761,0.7266427563952388,0.99272,보류,False,,라이브친화도 상위권 / 성장성 신뢰도 양호,상위 세그먼트 불명확,"최종=0.531, 채널력=0.253, 성장성=0.399, 팬밀도=0.602, 라이브=0.727, 실전성=0.993, 운영제외리스크=0.000, 검증필요리스크=0.091",순위 11단계 하락 / 최종점수 -0.001 / 성장성 -0.000
1102,1109,UC_huCQa90eshqcxkq11s6cg,호발 HOBAL,버츄얼 퍼포먼스형,버튜버,2430.0,4573.0,0.0402902549160126,0.5304481687856005,0.3261474082073434,0.4928084328131937,0.7068034557235421,0.4203721168874098,0.97536,보류,False,,뚜렷한 강점 신호 부족,성장성 신뢰도 낮음,"최종=0.530, 채널력=0.326, 성장성=0.493, 팬밀도=0.707, 라이브=0.420, 실전성=0.975, 운영제외리스크=0.000, 검증필요리스크=0.308",순위 7단계 하락 / 최종점수 -0.000 / 성장성 +0.000
1103,1110,UCYZykEGZicj7FCQ_GeK9byQ,오늘의 충격속보,음악·보이스형,ASMR보이스,5460.0,6736.5,0.0227389206077435,0.5303874190064795,0.5037122030237581,0.5,0.4098272138228941,0.3960583153347732,1.0,보류,False,,실전성 리스크 낮음 / 성장성 신뢰도 양호,주요 자동 리스크 낮음,"최종=0.530, 채널력=0.504, 성장성=0.500, 팬밀도=0.410, 라이브=0.396, 실전성=1.000, 운영제외리스크=0.000, 검증필요리스크=0.000",순위 3단계 상승 / 최종점수 +0.000
1104,1111,UCoDZSlIUE6VgfXXgI938b3g,카이,게임 실황형,원신,1570.0,1311.5,0.0386955710140897,0.5302737706263498,0.3083558315334773,0.5,0.6852051835853131,0.3960583153347732,0.98432,보류,False,,뚜렷한 강점 신호 부족,성장성 신뢰도 낮음,"최종=0.530, 채널력=0.308, 성장성=0.500, 팬밀도=0.685, 라이브=0.396, 실전성=0.984, 운영제외리스크=0.000, 검증필요리스크=0.196",최종점수 +0.000
1105,1112,UCGuj5EVHjMOOrATavfwdLbg,시로덕스 ASMR,음악·보이스형,ASMR보이스,1630.0,3440.4,0.0387021583699688,0.5301600397408208,0.3533207343412527,0.5,0.6857451403887689,0.3960583153347732,0.97536,보류,False,,뚜렷한 강점 신호 부족,성장성 신뢰도 낮음,"최종=0.530, 채널력=0.353, 성장성=0.500, 팬밀도=0.686, 라이브=0.396, 실전성=0.975, 운영제외리스크=0.000, 검증필요리스크=0.308",순위 2단계 상승 / 최종점수 +0.000
1106,1114,UCvfO5b1iBsSegwz3FRKH3aw,귀살대원,음악·보이스형,애니송커버,9310.0,140661.5,0.0227222138690535,0.5296937870410368,0.6281992440604751,0.5,0.4087473002159827,0.3960583153347732,0.97536,보류,False,,뚜렷한 강점 신호 부족,성장성 신뢰도 낮음,"최종=0.530, 채널력=0.628, 성장성=0.500, 팬밀도=0.409, 라이브=0.396, 실전성=0.975, 운영제외리스크=0.000, 검증필요리스크=0.308",순위 5단계 하락 / 최종점수 -0.001
1107,1115,UCL55fBj8__uGXLyukK0SvEQ,레아나 Reana,버츄얼 퍼포먼스형,버튜버,35000.0,3371.8,0.0445048201759854,0.5296893107186001,0.4416981641468682,0.3219014830508474,0.7413606911447084,0.3960583153347732,0.99104,보류,False,,뚜렷한 강점 신호 부족,주요 자동 리스크 낮음,"최종=0.530, 채널력=0.442, 성장성=0.322, 팬밀도=0.741, 라이브=0.396, 실전성=0.991, 운영제외리스크=0.000, 검증필요리스크=0.112",순위 3단계 하락 / 최종점수 -0.001 / 성장성 -0.000
1108,1116,UCFbpC5c7RrYr6upZDGfm5pg,롤버지,,게임기타,2880.0,30314.3,0.0079220498256122,0.5295509796672254,0.7575458963282937,0.5689020230491724,0.0853131749460043,0.4203721168874098,0.99272,보류,False,,성장성 상위권 / 성장성 신뢰도 양호,상위 세그먼트 불명확,"최종=0.530, 채널력=0.758, 성장성=0.569, 팬밀도=0.085, 라이브=0.420, 실전성=0.993, 운영제외리스크=0.000, 검증필요리스크=0.091",순위 6단계 하락 / 최종점수 -0.001 / 성장성 -0.001
1109,1118,UCz1jLAufb2b_bxDPsf2pjKQ,존크라운,,서브컬쳐게임,12000.0,10304.8,0.0339530804550624,0.529222524295821,0.6489740820734341,0.2372686549763535,0.6144708423326134,0.4203721168874098,0.99272,보류,False,,성장성 신뢰도 양호,상위 세그먼트 불명확,"최종=0.529, 채널력=0.649, 성장성=0.237, 팬밀도=0.614, 라이브=0.420, 실전성=0.993, 운영제외리스크=0.000, 검증필요리스크=0.091",순위 602단계 하락 / 최종점수 -0.070 / 성장성 -0.181
1110,1119,UC6h3Y4xCqGYogFWtOgMFRnQ,마지막처럼,음악·보이스형,음악,30700.0,96464.0,0.0046284501003868,0.5292150556428885,0.6175350971922247,0.7188551731319558,0.0415766738660907,0.4203721168874098,0.99104,보류,False,,성장성 상위권 / 성장성 신뢰도 양호,주요 자동 리스크 낮음,"최종=0.529, 채널력=0.618, 성장성=0.719, 팬밀도=0.042, 라이브=0.420, 실전성=0.991, 운영제외리스크=0.000, 검증필요리스크=0.112",최종점수 -0.000 / 성장성 -0.000
1111,1121,UC4KLcypecryK3k1PUj8WDDw,요소이 YOSOI,음악·보이스형,ASMR보이스,19300.0,9886.9,0.0118549793890485,0.5291284837487649,0.661987041036717,0.5532755666294936,0.1614470842332613,0.4203721168874098,1.0,보류,False,,실전성 리스크 낮음,주요 자동 리스크 낮음,"최종=0.529, 채널력=0.662, 성장성=0.553, 팬밀도=0.161, 라이브=0.420, 실전성=1.000, 운영제외리스크=0.000, 검증필요리스크=0.000",순위 14단계 하락 / 최종점수 -0.001 / 성장성 +0.000
1112,1122,UCYYiN2-JxHvlfhrRsb6Ra7Q,천상츄,버츄얼 퍼포먼스형,버튜버,1210.0,3799.7,0.0253348210501831,0.5288542241900647,0.5324649028077753,0.5,0.4546436285097192,0.3960583153347732,0.98432,보류,False,,뚜렷한 강점 신호 부족,성장성 신뢰도 낮음,"최종=0.529, 채널력=0.532, 성장성=0.500, 팬밀도=0.455, 라이브=0.396, 실전성=0.984, 운영제외리스크=0.000, 검증필요리스크=0.196",순위 22단계 하락 / 최종점수 -0.002
1113,1124,UC86_kHUcRLBLIcRDT2Uiplg,유연 ASMR,음악·보이스형,ASMR,7400.0,6720.6,0.0373441379869261,0.5285753088314333,0.3645653347732181,0.4610572683671943,0.6657667386609071,0.4203721168874098,0.98208,보류,False,,성장성 신뢰도 양호,수집 영상 수 부족,"최종=0.529, 채널력=0.365, 성장성=0.461, 팬밀도=0.666, 라이브=0.420, 실전성=0.982, 운영제외리스크=0.000, 검증필요리스크=0.224",순위 20단계 상승 / 최종점수 +0.002 / 성장성 +0.000
1114,1125,UC7vmKNsDOTCfOYzRyiLJvdA,지금,음악·보이스형,애니송커버,14200.0,316651.4,0.0082920310594399,0.5283702903596804,0.8119330453563715,0.4845117318628618,0.095572354211663,0.4203721168874098,1.0,보류,False,,실전성 리스크 낮음 / 성장성 신뢰도 양호,주요 자동 리스크 낮음,"최종=0.528, 채널력=0.812, 성장성=0.485, 팬밀도=0.096, 라이브=0.420, 실전성=1.000, 운영제외리스크=0.000, 검증필요리스크=0.000",순위 11단계 상승 / 최종점수 +0.001 / 성장성 +0.001
1115,1127,UCH2chhWbaO-g9qD06Ob4w5A,마이 Mai,버츄얼 퍼포먼스형,버튜버,1290.0,1567.7,0.0465851751704161,0.527986173650108,0.2727051835853132,0.5,0.7564794816414687,0.3960583153347732,0.97536,보류,False,,뚜렷한 강점 신호 부족,성장성 신뢰도 낮음,"최종=0.528, 채널력=0.273, 성장성=0.500, 팬밀도=0.756, 라이브=0.396, 실전성=0.975, 운영제외리스크=0.000, 검증필요리스크=0.308",순위 1단계 상승 / 최종점수 -0.000
1116,1128,UCTETH4La-MhpuUH4cgBrlFg,성은씨,음악·보이스형,성우,4190.0,16955.1,0.0327796096878582,0.527942859324128,0.4185610151187905,0.4732230804477064,0.5934125269978402,0.4203721168874098,0.98208,보류,False,,뚜렷한 강점 신호 부족,수집 영상 수 부족,"최종=0.528, 채널력=0.419, 성장성=0.473, 팬밀도=0.593, 라이브=0.420, 실전성=0.982, 운영제외리스크=0.000, 검증필요리스크=0.224",순위 10단계 하락 / 최종점수 -0.002 / 성장성 -0.000
1117,1129,UCNBofPSLWBI-LNMMoy_ua2Q,니르,버츄얼 퍼포먼스형,버튜버,9220.0,21268.6,0.0295114926008044,0.5278055068554818,0.5061420086393088,0.4148508450806653,0.5334773218142549,0.4203721168874098,0.99104,보류,False,,성장성 신뢰도 양호,주요 자동 리스크 낮음,"최종=0.528, 채널력=0.506, 성장성=0.415, 팬밀도=0.533, 라이브=0.420, 실전성=0.991, 운영제외리스크=0.000, 검증필요리스크=0.112",순위 24단계 하락 / 최종점수 -0.003 / 성장성 +0.000
1118,1130,UCeNl82ttMnRMu8-faFfNNJQ,브이 ASMR,음악·보이스형,ASMR,3330.0,7280.6,0.0226862342661774,0.5277866896072043,0.6385799136069114,0.3860169491525423,0.408207343412527,0.3960583153347732,1.0,보류,False,,실전성 리스크 낮음,주요 자동 리스크 낮음,"최종=0.528, 채널력=0.639, 성장성=0.386, 팬밀도=0.408, 라이브=0.396, 실전성=1.000, 운영제외리스크=0.000, 검증필요리스크=0.000",순위 9단계 하락 / 최종점수 -0.001 / 성장성 -0.000
1119,1132,UCbDoCb5xERVUjh2o_DSg76g,빡쎄,창작·비주얼형,코스프레,219000.0,1022040.9,0.0122814478668702,0.5276601616619062,0.7657127429805617,0.4937835061063865,0.1727861771058315,0.4203721168874098,0.99104,보류,False,,성장성 신뢰도 양호,주요 자동 리스크 낮음,"최종=0.528, 채널력=0.766, 성장성=0.494, 팬밀도=0.173, 라이브=0.420, 실전성=0.991, 운영제외리스크=0.000, 검증필요리스크=0.112",순위 3단계 하락 / 최종점수 -0.001 / 성장성 +0.001
1120,1133,UCZpvdxSkB7tBH6j-R1TJI6g,주륵,음악·보이스형,보컬로이드JPOP커버,2670.0,502.3,0.0345796185164606,0.5274317079913606,0.3564524838012958,0.5,0.6241900647948164,0.3960583153347732,0.98432,보류,False,,뚜렷한 강점 신호 부족,성장성 신뢰도 낮음,"최종=0.527, 채널력=0.356, 성장성=0.500, 팬밀도=0.624, 라이브=0.396, 실전성=0.984, 운영제외리스크=0.000, 검증필요리스크=0.196",순위 9단계 하락 / 최종점수 -0.001
1121,1134,UCIhfL5TX-FODmWcX2k1uWHg,멋사유튜브,,게임기타,444000.0,70783.6,0.0130442406335359,0.5271014066856484,0.824730021598272,0.4714897483618064,0.1900647948164147,0.4203721168874098,0.89272,보류,False,,성장성 신뢰도 양호,상위 세그먼트 불명확,"최종=0.527, 채널력=0.825, 성장성=0.471, 팬밀도=0.190, 라이브=0.420, 실전성=0.893, 운영제외리스크=0.000, 검증필요리스크=0.091",순위 11단계 하락 / 최종점수 -0.002 / 성장성 +0.001
1122,1135,UCiUIwgEjIIWGZfeaL8hftTw,로제파,,서브컬쳐게임,1700.0,117.1,0.0195432365606264,0.526937738951222,0.3026727861771058,0.5490903885002588,0.3407127429805615,0.7324934250430842,0.99272,보류,False,,라이브친화도 상위권 / 성장성 신뢰도 양호,상위 세그먼트 불명확,"최종=0.527, 채널력=0.303, 성장성=0.549, 팬밀도=0.341, 라이브=0.732, 실전성=0.993, 운영제외리스크=0.000, 검증필요리스크=0.091",순위 10단계 하락 / 최종점수 -0.002 / 성장성 +0.000
1123,1136,UCjbbQEvh9HWKj92iIV2iT8A,베다이,음악·보이스형,성우더빙,4350.0,43548.8,0.0193874685926423,0.5267980748251901,0.6256614470842332,0.4356123891255199,0.3369330453563715,0.4203721168874098,1.0,보류,False,,실전성 리스크 낮음,주요 자동 리스크 낮음,"최종=0.527, 채널력=0.626, 성장성=0.436, 팬밀도=0.337, 라이브=0.420, 실전성=1.000, 운영제외리스크=0.000, 검증필요리스크=0.000",순위 9단계 하락 / 최종점수 -0.002 / 성장성 -0.000
1124,1137,UCddwltkb0WKelI6uco_B2Vw,요시론,창작·비주얼형,일러스트리깅,50900.0,18872.3,0.020932542993319,0.5267517089255882,0.6173866090712743,0.4518048450687805,0.3704103671706263,0.4203721168874098,0.99104,보류,False,,성장성 신뢰도 양호,주요 자동 리스크 낮음,"최종=0.527, 채널력=0.617, 성장성=0.452, 팬밀도=0.370, 라이브=0.420, 실전성=0.991, 운영제외리스크=0.000, 검증필요리스크=0.112",순위 5단계 하락 / 최종점수 -0.001 / 성장성 +0.000
1125,1138,UCDHAKPpDjonLvFpFyISLQqw,마금이,음악·보이스형,애니송커버,160000.0,368953.5,0.0143504251203009,0.526698480233325,0.7493250539956803,0.4663150665704941,0.2197624190064794,0.4203721168874098,0.99104,보류,False,,성장성 신뢰도 양호,주요 자동 리스크 낮음,"최종=0.527, 채널력=0.749, 성장성=0.466, 팬밀도=0.220, 라이브=0.420, 실전성=0.991, 운영제외리스크=0.000, 검증필요리스크=0.112",순위 5단계 상승 / 최종점수 +0.000 / 성장성 +0.002
1126,1139,UCjbpDiT-bDgAADrTmvmFGkA,프로퍼스 Proper's,음악·보이스형,ASMR보이스,1210.0,1444.8,0.0255630071323993,0.5266574532181469,0.3735961123110151,0.5351593437378235,0.4616630669546436,0.4203721168874098,1.0,보류,False,,실전성 리스크 낮음 / 성장성 신뢰도 양호,주요 자동 리스크 낮음,"최종=0.527, 채널력=0.374, 성장성=0.535, 팬밀도=0.462, 라이브=0.420, 실전성=1.000, 운영제외리스크=0.000, 검증필요리스크=0.000",순위 18단계 상승 / 최종점수 +0.002 / 성장성 +0.000
1127,1142,UCR6Tv_HcWl7HSoQXY1_IR5w,히요,버츄얼 퍼포먼스형,버튜버,1800.0,1256.6,0.0370569160587562,0.5260091917926566,0.3127294816414686,0.5,0.6614470842332614,0.3960583153347732,0.98432,보류,False,,뚜렷한 강점 신호 부족,성장성 신뢰도 낮음,"최종=0.526, 채널력=0.313, 성장성=0.500, 팬밀도=0.661, 라이브=0.396, 실전성=0.984, 운영제외리스크=0.000, 검증필요리스크=0.196",순위 4단계 상승 / 최종점수 -0.000
1128,1143,UCz8tMU9y5X-hO4vmo3wRn_A,성우마켓,음악·보이스형,성우더빙,1400.0,807.0,0.0474118119438541,0.5260082242696731,0.2253509719222462,0.3513315162780853,0.7667386609071274,0.7614698699289792,0.96704,보류,False,,라이브친화도 상위권 / 성장성 신뢰도 양호,상업/판매/브랜드 채널 의심,"최종=0.526, 채널력=0.225, 성장성=0.351, 팬밀도=0.767, 라이브=0.761, 실전성=0.967, 운영제외리스크=0.120, 검증필요리스크=0.112",순위 416단계 하락 / 최종점수 -0.047 / 성장성 +0.000
1129,1145,UC6ECmtLWFQgZmlwjyuLg9eA,르대,음악·보이스형,ASMR보이스,14600.0,39195.6,0.0134552159158744,0.5257908986478621,0.6654022678185745,0.510671610275606,0.1970842332613391,0.4203721168874098,1.0,보류,False,,실전성 리스크 낮음 / 성장성 신뢰도 양호,주요 자동 리스크 낮음,"최종=0.526, 채널력=0.665, 성장성=0.511, 팬밀도=0.197, 라이브=0.420, 실전성=1.000, 운영제외리스크=0.000, 검증필요리스크=0.000",순위 28단계 하락 / 최종점수 -0.004 / 성장성 +0.000
1130,1147,UCdQ3wsEF_fRdRwWnTAR37nw,난바다 NANBADA,버츄얼 퍼포먼스형,버튜버,10900.0,27523.8,0.028568111263409,0.5255051471392361,0.5997030237580994,0.3458506017250518,0.5172786177105831,0.4203721168874098,0.99104,보류,False,,성장성 신뢰도 양호,주요 자동 리스크 낮음,"최종=0.526, 채널력=0.600, 성장성=0.346, 팬밀도=0.517, 라이브=0.420, 실전성=0.991, 운영제외리스크=0.000, 검증필요리스크=0.112",순위 8단계 하락 / 최종점수 -0.001 / 성장성 +0.000
1131,1148,UCppdNMvExf6O5WOjEv_NSJw,김한라,버츄얼 퍼포먼스형,버튜버,3280.0,11100.5,0.0292539724665539,0.52535303138459,0.5998920086393088,0.3030593182137812,0.5248380129589633,0.4203721168874098,1.0,보류,False,,실전성 리스크 낮음 / 성장성 신뢰도 양호,주요 자동 리스크 낮음,"최종=0.525, 채널력=0.600, 성장성=0.303, 팬밀도=0.525, 라이브=0.420, 실전성=1.000, 운영제외리스크=0.000, 검증필요리스크=0.000",순위 18단계 하락 / 최종점수 -0.003 / 성장성 -0.000
1132,1149,UC0-TZxj1Oz39yybOn8U23qw,정플리,음악·보이스형,애니송커버,10600.0,254626.9,0.0180891464728706,0.5253360778999443,0.6811555075593952,0.444161084154918,0.3099352051835853,0.4203721168874098,0.99104,보류,False,,성장성 신뢰도 양호,주요 자동 리스크 낮음,"최종=0.525, 채널력=0.681, 성장성=0.444, 팬밀도=0.310, 라이브=0.420, 실전성=0.991, 운영제외리스크=0.000, 검증필요리스크=0.112",순위 1단계 상승 / 최종점수 -0.000 / 성장성 +0.000
1133,1150,UCAUbDYDwV34yk6pYiZg_CzA,yeondukong 연두콩,음악·보이스형,애니송커버,712000.0,39692.5,0.0159635022821405,0.5248183823209408,0.8045626349892009,0.3938006594937129,0.2613390928725702,0.4203721168874098,0.9,보류,False,,성장성 신뢰도 양호,주요 자동 리스크 낮음,"최종=0.525, 채널력=0.805, 성장성=0.394, 팬밀도=0.261, 라이브=0.420, 실전성=0.900, 운영제외리스크=0.000, 검증필요리스크=0.000",순위 4단계 상승 / 최종점수 -0.000 / 성장성 +0.001
1134,1152,UCevyclbCVEamfuYXqz5-YKQ,하루노오토,,음악기타,15500.0,37503.6,0.0100573797352265,0.5247685503665918,0.6283207343412527,0.6593940982868048,0.1236501079913607,0.4203721168874098,0.98376,보류,False,,성장성 상위권 / 성장성 신뢰도 양호,상위 세그먼트 불명확,"최종=0.525, 채널력=0.628, 성장성=0.659, 팬밀도=0.124, 라이브=0.420, 실전성=0.984, 운영제외리스크=0.000, 검증필요리스크=0.203",순위 78단계 하락 / 최종점수 -0.010 / 성장성 -0.017
1135,1154,UCcu3u29gh15dguSJqIeMIZw,우리는 지금 매불쇼의 시대에 살고 있다,창작·비주얼형,코스프레,30000.0,34535.3,0.0062159925471901,0.5247136529713299,0.7586663066954643,0.5442751296505329,0.0561555075593952,0.4203721168874098,1.0,보류,False,,실전성 리스크 낮음 / 성장성 신뢰도 양호,주요 자동 리스크 낮음,"최종=0.525, 채널력=0.759, 성장성=0.544, 팬밀도=0.056, 라이브=0.420, 실전성=1.000, 운영제외리스크=0.000, 검증필요리스크=0.000",순위 7단계 상승 / 최종점수 +0.000 / 성장성 +0.001
1136,1155,UCFvR_aQJg2SJDKIP2BYC2GA,잇팁플리,음악·보이스형,애니송커버,38000.0,19867.9,0.0176090725446334,0.5246120555489835,0.6530372570194385,0.436417488439901,0.2985961123110151,0.4203721168874098,1.0,보류,False,,실전성 리스크 낮음 / 성장성 신뢰도 양호,주요 자동 리스크 낮음,"최종=0.525, 채널력=0.653, 성장성=0.436, 팬밀도=0.299, 라이브=0.420, 실전성=1.000, 운영제외리스크=0.000, 검증필요리스크=0.000",순위 35단계 상승 / 최종점수 +0.004 / 성장성 +0.001
1137,1156,UCND4Av1vGhIHvUnJSCR5jMA,김하루 뒷면,음악·보이스형,성우더빙,7920.0,3882.7,0.0311742758516649,0.5246005607510372,0.4383909287257019,0.4294854868088524,0.5680345572354212,0.4203721168874098,0.99104,보류,False,,성장성 신뢰도 양호,주요 자동 리스크 낮음,"최종=0.525, 채널력=0.438, 성장성=0.429, 팬밀도=0.568, 라이브=0.420, 실전성=0.991, 운영제외리스크=0.000, 검증필요리스크=0.112",순위 9단계 하락 / 최종점수 -0.002 / 성장성 -0.001
1138,1157,UCPkntpS5tJtNnbBvR6PQHuA,두는최강,음악·보이스형,JPOP커버,1250.0,5937.8,0.0534087703643062,0.5245948020097376,0.2610826133909287,0.4928760593220339,0.8077753779697624,0.3960583153347732,0.9664,보류,False,,팬밀도 상위권,수집 영상 수 부족 / 성장성 신뢰도 낮음,"최종=0.525, 채널력=0.261, 성장성=0.493, 팬밀도=0.808, 라이브=0.396, 실전성=0.966, 운영제외리스크=0.000, 검증필요리스크=0.420",순위 7단계 상승 / 최종점수 +0.000 / 성장성 -0.000
1139,1158,UC8t-wlddXcMkiE90wskjLxQ,옥우,버츄얼 퍼포먼스형,버튜버,3550.0,8976.8,0.0360068161695513,0.5243343039352785,0.401444384449244,0.4715042372881355,0.6474082073434125,0.3960583153347732,0.97536,보류,False,,뚜렷한 강점 신호 부족,성장성 신뢰도 낮음,"최종=0.524, 채널력=0.401, 성장성=0.472, 팬밀도=0.647, 라이브=0.396, 실전성=0.975, 운영제외리스크=0.000, 검증필요리스크=0.308",순위 9단계 상승 / 최종점수 +0.000 / 성장성 -0.000
1140,1159,UCRLYJcaerfQlV84jANSdCXA,돈쵸아 ASMR 💔,음악·보이스형,ASMR,7550.0,16259.5,0.0297529140056565,0.5243214043196543,0.4385934125269978,0.5,0.5394168466522679,0.3960583153347732,0.98208,보류,False,,뚜렷한 강점 신호 부족,수집 영상 수 부족,"최종=0.524, 채널력=0.439, 성장성=0.500, 팬밀도=0.539, 라이브=0.396, 실전성=0.982, 운영제외리스크=0.000, 검증필요리스크=0.224",순위 10단계 하락 / 최종점수 -0.002
1141,1160,UCUa4Co8wm7E2-7yXIkNeIRg,엣치쿠,게임 실황형,롤,3790.0,11215.9,0.0168981413179573,0.5242531248612932,0.5322759179265658,0.5423228038641477,0.2829373650107991,0.4203721168874098,1.0,보류,False,,실전성 리스크 낮음 / 성장성 신뢰도 양호,주요 자동 리스크 낮음,"최종=0.524, 채널력=0.532, 성장성=0.542, 팬밀도=0.283, 라이브=0.420, 실전성=1.000, 운영제외리스크=0.000, 검증필요리스크=0.000",순위 1단계 하락 / 최종점수 -0.000 / 성장성 +0.000
1142,1161,UChtdyqmH0yVFWTBJERP2PKg,겜스트GAMEST,창작·비주얼형,코스프레,513000.0,72817.8,0.0156280499198982,0.5242306094322168,0.8274028077753779,0.378422390074713,0.2553995680345572,0.4203721168874098,0.9,보류,False,,성장성 신뢰도 양호,주요 자동 리스크 낮음,"최종=0.524, 채널력=0.827, 성장성=0.378, 팬밀도=0.255, 라이브=0.420, 실전성=0.900, 운영제외리스크=0.000, 검증필요리스크=0.000",순위 6단계 하락 / 최종점수 -0.001 / 성장성 -0.000
1143,1163,UCSr5m9TU6LaqRvyhnyP_IjQ,화앵,음악·보이스형,ASMR보이스,4670.0,1923.7,0.0196551292018433,0.524209692629565,0.4747570194384449,0.5402691620615391,0.3428725701943844,0.4203721168874098,1.0,보류,False,,실전성 리스크 낮음 / 성장성 신뢰도 양호,주요 자동 리스크 낮음,"최종=0.524, 채널력=0.475, 성장성=0.540, 팬밀도=0.343, 라이브=0.420, 실전성=1.000, 운영제외리스크=0.000, 검증필요리스크=0.000",순위 2단계 상승 / 최종점수 -0.000 / 성장성 +0.001
1144,1164,UCkQFRBUPh5mcF1kca4f_DvQ,허니츄러스 HoneyChurros,게임 실황형,니케,413000.0,144083.8,0.0260341571108763,0.5238983062924721,0.6220977321814254,0.443287273184079,0.468682505399568,0.4203721168874098,0.88208,보류,False,,성장성 신뢰도 양호,수집 영상 수 부족,"최종=0.524, 채널력=0.622, 성장성=0.443, 팬밀도=0.469, 라이브=0.420, 실전성=0.882, 운영제외리스크=0.000, 검증필요리스크=0.224",순위 19단계 하락 / 최종점수 -0.002 / 성장성 +0.000
1145,1165,UCKS44WjGZKmlQK3SIDoRh3A,청예솔 발치 연구소 CHUNGYESOL GAME,버츄얼 퍼포먼스형,버튜버,3620.0,1300.8,0.0593271153841428,0.5237527594546741,0.3524433045356371,0.5490525232157012,0.8461123110151187,0.4203721168874098,0.776,보류,False,,팬밀도 상위권 / 성장성 신뢰도 양호,기관/대학/방송사/공식 채널 의심,"최종=0.524, 채널력=0.352, 성장성=0.549, 팬밀도=0.846, 라이브=0.420, 실전성=0.776, 운영제외리스크=0.320, 검증필요리스크=0.000",순위 1단계 상승 / 최종점수 -0.000 / 성장성 +0.000
1146,1166,UCpTjVpjtETjBCLSdq1nLwYw,가두 공방,게임 실황형,명일방주,2510.0,4997.2,0.0268736030386524,0.523719422462203,0.4432910367170626,0.5,0.4859611231101511,0.3960583153347732,0.99104,보류,False,,뚜렷한 강점 신호 부족,주요 자동 리스크 낮음,"최종=0.524, 채널력=0.443, 성장성=0.500, 팬밀도=0.486, 라이브=0.396, 실전성=0.991, 운영제외리스크=0.000, 검증필요리스크=0.112",순위 8단계 하락 / 최종점수 -0.001
1147,1167,UCWCoX-QthjAhhNxmQMCJe_A,빙밍훔쳐보기,게임 실황형,마인크래프트,4120.0,486.6,0.0520676730655935,0.5235921337710425,0.1496895248380129,0.5068767681129442,0.7996760259179265,0.4203721168874098,0.98208,보류,False,,성장성 신뢰도 양호,수집 영상 수 부족,"최종=0.524, 채널력=0.150, 성장성=0.507, 팬밀도=0.800, 라이브=0.420, 실전성=0.982, 운영제외리스크=0.000, 검증필요리스크=0.224",순위 87단계 하락 / 최종점수 -0.011 / 성장성 +0.000
1148,1169,UC1AFZwAhTFFfiR1t31aqi7A,강철가요단,,커버기타,8190.0,1953.8,0.0321650840301351,0.523408012214744,0.3843952483801296,0.4855767644060157,0.5826133909287257,0.4203721168874098,0.98376,보류,False,,성장성 신뢰도 양호,상위 세그먼트 불명확,"최종=0.523, 채널력=0.384, 성장성=0.486, 팬밀도=0.583, 라이브=0.420, 실전성=0.984, 운영제외리스크=0.000, 검증필요리스크=0.203",순위 121단계 하락 / 최종점수 -0.014 / 성장성 +0.001
1149,1170,UC_OxMBf1orvlh4KAcEp3kBg,YouTube 뜨리,창작·비주얼형,코스프레,4640.0,21821.4,0.0292929905332319,0.5233266164146869,0.4810070194384449,0.5,0.5269978401727862,0.3960583153347732,0.97536,보류,False,,뚜렷한 강점 신호 부족,성장성 신뢰도 낮음,"최종=0.523, 채널력=0.481, 성장성=0.500, 팬밀도=0.527, 라이브=0.396, 실전성=0.975, 운영제외리스크=0.000, 검증필요리스크=0.308",순위 8단계 하락 / 최종점수 -0.001
1150,1172,UC57KrV6KHRuObiszPBMMlIA,Wanu_Guitar 원우기타,,음악기타,2710.0,3307.5,0.0279729905127315,0.5232560639308855,0.4925755939524837,0.5,0.5064794816414687,0.3960583153347732,0.97704,보류,False,,뚜렷한 강점 신호 부족,상위 세그먼트 불명확 / 성장성 신뢰도 낮음,"최종=0.523, 채널력=0.493, 성장성=0.500, 팬밀도=0.506, 라이브=0.396, 실전성=0.977, 운영제외리스크=0.000, 검증필요리스크=0.287",순위 16단계 하락 / 최종점수 -0.002
1151,1173,UCMWt0Zd6t3uq_BEJLKCVgkQ,🔁완선부부🔁Rewind,버츄얼 퍼포먼스형,버튜버,65900.0,10787.9,0.0047524710202639,0.5232053417874954,0.7667116630669547,0.4197663293738998,0.0437365010799136,0.649147823003283,1.0,보류,False,,라이브친화도 상위권 / 실전성 리스크 낮음 / 성장성 신뢰도 양호,주요 자동 리스크 낮음,"최종=0.523, 채널력=0.767, 성장성=0.420, 팬밀도=0.044, 라이브=0.649, 실전성=1.000, 운영제외리스크=0.000, 검증필요리스크=0.000",순위 3단계 상승 / 최종점수 +0.000 / 성장성 +0.000
1152,1174,UCXKaWUgTU1rGEBbcLU_Fw3A,지니여라,창작·비주얼형,코스프레,4290.0,1939.4,0.0224915632807885,0.5231958969619803,0.2438849892008638,0.5728641551648126,0.4028077753779697,0.738474168723263,0.98208,보류,False,,성장성 상위권 / 라이브친화도 상위권 / 성장성 신뢰도 양호,수집 영상 수 부족,"최종=0.523, 채널력=0.244, 성장성=0.573, 팬밀도=0.403, 라이브=0.738, 실전성=0.982, 운영제외리스크=0.000, 검증필요리스크=0.224",순위 9단계 상승 / 최종점수 +0.001 / 성장성 +0.000
1153,1175,UCHz2m5yad6JG0gA7kaZG-Cw,이쎔Universe.뮤직,음악·보이스형,애니송커버,2580.0,260.1,0.0082113098055239,0.5231269614430292,0.3372030237580993,0.8421817311809,0.0912526997840172,0.4203721168874098,1.0,보류,False,,성장성 상위권 / 실전성 리스크 낮음 / 성장성 신뢰도 양호,주요 자동 리스크 낮음,"최종=0.523, 채널력=0.337, 성장성=0.842, 팬밀도=0.091, 라이브=0.420, 실전성=1.000, 운영제외리스크=0.000, 검증필요리스크=0.000",순위 22단계 하락 / 최종점수 -0.002 / 성장성 +0.000
1154,1176,UCrZpcsm1OVzHRJswMxJ2lzg,잠골버스,,커버기타,1010000.0,365671.0,0.0079754250651026,0.5229784456694643,0.97451403887689,0.4209580378519849,0.08585313174946,0.4203721168874098,0.89272,보류,False,,성장성 신뢰도 양호,상위 세그먼트 불명확,"최종=0.523, 채널력=0.975, 성장성=0.421, 팬밀도=0.086, 라이브=0.420, 실전성=0.893, 운영제외리스크=0.000, 검증필요리스크=0.091",순위 61단계 하락 / 최종점수 -0.007 / 성장성 -0.006
1155,1177,UC2XsnTWC8Wq6Vztq9h_1FRg,나고,버츄얼 퍼포먼스형,버튜버,1060.0,891.3,0.059550783956546,0.5228264466631418,0.3245140388768898,0.2558531416785256,0.8488120950323974,0.4203721168874098,1.0,보류,False,,팬밀도 상위권 / 실전성 리스크 낮음 / 성장성 신뢰도 양호,주요 자동 리스크 낮음,"최종=0.523, 채널력=0.325, 성장성=0.256, 팬밀도=0.849, 라이브=0.420, 실전성=1.000, 운영제외리스크=0.000, 검증필요리스크=0.000",순위 5단계 하락 / 최종점수 -0.001 / 성장성 -0.000
1156,1178,UC6PbvcbUXvYhfVx1yHllQ-Q,슬기로운 덕후생활,음악·보이스형,커버,17900.0,2231.0,0.0153899416481264,0.522530411608455,0.4613255939524837,0.6203418085227098,0.2467602591792656,0.4203721168874098,1.0,보류,False,,성장성 상위권 / 실전성 리스크 낮음 / 성장성 신뢰도 양호,주요 자동 리스크 낮음,"최종=0.523, 채널력=0.461, 성장성=0.620, 팬밀도=0.247, 라이브=0.420, 실전성=1.000, 운영제외리스크=0.000, 검증필요리스크=0.000",순위 4단계 하락 / 최종점수 -0.001 / 성장성 +0.000
1157,1179,UCr-iZb5y4Z3vWUho7kxdPWA,야니 Yanny,음악·보이스형,성우,3700.0,26560.9,0.0172782583379452,0.5225137814254859,0.6667116630669546,0.5,0.2915766738660907,0.3960583153347732,0.98432,보류,False,,뚜렷한 강점 신호 부족,성장성 신뢰도 낮음,"최종=0.523, 채널력=0.667, 성장성=0.500, 팬밀도=0.292, 라이브=0.396, 실전성=0.984, 운영제외리스크=0.000, 검증필요리스크=0.196",순위 4단계 하락 / 최종점수 -0.001
1158,1180,UCLVwgJVAzHwA-zv88mrAeZw,낄낄상회,음악·보이스형,ASMR보이스,2130000.0,45528.5,0.012129034057888,0.5219257126521103,0.8156317494600432,0.448168091947674,0.16792656587473,0.4203721168874098,0.9,보류,False,,성장성 신뢰도 양호,주요 자동 리스크 낮음,"최종=0.522, 채널력=0.816, 성장성=0.448, 팬밀도=0.168, 라이브=0.420, 실전성=0.900, 운영제외리스크=0.000, 검증필요리스크=0.000",순위 7단계 하락 / 최종점수 -0.002 / 성장성 -0.000
1159,1181,UC4ncZM9bnBknxPkJbq4miHQ,니니는 못말려,,배그,20100.0,105937.1,0.0162843899757917,0.5219128665190141,0.6794546436285098,0.4940463535982179,0.2699784017278617,0.4203721168874098,0.98376,보류,False,,성장성 신뢰도 양호,상위 세그먼트 불명확,"최종=0.522, 채널력=0.679, 성장성=0.494, 팬밀도=0.270, 라이브=0.420, 실전성=0.984, 운영제외리스크=0.000, 검증필요리스크=0.203",순위 3단계 하락 / 최종점수 -0.001 / 성장성 +0.001
1160,1182,UC9SDNUruXlTBbwsikCn8A4w,입덕주의,음악·보이스형,애니송커버,5850.0,24937.6,0.0154803602046654,0.521896285961773,0.4984476241900648,0.6221000021788817,0.2505399568034557,0.4203721168874098,0.99104,보류,False,,성장성 상위권 / 성장성 신뢰도 양호,주요 자동 리스크 낮음,"최종=0.522, 채널력=0.498, 성장성=0.622, 팬밀도=0.251, 라이브=0.420, 실전성=0.991, 운영제외리스크=0.000, 검증필요리스크=0.112",순위 66단계 상승 / 최종점수 +0.008 / 성장성 +0.001
1161,1184,UCcwyBkf7V9CAsYq5S9NygdQ,네보NEBO,음악·보이스형,커버,84600.0,53181.1,0.0126151059556372,0.5213388256115747,0.8593952483801296,0.35634860182296,0.1792656587473002,0.4203721168874098,1.0,보류,False,,실전성 리스크 낮음 / 성장성 신뢰도 양호,주요 자동 리스크 낮음,"최종=0.521, 채널력=0.859, 성장성=0.356, 팬밀도=0.179, 라이브=0.420, 실전성=1.000, 운영제외리스크=0.000, 검증필요리스크=0.000",순위 3단계 하락 / 최종점수 -0.001 / 성장성 +0.000
1162,1185,UCVey3Q_CodrHAWBonTGbHFg,해리 HARRY,버츄얼 퍼포먼스형,버튜버,15400.0,15225.6,0.0310171039839947,0.5212895584888707,0.4591387688984881,0.4387913596306428,0.566414686825054,0.4203721168874098,0.98208,보류,False,,성장성 신뢰도 양호,수집 영상 수 부족,"최종=0.521, 채널력=0.459, 성장성=0.439, 팬밀도=0.566, 라이브=0.420, 실전성=0.982, 운영제외리스크=0.000, 검증필요리스크=0.224",순위 14단계 하락 / 최종점수 -0.002 / 성장성 -0.000
1163,1186,UCfCnmK3B6iVLDl8MSBIBC-g,후부,,게임기타,1310.0,2344.5,0.032187137263521,0.5212662579857393,0.2738795896328293,0.5639128704841617,0.5836933045356372,0.4203721168874098,0.98376,보류,False,,성장성 신뢰도 양호,상위 세그먼트 불명확,"최종=0.521, 채널력=0.274, 성장성=0.564, 팬밀도=0.584, 라이브=0.420, 실전성=0.984, 운영제외리스크=0.000, 검증필요리스크=0.203",순위 49단계 하락 / 최종점수 -0.006 / 성장성 +0.000
1164,1187,UCII0fxlfDYBIH_zm3NU35Ng,개룡,게임 실황형,니케,1860.0,593.7,0.0642958542438265,0.5212555141869205,0.116968142548596,0.4673916179474977,0.8720302375809935,0.4203721168874098,0.98208,보류,False,,팬밀도 상위권,수집 영상 수 부족,"최종=0.521, 채널력=0.117, 성장성=0.467, 팬밀도=0.872, 라이브=0.420, 실전성=0.982, 운영제외리스크=0.000, 검증필요리스크=0.224",최종점수 -0.000 / 성장성 +0.000
1165,1188,UCPJg9g63WBYLxI-ObhsT_mQ,🦆🦆요술쟁이손young ja(짬짬이 방송),창작·비주얼형,코스프레,38600.0,1008.3,0.0262914840197853,0.5209659001334939,0.492170626349892,0.4106361327057777,0.4757019438444924,0.4203721168874098,1.0,보류,False,,실전성 리스크 낮음 / 성장성 신뢰도 양호,주요 자동 리스크 낮음,"최종=0.521, 채널력=0.492, 성장성=0.411, 팬밀도=0.476, 라이브=0.420, 실전성=1.000, 운영제외리스크=0.000, 검증필요리스크=0.000",순위 8단계 상승 / 최종점수 +0.001 / 성장성 +0.001
1166,1189,UCK9DNdy_ObjHtSv-njLYvvw,잠잘때 듣는 이야기들,음악·보이스형,ASMR보이스,2680.0,23080.0,0.0277980821254007,0.5209270483801296,0.4938579913606911,0.5,0.5032397408207343,0.3960583153347732,0.97536,보류,False,,뚜렷한 강점 신호 부족,성장성 신뢰도 낮음,"최종=0.521, 채널력=0.494, 성장성=0.500, 팬밀도=0.503, 라이브=0.396, 실전성=0.975, 운영제외리스크=0.000, 검증필요리스크=0.308",순위 10단계 하락 / 최종점수 -0.002
1167,1190,UCcrYjuLhgIrVrHTItRrxznA,이세현,음악·보이스형,음악,1110.0,371.9,0.0379161231542949,0.5209051471501263,0.2899568034557235,0.4928760593220339,0.6700863930885529,0.3960583153347732,0.98432,보류,False,,뚜렷한 강점 신호 부족,성장성 신뢰도 낮음,"최종=0.521, 채널력=0.290, 성장성=0.493, 팬밀도=0.670, 라이브=0.396, 실전성=0.984, 운영제외리스크=0.000, 검증필요리스크=0.196",순위 6단계 하락 / 최종점수 -0.001 / 성장성 -0.000
1168,1191,UCIzTlehB32LRupSqLmuTR7g,#센스빈티지,창작·비주얼형,코스프레,1060.0,814.4,0.0294547850388183,0.5208944039872504,0.3181965442764579,0.3607525748297289,0.5307775377969762,0.6873958998584719,1.0,보류,False,,라이브친화도 상위권 / 실전성 리스크 낮음 / 성장성 신뢰도 양호,주요 자동 리스크 낮음,"최종=0.521, 채널력=0.318, 성장성=0.361, 팬밀도=0.531, 라이브=0.687, 실전성=1.000, 운영제외리스크=0.000, 검증필요리스크=0.000",순위 9단계 하락 / 최종점수 -0.001 / 성장성 +0.000
1169,1192,UCqd1WM0GT4pQh6R41Mt6n-g,시희asmr,음악·보이스형,ASMR,13100.0,13790.5,0.0264633503204249,0.5207676581652451,0.5254184665226782,0.4928760593220339,0.4800215982721382,0.3960583153347732,0.97536,보류,False,,뚜렷한 강점 신호 부족,성장성 신뢰도 낮음,"최종=0.521, 채널력=0.525, 성장성=0.493, 팬밀도=0.480, 라이브=0.396, 실전성=0.975, 운영제외리스크=0.000, 검증필요리스크=0.308",순위 15단계 하락 / 최종점수 -0.002 / 성장성 -0.000
1170,1193,UCDnGeTDKhBZwr542vEqoxwg,강주호,버츄얼 퍼포먼스형,버튜버,1340.0,3299.4,0.0410390088507843,0.5206719269729939,0.2220437365010798,0.5066295006993644,0.7143628509719222,0.4203721168874098,0.98208,보류,False,,성장성 신뢰도 양호,수집 영상 수 부족,"최종=0.521, 채널력=0.222, 성장성=0.507, 팬밀도=0.714, 라이브=0.420, 실전성=0.982, 운영제외리스크=0.000, 검증필요리스크=0.224",순위 7단계 하락 / 최종점수 -0.001 / 성장성 +0.000
1171,1194,UCBvQtFzJ_NraZlhcGWRDWaA,루루(아기 호랑이(?)),음악·보이스형,보컬로이드JPOP커버,1400.0,592.5,0.0218903424841857,0.5203959841420359,0.3258099352051835,0.6071929739272758,0.3893088552915766,0.4203721168874098,1.0,보류,False,,성장성 상위권 / 실전성 리스크 낮음 / 성장성 신뢰도 양호,주요 자동 리스크 낮음,"최종=0.520, 채널력=0.326, 성장성=0.607, 팬밀도=0.389, 라이브=0.420, 실전성=1.000, 운영제외리스크=0.000, 검증필요리스크=0.000",순위 328단계 상승 / 최종점수 +0.049 / 성장성 -0.000
1172,1195,UC1heDrojHw_QH2L_ZjkgupA,샤나,음악·보이스형,ASMR,8940.0,3920.3,0.0307444495896361,0.5201341778565066,0.3307640388768897,0.539773377273465,0.5610151187904968,0.4203721168874098,0.98208,보류,False,,뚜렷한 강점 신호 부족,수집 영상 수 부족,"최종=0.520, 채널력=0.331, 성장성=0.540, 팬밀도=0.561, 라이브=0.420, 실전성=0.982, 운영제외리스크=0.000, 검증필요리스크=0.224",순위 6단계 하락 / 최종점수 -0.001 / 성장성 -0.000
1173,1196,UCt0iyc3mmIMnGDadANkjrjg,이엘리 ELLY,버츄얼 퍼포먼스형,버튜버,4690.0,4295.0,0.0244909540481241,0.5200791065271114,0.3117575593952483,0.652936768005415,0.4357451403887689,0.4203721168874098,0.98208,보류,False,,성장성 상위권 / 성장성 신뢰도 양호,수집 영상 수 부족,"최종=0.520, 채널력=0.312, 성장성=0.653, 팬밀도=0.436, 라이브=0.420, 실전성=0.982, 운영제외리스크=0.000, 검증필요리스크=0.224",순위 1단계 상승 / 최종점수 +0.000 / 성장성 -0.001
1174,1197,UCLkPNKMdVZXDVsqnhiModeg,정열 컴퍼니,,게임기타,3610.0,14063.0,0.0166110940774556,0.5200019442837335,0.6225161987041037,0.4915564631713821,0.275377969762419,0.4203721168874098,0.99272,보류,False,,성장성 신뢰도 양호,상위 세그먼트 불명확,"최종=0.520, 채널력=0.623, 성장성=0.492, 팬밀도=0.275, 라이브=0.420, 실전성=0.993, 운영제외리스크=0.000, 검증필요리스크=0.091",순위 9단계 하락 / 최종점수 -0.001 / 성장성 -0.000
1175,1198,UC1ZBDrwIojwrL_4DN5msAPg,니브,게임 실황형,명조,15500.0,9983.5,0.0169834971664798,0.5195774838012959,0.5787661987041037,0.5,0.2856371490280777,0.3960583153347732,1.0,보류,False,,실전성 리스크 낮음,주요 자동 리스크 낮음,"최종=0.520, 채널력=0.579, 성장성=0.500, 팬밀도=0.286, 라이브=0.396, 실전성=1.000, 운영제외리스크=0.000, 검증필요리스크=0.000",순위 3단계 하락 / 최종점수 -0.000
1176,1199,UCx6-vLkNXnd-2sxVMStX0iQ,아이브라운 iBrown,,커버기타,3380.0,3490.9,0.0309291680486118,0.5195621971468001,0.4299541036717063,0.4134615239211494,0.5653347732181425,0.4203721168874098,0.99272,보류,False,,성장성 신뢰도 양호,상위 세그먼트 불명확,"최종=0.520, 채널력=0.430, 성장성=0.413, 팬밀도=0.565, 라이브=0.420, 실전성=0.993, 운영제외리스크=0.000, 검증필요리스크=0.091",순위 1단계 하락 / 최종점수 -0.000 / 성장성 +0.000
1177,1200,UCg08pKfKNDQISwd6frtD1sg,ꔌ잉씽,음악·보이스형,애니송커버,2290.0,1307.6,0.0399240071378374,0.5193236856997184,0.2590847732181425,0.4463084723938523,0.7019438444924406,0.4203721168874098,0.99104,보류,False,,성장성 신뢰도 양호,주요 자동 리스크 낮음,"최종=0.519, 채널력=0.259, 성장성=0.446, 팬밀도=0.702, 라이브=0.420, 실전성=0.991, 운영제외리스크=0.000, 검증필요리스크=0.112",순위 9단계 하락 / 최종점수 -0.001 / 성장성 +0.000
1178,1201,UCMPedRfD9EnS1EzAQl0nf4Q,앙리형,게임 실황형,명일방주,103000.0,14156.3,0.0189569563595323,0.5192361493487889,0.7211123110151189,0.3386994263395453,0.3304535637149028,0.4203721168874098,1.0,보류,False,,실전성 리스크 낮음 / 성장성 신뢰도 양호,주요 자동 리스크 낮음,"최종=0.519, 채널력=0.721, 성장성=0.339, 팬밀도=0.330, 라이브=0.420, 실전성=1.000, 운영제외리스크=0.000, 검증필요리스크=0.000",순위 9단계 상승 / 최종점수 +0.001 / 성장성 -0.000
1179,1203,UCkwTs7QWGGBkCSnw8nU7nkg,허성정 HEO SEONG JEONG,음악·보이스형,보컬로이드JPOP커버,2750.0,2780.4,0.0367526775578085,0.5188482146868251,0.329981101511879,0.5,0.6576673866090713,0.3960583153347732,0.97536,보류,False,,뚜렷한 강점 신호 부족,성장성 신뢰도 낮음,"최종=0.519, 채널력=0.330, 성장성=0.500, 팬밀도=0.658, 라이브=0.396, 실전성=0.975, 운영제외리스크=0.000, 검증필요리스크=0.308",순위 3단계 상승 / 최종점수 +0.000
1180,1205,UC3XA4GISQw93QFeIjaJ-vmg,찌로 CHIRO,버츄얼 퍼포먼스형,버튜버,2730.0,5327.3,0.0322173754675099,0.518746334331775,0.3016063714902807,0.5390593109980042,0.5847732181425486,0.4203721168874098,0.98208,보류,False,,뚜렷한 강점 신호 부족,수집 영상 수 부족,"최종=0.519, 채널력=0.302, 성장성=0.539, 팬밀도=0.585, 라이브=0.420, 실전성=0.982, 운영제외리스크=0.000, 검증필요리스크=0.224",순위 8단계 상승 / 최종점수 +0.001 / 성장성 -0.000
1181,1206,UC3OtUf2ruiKwqCOCIpzxtPQ,고재영 외전,,게임기타,68600.0,383308.6,0.011681404966502,0.518474425174342,0.7379319654427647,0.5236398560466655,0.1582073434125269,0.4203721168874098,0.98376,보류,False,,성장성 신뢰도 양호,상위 세그먼트 불명확,"최종=0.518, 채널력=0.738, 성장성=0.524, 팬밀도=0.158, 라이브=0.420, 실전성=0.984, 운영제외리스크=0.000, 검증필요리스크=0.203",순위 7단계 하락 / 최종점수 -0.001 / 성장성 +0.001
1182,1207,UC3VBNT2HNXuZsgodGlSYLuA,늑대P | 개리믹스 전문 채널,음악·보이스형,보컬로이드JPOP커버,24300.0,3868.5,0.0261579418178375,0.5182723513764355,0.5905507559395249,0.4893930512917231,0.4708423326133909,0.4203721168874098,0.956,보류,False,,성장성 신뢰도 양호,리믹스/쇼츠/플레이리스트/재업로드성 채널 의심,"최종=0.518, 채널력=0.591, 성장성=0.489, 팬밀도=0.471, 라이브=0.420, 실전성=0.956, 운영제외리스크=0.220, 검증필요리스크=0.000",순위 14단계 하락 / 최종점수 -0.002 / 성장성 -0.000
1183,1209,UCXFiXE_m7ebjCFtSJr4YEEg,동월량,,서브컬쳐게임,5190.0,2378.5,0.0116749361560606,0.5181426110422864,0.497840172786177,0.5182427973105244,0.1576673866090712,0.7136624315225659,0.99272,보류,False,,라이브친화도 상위권 / 성장성 신뢰도 양호,상위 세그먼트 불명확,"최종=0.518, 채널력=0.498, 성장성=0.518, 팬밀도=0.158, 라이브=0.714, 실전성=0.993, 운영제외리스크=0.000, 검증필요리스크=0.091",순위 6단계 하락 / 최종점수 -0.001 / 성장성 -0.000
1184,1210,UCVPTh22MstSVobuvF7zQ3Sw,더빙레이디,음악·보이스형,성우더빙,209000.0,7003.9,0.0254640385993872,0.5180760764578834,0.5251754859611231,0.5,0.458963282937365,0.3960583153347732,0.97536,보류,False,,뚜렷한 강점 신호 부족,성장성 신뢰도 낮음,"최종=0.518, 채널력=0.525, 성장성=0.500, 팬밀도=0.459, 라이브=0.396, 실전성=0.975, 운영제외리스크=0.000, 검증필요리스크=0.308",순위 16단계 하락 / 최종점수 -0.002
1185,1211,UC_lzLceIdhVNpcE2YLX7lFQ,정다율,음악·보이스형,애니송커버,2890.0,6647.9,0.0363828771306777,0.517848195479785,0.40082343412527,0.4281088775844862,0.6511879049676026,0.311066767704646,0.99104,보류,False,,성장성 신뢰도 양호,주요 자동 리스크 낮음,"최종=0.518, 채널력=0.401, 성장성=0.428, 팬밀도=0.651, 라이브=0.311, 실전성=0.991, 운영제외리스크=0.000, 검증필요리스크=0.112",순위 1단계 상승 / 최종점수 +0.000 / 성장성 +0.000
1186,1213,UCg2zt-aifuHhae8Bl5lomww,asmr wooyeon 우연,음악·보이스형,ASMR보이스,89200.0,16676.6,0.0221495936401793,0.5171732686825055,0.5847867170626351,0.5,0.3952483801295896,0.3960583153347732,0.97536,보류,False,,뚜렷한 강점 신호 부족,성장성 신뢰도 낮음,"최종=0.517, 채널력=0.585, 성장성=0.500, 팬밀도=0.395, 라이브=0.396, 실전성=0.975, 운영제외리스크=0.000, 검증필요리스크=0.308",순위 1단계 상승 / 최종점수 -0.000
1187,1215,UCbBwCku7cOuSl1SdKwC-gwQ,「Ruminn」 (루민),음악·보이스형,보컬로이드JPOP커버,2040.0,104604.0,0.0246303143040368,0.5168349344174704,0.5828023758099352,0.3905296476200104,0.4379049676025918,0.4203721168874098,0.99104,보류,False,,뚜렷한 강점 신호 부족,주요 자동 리스크 낮음,"최종=0.517, 채널력=0.583, 성장성=0.391, 팬밀도=0.438, 라이브=0.420, 실전성=0.991, 운영제외리스크=0.000, 검증필요리스크=0.112",순위 13단계 하락 / 최종점수 -0.003 / 성장성 +0.000
1188,1216,UC9TfyU9pHfAbIJsBJ4a6K_g,백월,음악·보이스형,보컬로이드JPOP커버,70700.0,8872.6,0.0155524855555599,0.5168170802675955,0.6763498920086393,0.4267468732340801,0.2521598272138229,0.4203721168874098,1.0,보류,False,,실전성 리스크 낮음,주요 자동 리스크 낮음,"최종=0.517, 채널력=0.676, 성장성=0.427, 팬밀도=0.252, 라이브=0.420, 실전성=1.000, 운영제외리스크=0.000, 검증필요리스크=0.000",순위 7단계 상승 / 최종점수 +0.000 / 성장성 +0.000
1189,1217,UCj_vMhgF5NEwxTxzB8Clu2Q,짧은예능,창작·비주얼형,코스프레,12300.0,768838.8,0.0070222968573017,0.5167550732489534,0.7436150107991362,0.5200411169117155,0.0658747300215982,0.4203721168874098,1.0,보류,False,,실전성 리스크 낮음 / 성장성 신뢰도 양호,주요 자동 리스크 낮음,"최종=0.517, 채널력=0.744, 성장성=0.520, 팬밀도=0.066, 라이브=0.420, 실전성=1.000, 운영제외리스크=0.000, 검증필요리스크=0.000",순위 1단계 하락 / 최종점수 -0.001 / 성장성 +0.000
1190,1218,UCWyZyANTuP0p5YcT-9AQqrA,발성 전문-엔보이스 청담,,음악기타,177000.0,5056.8,0.0044319147374669,0.5164020121528841,0.7438309935205184,0.5679303171008537,0.0404967602591792,0.4203721168874098,0.99272,보류,False,,성장성 상위권 / 성장성 신뢰도 양호,상위 세그먼트 불명확,"최종=0.516, 채널력=0.744, 성장성=0.568, 팬밀도=0.040, 라이브=0.420, 실전성=0.993, 운영제외리스크=0.000, 검증필요리스크=0.091",순위 16단계 상승 / 최종점수 +0.001 / 성장성 -0.000
1191,1219,UC6MPEcqhsY3Nny7wPAsN8RQ,콘텐쇼츠,,음악기타,31000.0,154875.6,0.0169509400386679,0.5163123213620466,0.8170086393088554,0.4797843603270361,0.285097192224622,0.4203721168874098,0.94872,보류,False,,성장성 신뢰도 양호,리믹스/쇼츠/플레이리스트/재업로드성 채널 의심 / 상위 세그먼트 불명확,"최종=0.516, 채널력=0.817, 성장성=0.480, 팬밀도=0.285, 라이브=0.420, 실전성=0.949, 운영제외리스크=0.220, 검증필요리스크=0.091",순위 40단계 상승 / 최종점수 +0.004 / 성장성 +0.000
1192,1220,UCW5E41hoHySJfijC6dkfhGg,Fantasoner(판타소너),음악·보이스형,성우더빙,324000.0,44212.8,0.0154873188162514,0.5159754863187453,0.8887014038876889,0.3970277819172206,0.2510799136069114,0.4203721168874098,0.7,보류,False,,뚜렷한 강점 신호 부족,주요 자동 리스크 낮음,"최종=0.516, 채널력=0.889, 성장성=0.397, 팬밀도=0.251, 라이브=0.420, 실전성=0.700, 운영제외리스크=0.000, 검증필요리스크=0.000",순위 9단계 상승 / 최종점수 -0.000 / 성장성 +0.000
1193,1221,UCJA6MZLzTeljmGNFaugdoWQ,담쥬의 게임방송,,게임기타,1880.0,3555.3,0.010801865810003,0.5159031779297323,0.4782937365010798,0.6967228560909859,0.1398488120950324,0.4203721168874098,0.99272,보류,False,,성장성 상위권 / 성장성 신뢰도 양호,상위 세그먼트 불명확,"최종=0.516, 채널력=0.478, 성장성=0.697, 팬밀도=0.140, 라이브=0.420, 실전성=0.993, 운영제외리스크=0.000, 검증필요리스크=0.091",순위 6단계 상승 / 최종점수 -0.000 / 성장성 -0.001
1194,1222,UCV3kFPlzVwa7sQZIH0FrmPw,asmrara • 아라 💫,음악·보이스형,ASMR,11200.0,3722.7,0.027059005472171,0.5158345865541605,0.4852726781857451,0.435884533898305,0.4897408207343413,0.3960583153347732,0.99104,보류,False,,뚜렷한 강점 신호 부족,주요 자동 리스크 낮음,"최종=0.516, 채널력=0.485, 성장성=0.436, 팬밀도=0.490, 라이브=0.396, 실전성=0.991, 운영제외리스크=0.000, 검증필요리스크=0.112",순위 1단계 하락 / 최종점수 -0.001 / 성장성 -0.000
1195,1223,UCXUApEERYWNEWkaA7oq-luw,성경 읽어주는 성우 최수민,음악·보이스형,ASMR보이스,15900.0,979.6,0.0349239419406745,0.5157873665885713,0.3526727861771058,0.4928760593220339,0.6301295896328294,0.3960583153347732,0.97536,보류,False,,뚜렷한 강점 신호 부족,성장성 신뢰도 낮음,"최종=0.516, 채널력=0.353, 성장성=0.493, 팬밀도=0.630, 라이브=0.396, 실전성=0.975, 운영제외리스크=0.000, 검증필요리스크=0.308",순위 3단계 하락 / 최종점수 -0.001 / 성장성 -0.000
1196,1224,UCjIRcTv8GN2Hil6KeCPZAYA,AI 마트 : AI MART,창작·비주얼형,코스프레,26600.0,35314.6,0.0253838651946058,0.51573410612451,0.8479481641468682,0.2744033293568153,0.4568034557235421,0.4203721168874098,0.96,보류,False,,성장성 신뢰도 양호,AI/뉴스/자동생성성 채널 의심,"최종=0.516, 채널력=0.848, 성장성=0.274, 팬밀도=0.457, 라이브=0.420, 실전성=0.960, 운영제외리스크=0.200, 검증필요리스크=0.000",순위 7단계 상승 / 최종점수 -0.000 / 성장성 +0.004
1197,1225,UC03mOZ0V3aB1CnUDgSmmO2A,인포딕,음악·보이스형,애니송커버,20700.0,110989.6,0.0206678087016658,0.5156646293736502,0.6114065874730021,0.5,0.3617710583153348,0.3960583153347732,0.97536,보류,False,,뚜렷한 강점 신호 부족,성장성 신뢰도 낮음,"최종=0.516, 채널력=0.611, 성장성=0.500, 팬밀도=0.362, 라이브=0.396, 실전성=0.975, 운영제외리스크=0.000, 검증필요리스크=0.308",순위 6단계 하락 / 최종점수 -0.002
1198,1226,UCawY6uW94r1JcBuOTqHDfow,다주,음악·보이스형,성우더빙,439000.0,42449.4,0.0137579826724215,0.5155402983057198,0.8048326133909287,0.4049989555516631,0.2046436285097192,0.4203721168874098,0.9,보류,False,,성장성 신뢰도 양호,주요 자동 리스크 낮음,"최종=0.516, 채널력=0.805, 성장성=0.405, 팬밀도=0.205, 라이브=0.420, 실전성=0.900, 운영제외리스크=0.000, 검증필요리스크=0.000",순위 1137단계 하락 / 최종점수 -0.170 / 성장성 +0.000 / 버킷 변경: 즉시검토 → 보류
1199,1227,UC-eZwP1TivQOLJSDotTYFtA,KPOP라떼,음악·보이스형,커버,27400.0,187108.2,0.0106258518969027,0.5155069232692865,0.636055615550756,0.5819501647319424,0.1349892008639308,0.4203721168874098,0.99104,보류,False,,성장성 상위권 / 성장성 신뢰도 양호,주요 자동 리스크 낮음,"최종=0.516, 채널력=0.636, 성장성=0.582, 팬밀도=0.135, 라이브=0.420, 실전성=0.991, 운영제외리스크=0.000, 검증필요리스크=0.112",순위 2단계 하락 / 최종점수 -0.001 / 성장성 +0.000
1200,1228,UCsEE_EBi7gJTuuUOf_gB4JA,젤리 ZELLY,음악·보이스형,성우더빙,1520.0,5629.4,0.0305922985582809,0.5154740831462212,0.3510934125269979,0.4739668650020812,0.5572354211663066,0.4203721168874098,0.99104,보류,False,,뚜렷한 강점 신호 부족,주요 자동 리스크 낮음,"최종=0.515, 채널력=0.351, 성장성=0.474, 팬밀도=0.557, 라이브=0.420, 실전성=0.991, 운영제외리스크=0.000, 검증필요리스크=0.112",순위 2단계 하락 / 최종점수 -0.001 / 성장성 +0.000
1201,1229,UC0XV6TgLr0hSH6RfPaH7dNA,글고,음악·보이스형,성우더빙,4230.0,10463.4,0.0225061722675137,0.5153546611890032,0.5314659827213822,0.4928760593220339,0.4033477321814255,0.3960583153347732,0.98432,보류,False,,뚜렷한 강점 신호 부족,성장성 신뢰도 낮음,"최종=0.515, 채널력=0.531, 성장성=0.493, 팬밀도=0.403, 라이브=0.396, 실전성=0.984, 운영제외리스크=0.000, 검증필요리스크=0.196",순위 1단계 상승 / 최종점수 -0.001 / 성장성 -0.000
1202,1230,UCZMuxVd3rQ4uaYOSVrc9hHQ,감치치,,배그,6610.0,4784.6,0.0253137704163203,0.5150890880666811,0.4477051835853132,0.5075189745220822,0.4535637149028078,0.4203721168874098,0.98376,보류,False,,성장성 신뢰도 양호,상위 세그먼트 불명확,"최종=0.515, 채널력=0.448, 성장성=0.508, 팬밀도=0.454, 라이브=0.420, 실전성=0.984, 운영제외리스크=0.000, 검증필요리스크=0.203",순위 41단계 상승 / 최종점수 +0.004 / 성장성 +0.000
1203,1231,UCctyVKaoKkxdUepw-6x7nkg,츄르 CHUR,버츄얼 퍼포먼스형,버튜버,3640.0,16398.0,0.0210575804220326,0.5148903097440019,0.4888903887688984,0.5087070139898352,0.3725701943844492,0.4203721168874098,0.99104,보류,False,,성장성 신뢰도 양호,주요 자동 리스크 낮음,"최종=0.515, 채널력=0.489, 성장성=0.509, 팬밀도=0.373, 라이브=0.420, 실전성=0.991, 운영제외리스크=0.000, 검증필요리스크=0.112",순위 3단계 하락 / 최종점수 -0.001 / 성장성 +0.000
1204,1232,UCTHxX4eZ6aPc8jGC0OwIPzw,목소리너머,음악·보이스형,JPOP커버,1570.0,9687.8,0.0269398426014251,0.5147280024233993,0.4721247300215982,0.4715042372881355,0.4870410367170626,0.3960583153347732,0.98432,보류,False,,뚜렷한 강점 신호 부족,성장성 신뢰도 낮음,"최종=0.515, 채널력=0.472, 성장성=0.472, 팬밀도=0.487, 라이브=0.396, 실전성=0.984, 운영제외리스크=0.000, 검증필요리스크=0.196",순위 10단계 하락 / 최종점수 -0.002 / 성장성 -0.000
1205,1234,UC0OipkOIuheJ4Te6W__ZC3Q,메이플 희찍,,서브컬쳐게임,10100.0,20440.2,0.0075111923538036,0.5146738600519473,0.5434800215982721,0.6667898886025531,0.076133909287257,0.5333921763227738,0.98376,보류,False,,성장성 상위권 / 성장성 신뢰도 양호,상위 세그먼트 불명확,"최종=0.515, 채널력=0.543, 성장성=0.667, 팬밀도=0.076, 라이브=0.533, 실전성=0.984, 운영제외리스크=0.000, 검증필요리스크=0.203",순위 1단계 하락 / 최종점수 -0.001 / 성장성 +0.001
1206,1236,UCaFhdYSa2hELcf33_Ljq2mg,에반 Evan ASMR,음악·보이스형,ASMR,8870.0,2163.1,0.027769736377755,0.5142168333304167,0.4328698704103672,0.4760416875240349,0.5026997840172787,0.3006655789973652,1.0,보류,False,,실전성 리스크 낮음 / 성장성 신뢰도 양호,주요 자동 리스크 낮음,"최종=0.514, 채널력=0.433, 성장성=0.476, 팬밀도=0.503, 라이브=0.301, 실전성=1.000, 운영제외리스크=0.000, 검증필요리스크=0.000",순위 4단계 상승 / 최종점수 -0.001 / 성장성 -0.000
1207,1238,UCadsUQzjwELRcoloSYaCJlA,사마눈Samanoon,버츄얼 퍼포먼스형,버튜버,1110.0,11431.2,0.0316990074980905,0.513740223326134,0.3888363930885529,0.5,0.5755939524838013,0.3960583153347732,0.97536,보류,False,,뚜렷한 강점 신호 부족,성장성 신뢰도 낮음,"최종=0.514, 채널력=0.389, 성장성=0.500, 팬밀도=0.576, 라이브=0.396, 실전성=0.975, 운영제외리스크=0.000, 검증필요리스크=0.308",순위 1단계 상승 / 최종점수 -0.002
1208,1239,UCdoOfbTL5bIHhghPgxzg98Q,보셔유,창작·비주얼형,일러스트리깅,8300.0,2644.3,0.0145488090047626,0.5136460333640244,0.5217602591792656,0.5585218291400238,0.2246220302375809,0.4203721168874098,1.0,보류,False,,실전성 리스크 낮음 / 성장성 신뢰도 양호,주요 자동 리스크 낮음,"최종=0.514, 채널력=0.522, 성장성=0.559, 팬밀도=0.225, 라이브=0.420, 실전성=1.000, 운영제외리스크=0.000, 검증필요리스크=0.000",순위 12단계 상승 / 최종점수 +0.000 / 성장성 +0.000
1209,1240,UCiPXMY-SUQ7wAlziP40pqYQ,까퓰러ASMR Gapular,음악·보이스형,ASMR,74500.0,27482.3,0.0241490748668354,0.5135657267497926,0.5333288336933045,0.4955612478195266,0.4308855291576673,0.4203721168874098,0.97312,보류,False,,뚜렷한 강점 신호 부족,수집 영상 수 부족,"최종=0.514, 채널력=0.533, 성장성=0.496, 팬밀도=0.431, 라이브=0.420, 실전성=0.973, 운영제외리스크=0.000, 검증필요리스크=0.336",순위 2단계 하락 / 최종점수 -0.002 / 성장성 +0.000
1210,1242,UCb_tmEy4ziPZGpmoog3aXmA,크앙희,버츄얼 퍼포먼스형,버튜버,4340.0,4397.1,0.0351067891785712,0.5135149548460514,0.46002969762419,0.3460933947910014,0.6333693304535637,0.3070734541831007,1.0,보류,False,,실전성 리스크 낮음 / 성장성 신뢰도 양호,주요 자동 리스크 낮음,"최종=0.514, 채널력=0.460, 성장성=0.346, 팬밀도=0.633, 라이브=0.307, 실전성=1.000, 운영제외리스크=0.000, 검증필요리스크=0.000",순위 4단계 상승 / 최종점수 -0.000 / 성장성 -0.000
1211,1243,UCuaLRbI5FbTdbZ4b9xva4sA,제일 - JPOP,,커버기타,16900.0,253608.2,0.007782114833447,0.5134730335373265,0.697975161987041,0.5965676227240945,0.0826133909287257,0.4203721168874098,0.98376,보류,False,,성장성 상위권 / 성장성 신뢰도 양호,상위 세그먼트 불명확,"최종=0.513, 채널력=0.698, 성장성=0.597, 팬밀도=0.083, 라이브=0.420, 실전성=0.984, 운영제외리스크=0.000, 검증필요리스크=0.203",순위 52단계 상승 / 최종점수 +0.006 / 성장성 +0.001
1212,1245,UCIWXQaiOdCQBMdezMEyKV9Q,다유지먹방 Dietuzi ASMR,음악·보이스형,ASMR보이스,2480.0,1850.6,0.0194792277934078,0.5133218452457742,0.4410367170626349,0.5304240267738574,0.3396328293736501,0.4203721168874098,1.0,보류,False,,실전성 리스크 낮음,주요 자동 리스크 낮음,"최종=0.513, 채널력=0.441, 성장성=0.530, 팬밀도=0.340, 라이브=0.420, 실전성=1.000, 운영제외리스크=0.000, 검증필요리스크=0.000",순위 3단계 하락 / 최종점수 -0.001 / 성장성 -0.000
1213,1246,UC_aGbdBiH9vMpiJ1zHZ_gxg,리본 프로젝트 - Re:born project,음악·보이스형,커버,16500.0,982.1,0.0082919446385017,0.5131274065178423,0.4687230021598272,0.70016214671344,0.0950323974082073,0.4203721168874098,1.0,보류,False,,성장성 상위권 / 실전성 리스크 낮음 / 성장성 신뢰도 양호,주요 자동 리스크 낮음,"최종=0.513, 채널력=0.469, 성장성=0.700, 팬밀도=0.095, 라이브=0.420, 실전성=1.000, 운영제외리스크=0.000, 검증필요리스크=0.000",순위 187단계 하락 / 최종점수 -0.023 / 성장성 +0.000
1214,1247,UC1lnW9s6UONwCco_PUZdP4Q,샴푸의 제이팝,음악·보이스형,드럼연주,24300.0,75388.2,0.000850704501654,0.5130024588788569,0.5590847732181425,0.7659478921866719,0.0124190064794816,0.4203721168874098,0.98208,보류,False,,성장성 상위권 / 성장성 신뢰도 양호,수집 영상 수 부족,"최종=0.513, 채널력=0.559, 성장성=0.766, 팬밀도=0.012, 라이브=0.420, 실전성=0.982, 운영제외리스크=0.000, 검증필요리스크=0.224",순위 11단계 상승 / 최종점수 +0.000 / 성장성 +0.000
1215,1248,UC8x3jiwGL9ns3o0GJWg6oQQ,치지직 젠야타,,서브컬쳐게임,1240.0,3914.2,0.022287467543121,0.5129594596824714,0.4557775377969762,0.5006842758034061,0.398488120950324,0.4203721168874098,0.99272,보류,False,,성장성 신뢰도 양호,상위 세그먼트 불명확,"최종=0.513, 채널력=0.456, 성장성=0.501, 팬밀도=0.398, 라이브=0.420, 실전성=0.993, 운영제외리스크=0.000, 검증필요리스크=0.091",순위 217단계 하락 / 최종점수 -0.026 / 성장성 -0.001
1216,1250,UCQffTrP-OOXIsqGdB2uOK4A,금용 GoldDragon,음악·보이스형,보컬로이드JPOP커버,1670.0,1337.6,0.0375251853774779,0.5127920264251604,0.278023758099352,0.4989568521831121,0.6668466522678186,0.4203721168874098,0.97536,보류,False,,뚜렷한 강점 신호 부족,성장성 신뢰도 낮음,"최종=0.513, 채널력=0.278, 성장성=0.499, 팬밀도=0.667, 라이브=0.420, 실전성=0.975, 운영제외리스크=0.000, 검증필요리스크=0.308",순위 5단계 상승 / 최종점수 -0.000 / 성장성 -0.000
1217,1251,UCPFJ38xpfmicpe3V_Jl6lSQ,미우먀우 MIUmeow,버츄얼 퍼포먼스형,버튜버,1460.0,313.3,0.0624857409364134,0.512528831632664,0.0813309935205183,0.473559050664092,0.8601511879049676,0.4203721168874098,0.98208,보류,False,,팬밀도 상위권 / 성장성 신뢰도 양호,수집 영상 수 부족,"최종=0.513, 채널력=0.081, 성장성=0.474, 팬밀도=0.860, 라이브=0.420, 실전성=0.982, 운영제외리스크=0.000, 검증필요리스크=0.224",순위 39단계 상승 / 최종점수 +0.004 / 성장성 -0.000
1218,1252,UCM51jlEYyw-oqJvmFjW9nZA,베타갤럭틱,음악·보이스형,보컬로이드JPOP커버,4100.0,821.2,0.0476019982311211,0.5123720711720343,0.2517683585313175,0.3746226691979424,0.7688984881209503,0.4203721168874098,0.99104,보류,False,,성장성 신뢰도 양호,주요 자동 리스크 낮음,"최종=0.512, 채널력=0.252, 성장성=0.375, 팬밀도=0.769, 라이브=0.420, 실전성=0.991, 운영제외리스크=0.000, 검증필요리스크=0.112",순위 9단계 하락 / 최종점수 -0.002 / 성장성 -0.001
1219,1253,UCv5zt6MQkGGQo1tUZBFa6Yw,아리스마나,음악·보이스형,ASMR,9720.0,7947.2,0.0467910636446108,0.5123539275652523,0.3905642548596112,0.3219014830508474,0.759719222462203,0.3960583153347732,0.98208,보류,False,,뚜렷한 강점 신호 부족,수집 영상 수 부족,"최종=0.512, 채널력=0.391, 성장성=0.322, 팬밀도=0.760, 라이브=0.396, 실전성=0.982, 운영제외리스크=0.000, 검증필요리스크=0.224",최종점수 -0.001 / 성장성 -0.000
1220,1254,UCAQRJa6QRd0KryRdrqrRnfg,허정주 Joungjoo,음악·보이스형,커버,3320.0,16951.3,0.0182990790175096,0.5121900500299077,0.6980021598272137,0.343996063298493,0.3147948164146868,0.4203721168874098,1.0,보류,False,,실전성 리스크 낮음 / 성장성 신뢰도 양호,주요 자동 리스크 낮음,"최종=0.512, 채널력=0.698, 성장성=0.344, 팬밀도=0.315, 라이브=0.420, 실전성=1.000, 운영제외리스크=0.000, 검증필요리스크=0.000",순위 22단계 하락 / 최종점수 -0.004 / 성장성 -0.000
1221,1255,UC4luol03VMwWtKhMRJ4-jmg,링크뮤직 / LINK MUSIC,,게임기타,339000.0,160480.1,0.0082233867281657,0.5121755074093055,0.9250539956803456,0.4928760593220339,0.091792656587473,0.3960583153347732,0.87704,보류,False,,뚜렷한 강점 신호 부족,상위 세그먼트 불명확 / 성장성 신뢰도 낮음,"최종=0.512, 채널력=0.925, 성장성=0.493, 팬밀도=0.092, 라이브=0.396, 실전성=0.877, 운영제외리스크=0.000, 검증필요리스크=0.287",순위 1단계 하락 / 최종점수 -0.001 / 성장성 -0.000
1222,1256,UCXWVCYpZVxKmWwVXCAdkU-A,ASMR BADA 난바다,음악·보이스형,ASMR보이스,12600.0,25177.1,0.0239774623343415,0.5121187330453564,0.5283342332613391,0.5,0.4287257019438445,0.3960583153347732,0.97536,보류,False,,뚜렷한 강점 신호 부족,성장성 신뢰도 낮음,"최종=0.512, 채널력=0.528, 성장성=0.500, 팬밀도=0.429, 라이브=0.396, 실전성=0.975, 운영제외리스크=0.000, 검증필요리스크=0.308",순위 7단계 하락 / 최종점수 -0.001
1223,1257,UCb7lGHtiTj-ocJPbeLWH37A,소소한잼 Sosohanjam,창작·비주얼형,코스프레,1050000.0,771817.5,0.0153825655189577,0.5121118986560742,0.889389848812095,0.2940737084227995,0.2456803455723542,0.4203721168874098,0.9,보류,False,,성장성 신뢰도 양호,주요 자동 리스크 낮음,"최종=0.512, 채널력=0.889, 성장성=0.294, 팬밀도=0.246, 라이브=0.420, 실전성=0.900, 운영제외리스크=0.000, 검증필요리스크=0.000",최종점수 -0.001 / 성장성 +0.001
1224,1258,UCV6vKQrkXUVm54Z_BYL80rA,뽀먕 (유이의 리본 서랍),음악·보이스형,애니송커버,1260.0,909.3,0.0323177413746744,0.5120176525067163,0.1536042116630668,0.4230468951926797,0.5869330453563715,0.738474168723263,0.99104,보류,False,,라이브친화도 상위권 / 성장성 신뢰도 양호,주요 자동 리스크 낮음,"최종=0.512, 채널력=0.154, 성장성=0.423, 팬밀도=0.587, 라이브=0.738, 실전성=0.991, 운영제외리스크=0.000, 검증필요리스크=0.112",순위 14단계 하락 / 최종점수 -0.002 / 성장성 +0.001
1225,1259,UCcHC5AS732ddldNoRCz6RuQ,훅점프,,음악기타,11800.0,54102.4,0.0077233906035421,0.5119692689360534,0.7499190064794816,0.5146482659639161,0.0820734341252699,0.4203721168874098,0.99272,보류,False,,성장성 신뢰도 양호,상위 세그먼트 불명확,"최종=0.512, 채널력=0.750, 성장성=0.515, 팬밀도=0.082, 라이브=0.420, 실전성=0.993, 운영제외리스크=0.000, 검증필요리스크=0.091",순위 5단계 상승 / 최종점수 +0.000 / 성장성 -0.000
1226,1260,UCJ8d2xBUk2SHY6cSSuBy8iQ,보삼이,,배그,1280.0,1711.3,0.0207875947898158,0.5116504862110575,0.3937904967602592,0.569744328894546,0.3666306695464363,0.4203721168874098,0.99272,보류,False,,성장성 상위권 / 성장성 신뢰도 양호,상위 세그먼트 불명확,"최종=0.512, 채널력=0.394, 성장성=0.570, 팬밀도=0.367, 라이브=0.420, 실전성=0.993, 운영제외리스크=0.000, 검증필요리스크=0.091",최종점수 -0.001 / 성장성 +0.000
1227,1261,UCXDUWFd836VXjipiMNtHYeA,솔나른 게임창고,창작·비주얼형,일러스트리깅,2310.0,1287.4,0.0249938994896131,0.5116281230173646,0.4048596112311015,0.2254976992990509,0.4454643628509719,0.8761166194371611,1.0,보류,False,,라이브친화도 상위권 / 실전성 리스크 낮음 / 성장성 신뢰도 양호,주요 자동 리스크 낮음,"최종=0.512, 채널력=0.405, 성장성=0.225, 팬밀도=0.445, 라이브=0.876, 실전성=1.000, 운영제외리스크=0.000, 검증필요리스크=0.000",순위 16단계 하락 / 최종점수 -0.002 / 성장성 -0.001
1228,1262,UChHxLcNi7e0zu-e33HM6v6A,배돈,게임 실황형,니케,163000.0,43337.3,0.0100181460927781,0.5115457398836787,0.7200728941684664,0.4749630441863052,0.1231101511879049,0.4203721168874098,1.0,보류,False,,실전성 리스크 낮음 / 성장성 신뢰도 양호,주요 자동 리스크 낮음,"최종=0.512, 채널력=0.720, 성장성=0.475, 팬밀도=0.123, 라이브=0.420, 실전성=1.000, 운영제외리스크=0.000, 검증필요리스크=0.000",순위 21단계 상승 / 최종점수 +0.001 / 성장성 +0.001
1229,1264,UCqpGmmytjHbeLC2EvA_Q25A,즈칸,,버튜버편집자전향,1130.0,1597.1,0.0438986440214206,0.511337418254865,0.1931560475161986,0.4726636202882746,0.7354211663066955,0.4203721168874098,0.98376,보류,False,,뚜렷한 강점 신호 부족,상위 세그먼트 불명확,"최종=0.511, 채널력=0.193, 성장성=0.473, 팬밀도=0.735, 라이브=0.420, 실전성=0.984, 운영제외리스크=0.000, 검증필요리스크=0.203",순위 1단계 상승 / 최종점수 -0.000 / 성장성 +0.000
1230,1265,UCKzi-16Z7qFAsbCAm3mmnkg,흰맨,,서브컬쳐게임,5360.0,1726.0,0.0027674864957741,0.5112838334931611,0.473218142548596,0.6010724527670807,0.0237580993520518,0.7458344900015724,0.99272,보류,False,,성장성 상위권 / 라이브친화도 상위권 / 성장성 신뢰도 양호,상위 세그먼트 불명확,"최종=0.511, 채널력=0.473, 성장성=0.601, 팬밀도=0.024, 라이브=0.746, 실전성=0.993, 운영제외리스크=0.000, 검증필요리스크=0.091",순위 11단계 상승 / 최종점수 +0.001 / 성장성 +0.001
1231,1266,UC6ZeliIDAOqjz5u-_1g0iRg,롤한입,,게임기타,11500.0,84742.8,0.0075671503341718,0.5111563927398463,0.8607586393088552,0.426353860850958,0.079913606911447,0.4203721168874098,0.99272,보류,False,,성장성 신뢰도 양호,상위 세그먼트 불명확,"최종=0.511, 채널력=0.861, 성장성=0.426, 팬밀도=0.080, 라이브=0.420, 실전성=0.993, 운영제외리스크=0.000, 검증필요리스크=0.091",순위 4단계 하락 / 최종점수 -0.001 / 성장성 -0.000
1232,1267,UC_EngQdug6VcxZ3xcqgnWug,김준표,,게임기타,1380000.0,203146.6,0.0130552329078502,0.5109368017241472,0.9453428725701944,0.3185675245329341,0.1906047516198704,0.4203721168874098,0.89272,보류,False,,성장성 신뢰도 양호,상위 세그먼트 불명확,"최종=0.511, 채널력=0.945, 성장성=0.319, 팬밀도=0.191, 라이브=0.420, 실전성=0.893, 운영제외리스크=0.000, 검증필요리스크=0.091",순위 46단계 상승 / 최종점수 +0.006 / 성장성 -0.000
1233,1268,UCKNgBT4DI9dpZxJSgKfpBlg,로첸[ Rochen ],음악·보이스형,보컬로이드JPOP커버,1140.0,5641.9,0.0368342680807047,0.5108239166306696,0.2929670626349892,0.5,0.658207343412527,0.3960583153347732,0.97536,보류,False,,뚜렷한 강점 신호 부족,성장성 신뢰도 낮음,"최종=0.511, 채널력=0.293, 성장성=0.500, 팬밀도=0.658, 라이브=0.396, 실전성=0.975, 운영제외리스크=0.000, 검증필요리스크=0.308",순위 6단계 상승 / 최종점수 +0.000
1234,1270,UCAjO580oyUi_BElgi90CCaQ,호요용,게임 실황형,젠레스존제로,49800.0,105217.7,0.0010684454687627,0.5104690205829182,0.6284962203023758,0.6653538291581339,0.013498920086393,0.4203721168874098,0.99104,보류,False,,성장성 상위권 / 성장성 신뢰도 양호,주요 자동 리스크 낮음,"최종=0.510, 채널력=0.628, 성장성=0.665, 팬밀도=0.013, 라이브=0.420, 실전성=0.991, 운영제외리스크=0.000, 검증필요리스크=0.112",순위 8단계 상승 / 최종점수 +0.000 / 성장성 -0.000
1235,1271,UCBtHH4sZ7t0M5UYd6vWVqTA,깃털유머,음악·보이스형,ASMR보이스,836000.0,2712685.7,0.0124258216993248,0.5103270917192195,0.7453158747300216,0.4922131082086395,0.1754859611231101,0.4203721168874098,0.89104,보류,False,,성장성 신뢰도 양호,주요 자동 리스크 낮음,"최종=0.510, 채널력=0.745, 성장성=0.492, 팬밀도=0.175, 라이브=0.420, 실전성=0.891, 운영제외리스크=0.000, 검증필요리스크=0.112",순위 8단계 상승 / 최종점수 -0.000 / 성장성 +0.002
1236,1272,UCuL-jxAspLLruv77jUZontw,보니,음악·보이스형,애니송커버,2160.0,23303.625,0.0275357921431669,0.5103202644757145,0.4462338012958963,0.4916034058502406,0.4967602591792656,0.4203721168874098,0.97536,보류,False,,뚜렷한 강점 신호 부족,성장성 신뢰도 낮음,"최종=0.510, 채널력=0.446, 성장성=0.492, 팬밀도=0.497, 라이브=0.420, 실전성=0.975, 운영제외리스크=0.000, 검증필요리스크=0.308",순위 11단계 하락 / 최종점수 -0.002 / 성장성 -0.000
1237,1273,UCApWDA5tNe3wAiqmWWqiVYw,쉬었음베리,버츄얼 퍼포먼스형,버튜버,1260.0,19490.1,0.0225274914836644,0.5100031493099535,0.5060610151187905,0.4928760593220339,0.4044276457883369,0.3960583153347732,0.98432,보류,False,,뚜렷한 강점 신호 부족,성장성 신뢰도 낮음,"최종=0.510, 채널력=0.506, 성장성=0.493, 팬밀도=0.404, 라이브=0.396, 실전성=0.984, 운영제외리스크=0.000, 검증필요리스크=0.196",순위 4단계 상승 / 최종점수 -0.000 / 성장성 -0.000
1238,1274,UCBrs22A8VeKANRTb7wEDdVQ,아루베,음악·보이스형,보컬로이드JPOP커버,1740.0,14158.4,0.0300254072220328,0.5099567460043197,0.4002564794816415,0.5,0.546976241900648,0.3960583153347732,0.97536,보류,False,,뚜렷한 강점 신호 부족,성장성 신뢰도 낮음,"최종=0.510, 채널력=0.400, 성장성=0.500, 팬밀도=0.547, 라이브=0.396, 실전성=0.975, 운영제외리스크=0.000, 검증필요리스크=0.308",순위 6단계 하락 / 최종점수 -0.001
1239,1275,UCLyq1gz11P-IYFmP093JaAw,뷰티숨BEAUTYSOOM,음악·보이스형,ASMR,345000.0,174116.5,0.012698101269049,0.5097780902807775,0.7769843412526999,0.5,0.1825053995680345,0.3960583153347732,0.88432,보류,False,,뚜렷한 강점 신호 부족,성장성 신뢰도 낮음,"최종=0.510, 채널력=0.777, 성장성=0.500, 팬밀도=0.183, 라이브=0.396, 실전성=0.884, 운영제외리스크=0.000, 검증필요리스크=0.196",순위 3단계 하락 / 최종점수 -0.001
1240,1276,UCDjkdXSlnq3Y9oziBbWsz-g,어이 백씨,,서브컬쳐게임,3920.0,2240.2,0.0245831378012243,0.5096545358262383,0.4797246220302376,0.4395192823952305,0.4373650107991361,0.4203721168874098,0.99272,보류,False,,성장성 신뢰도 양호,상위 세그먼트 불명확,"최종=0.510, 채널력=0.480, 성장성=0.440, 팬밀도=0.437, 라이브=0.420, 실전성=0.993, 운영제외리스크=0.000, 검증필요리스크=0.091",순위 96단계 하락 / 최종점수 -0.013 / 성장성 +0.001
1241,1278,UCyJE9CSJpLRvIVmn-WE-VrQ,카스가 세이카 KASUGA SEIKA,게임 실황형,마인크래프트,1160.0,812.9,0.0269215529976255,0.5092813331044054,0.0972327213822893,0.4667226150654669,0.4865010799136069,0.9361810973398504,0.98208,보류,False,,라이브친화도 상위권 / 성장성 신뢰도 양호,수집 영상 수 부족,"최종=0.509, 채널력=0.097, 성장성=0.467, 팬밀도=0.487, 라이브=0.936, 실전성=0.982, 운영제외리스크=0.000, 검증필요리스크=0.224",순위 41단계 하락 / 최종점수 -0.006 / 성장성 +0.000
1242,1279,UCQTqKcCkodd7tiRrAzlqo-A,폭스토리,창작·비주얼형,코스프레,198000.0,1967243.2,0.009356511313527,0.5091428658706345,0.8036852051835853,0.4083224959909993,0.1133909287257019,0.4203721168874098,1.0,보류,False,,실전성 리스크 낮음 / 성장성 신뢰도 양호,주요 자동 리스크 낮음,"최종=0.509, 채널력=0.804, 성장성=0.408, 팬밀도=0.113, 라이브=0.420, 실전성=1.000, 운영제외리스크=0.000, 검증필요리스크=0.000",순위 5단계 상승 / 최종점수 -0.001 / 성장성 +0.001
1243,1280,UCzI9yvtQoM7XA9yMYJqqP5A,떡 먹는 키리,음악·보이스형,보컬로이드JPOP커버,1950.0,1350.5,0.023168382158451,0.509055615550756,0.401889848812095,0.5,0.4146868250539957,0.3960583153347732,1.0,보류,False,,실전성 리스크 낮음 / 성장성 신뢰도 양호,주요 자동 리스크 낮음,"최종=0.509, 채널력=0.402, 성장성=0.500, 팬밀도=0.415, 라이브=0.396, 실전성=1.000, 운영제외리스크=0.000, 검증필요리스크=0.000",순위 8단계 상승 / 최종점수 -0.000
1244,1281,UC1bq7azjty09LgG1s8HpvWg,강희또,버츄얼 퍼포먼스형,버튜버,1090.0,7555.9,0.0240257823515122,0.5089224006173024,0.4227186825053995,0.4948386714592748,0.4292656587473002,0.4203721168874098,0.99104,보류,False,,뚜렷한 강점 신호 부족,주요 자동 리스크 낮음,"최종=0.509, 채널력=0.423, 성장성=0.495, 팬밀도=0.429, 라이브=0.420, 실전성=0.991, 운영제외리스크=0.000, 검증필요리스크=0.112",순위 1단계 하락 / 최종점수 -0.001 / 성장성 +0.000
1245,1282,UC0MdHy-MxyDwfcKzZ_wjamA,버츄얼 페이지,버츄얼 퍼포먼스형,버튜버,5830.0,13146.2,0.0294188866847459,0.5087365119911639,0.4123785097192224,0.4595483749928903,0.5296976241900648,0.4203721168874098,0.98208,보류,False,,성장성 신뢰도 양호,수집 영상 수 부족,"최종=0.509, 채널력=0.412, 성장성=0.460, 팬밀도=0.530, 라이브=0.420, 실전성=0.982, 운영제외리스크=0.000, 검증필요리스크=0.224",순위 12단계 하락 / 최종점수 -0.002 / 성장성 -0.000
1246,1283,UCcIhQnFNY6zk48slvte76fw,봄파늘,음악·보이스형,애니송커버,10600.0,316010.2,0.0041377041709595,0.5086977298987503,0.6535502159827213,0.6215239341660812,0.0361771058315334,0.4203721168874098,0.99104,보류,False,,성장성 상위권 / 성장성 신뢰도 양호,주요 자동 리스크 낮음,"최종=0.509, 채널력=0.654, 성장성=0.622, 팬밀도=0.036, 라이브=0.420, 실전성=0.991, 운영제외리스크=0.000, 검증필요리스크=0.112",순위 6단계 상승 / 최종점수 -0.000 / 성장성 +0.001
1247,1284,UCda9KhwrS1GTAWXHPPk-GpA,아리마 류🍷,음악·보이스형,ASMR보이스,1040.0,1331.8,0.0297566970169109,0.5086746885529158,0.35542656587473,0.5,0.5399568034557235,0.3960583153347732,0.98432,보류,False,,뚜렷한 강점 신호 부족,성장성 신뢰도 낮음,"최종=0.509, 채널력=0.355, 성장성=0.500, 팬밀도=0.540, 라이브=0.396, 실전성=0.984, 운영제외리스크=0.000, 검증필요리스크=0.196",순위 3단계 하락 / 최종점수 -0.002
1248,1286,UCxlBX86fkh8Fg33bAwqN0TQ,상속 증여 마스터 김민식세무사,버츄얼 퍼포먼스형,버튜버,7960.0,14526.8,0.0121507343184363,0.5085713989367777,0.5834368250539957,0.535635908592236,0.1690064794816414,0.4203721168874098,1.0,보류,False,,실전성 리스크 낮음 / 성장성 신뢰도 양호,주요 자동 리스크 낮음,"최종=0.509, 채널력=0.583, 성장성=0.536, 팬밀도=0.169, 라이브=0.420, 실전성=1.000, 운영제외리스크=0.000, 검증필요리스크=0.000",순위 1단계 하락 / 최종점수 -0.001 / 성장성 -0.001
1249,1287,UCatNJQU7r5Y37rxUEhSdc3Q,핫치타,,음악기타,2840.0,549261.9,0.0095693182054342,0.5085149628131156,0.5701538876889848,0.653836122066044,0.1150107991360691,0.4203721168874098,0.98376,보류,False,,성장성 상위권 / 성장성 신뢰도 양호,상위 세그먼트 불명확,"최종=0.509, 채널력=0.570, 성장성=0.654, 팬밀도=0.115, 라이브=0.420, 실전성=0.984, 운영제외리스크=0.000, 검증필요리스크=0.203",순위 5단계 상승 / 최종점수 -0.000 / 성장성 +0.000
1250,1288,UCVhMvI1O0BBhpjszeB3X9cA,포프,게임 실황형,로블록스,1470.0,2348.2,0.0224283195999142,0.5084952443589329,0.2461258099352051,0.6537014966087265,0.4017278617710583,0.4203721168874098,0.99104,보류,False,,성장성 상위권 / 성장성 신뢰도 양호,주요 자동 리스크 낮음,"최종=0.508, 채널력=0.246, 성장성=0.654, 팬밀도=0.402, 라이브=0.420, 실전성=0.991, 운영제외리스크=0.000, 검증필요리스크=0.112",순위 3단계 상승 / 최종점수 -0.000 / 성장성 +0.001
1251,1289,UCdSwRzGIr04CsuL5GEpSXVg,전기오크,게임 실황형,발로란트,4030.0,66.6,0.0106095966429994,0.5084668867196247,0.1549271058315334,0.6965108757586823,0.1344492440604751,0.8660389635396776,0.99104,보류,False,,성장성 상위권 / 라이브친화도 상위권 / 성장성 신뢰도 양호,주요 자동 리스크 낮음,"최종=0.508, 채널력=0.155, 성장성=0.697, 팬밀도=0.134, 라이브=0.866, 실전성=0.991, 운영제외리스크=0.000, 검증필요리스크=0.112",순위 3단계 하락 / 최종점수 -0.001 / 성장성 +0.000
1252,1290,UC7X4GJzVE_WOE9gajcpeT5w,나나크림,게임 실황형,원신,1470.0,948.0,0.043553412593497,0.5084065300215983,0.2074649028077753,0.5,0.7327213822894169,0.3960583153347732,0.97536,보류,False,,뚜렷한 강점 신호 부족,성장성 신뢰도 낮음,"최종=0.508, 채널력=0.207, 성장성=0.500, 팬밀도=0.733, 라이브=0.396, 실전성=0.975, 운영제외리스크=0.000, 검증필요리스크=0.308",순위 82단계 하락 / 최종점수 -0.010
1253,1291,UCvVDAxjWS4U32Y2TrJQItPQ,처음듣는찬양단,음악·보이스형,애니송커버,2970.0,1238.3,0.0296458754190149,0.5080243661352719,0.4164416846652267,0.3759772292718319,0.5367170626349892,0.4203721168874098,1.0,보류,False,,실전성 리스크 낮음 / 성장성 신뢰도 양호,주요 자동 리스크 낮음,"최종=0.508, 채널력=0.416, 성장성=0.376, 팬밀도=0.537, 라이브=0.420, 실전성=1.000, 운영제외리스크=0.000, 검증필요리스크=0.000",순위 16단계 하락 / 최종점수 -0.003 / 성장성 -0.001
1254,1292,UC6seXzZUyrP_HSyLG_Zt8wg,해냄 HAENAEM,버츄얼 퍼포먼스형,버튜버,1810.0,1451.4,0.0308165405981761,0.5079080776650668,0.3266333693304535,0.4249130009340894,0.5637149028077754,0.4203721168874098,1.0,보류,False,,실전성 리스크 낮음 / 성장성 신뢰도 양호,주요 자동 리스크 낮음,"최종=0.508, 채널력=0.327, 성장성=0.425, 팬밀도=0.564, 라이브=0.420, 실전성=1.000, 운영제외리스크=0.000, 검증필요리스크=0.000",순위 1단계 상승 / 최종점수 -0.000 / 성장성 +0.000
1255,1293,UCh-xMvUX83mFYcAoZ8IUCEg,헤이아스,,서브컬쳐게임,2090.0,209.0,0.0155978980288446,0.5076119329252364,0.3238120950323973,0.4670563069002919,0.25377969762419,0.8532824840580361,0.99272,보류,False,,라이브친화도 상위권,상위 세그먼트 불명확,"최종=0.508, 채널력=0.324, 성장성=0.467, 팬밀도=0.254, 라이브=0.853, 실전성=0.993, 운영제외리스크=0.000, 검증필요리스크=0.091",순위 1단계 상승 / 최종점수 -0.001 / 성장성 +0.000
1256,1294,UCv1qiWTxRPEIeWMIMLoM6fw,따라쟁이 이브,음악·보이스형,성우더빙,1350.0,1223.8,0.0370671964867627,0.5074023490178726,0.141590172786177,0.5636040872990159,0.661987041036717,0.4203721168874098,0.98208,보류,False,,성장성 신뢰도 양호,수집 영상 수 부족,"최종=0.507, 채널력=0.142, 성장성=0.564, 팬밀도=0.662, 라이브=0.420, 실전성=0.982, 운영제외리스크=0.000, 검증필요리스크=0.224",순위 4단계 상승 / 최종점수 -0.000 / 성장성 +0.000
1257,1295,UC_UGlQiY9ZDflrL7A1YlIXw,사월 April,음악·보이스형,ASMR,7680.0,1367.6,0.0158023410711267,0.5068971821165311,0.3902132829373649,0.610625013900982,0.2591792656587473,0.4203721168874098,1.0,보류,False,,성장성 상위권 / 실전성 리스크 낮음 / 성장성 신뢰도 양호,주요 자동 리스크 낮음,"최종=0.507, 채널력=0.390, 성장성=0.611, 팬밀도=0.259, 라이브=0.420, 실전성=1.000, 운영제외리스크=0.000, 검증필요리스크=0.000",순위 12단계 상승 / 최종점수 +0.001 / 성장성 +0.001
1258,1296,UCPY-TVXtVB9C1xbeIdSJh2w,래비는 토끼,버츄얼 퍼포먼스형,버튜버,1820.0,1051.5,0.0322536386716538,0.5068542241900648,0.3012553995680345,0.5,0.5858531317494601,0.3960583153347732,0.98432,보류,False,,뚜렷한 강점 신호 부족,성장성 신뢰도 낮음,"최종=0.507, 채널력=0.301, 성장성=0.500, 팬밀도=0.586, 라이브=0.396, 실전성=0.984, 운영제외리스크=0.000, 검증필요리스크=0.196",최종점수 -0.001
1259,1297,UC-qNbAxnjtfR8W9qMpVLNAg,베이블루 아카데미 vablue academy,버츄얼 퍼포먼스형,버튜버,4110.0,9467.1,0.0351694259225312,0.5066651305057566,0.597219222462203,0.3001508940630569,0.6344492440604752,0.4203721168874098,0.8200000000000001,보류,False,,성장성 신뢰도 양호,주요 자동 리스크 낮음,"최종=0.507, 채널력=0.597, 성장성=0.300, 팬밀도=0.634, 라이브=0.420, 실전성=0.820, 운영제외리스크=0.100, 검증필요리스크=0.000",순위 2단계 상승 / 최종점수 -0.000 / 성장성 +0.000
1260,1298,UCQawfVvdiMLg-nIZcF6cyrA,스노하라 스나,버츄얼 퍼포먼스형,버튜버,1250.0,2315.4,0.0138600139915539,0.5066568168193513,0.4162257019438444,0.6309049110577679,0.2062634989200863,0.4203721168874098,1.0,보류,False,,성장성 상위권 / 실전성 리스크 낮음 / 성장성 신뢰도 양호,주요 자동 리스크 낮음,"최종=0.507, 채널력=0.416, 성장성=0.631, 팬밀도=0.206, 라이브=0.420, 실전성=1.000, 운영제외리스크=0.000, 검증필요리스크=0.000",순위 1단계 하락 / 최종점수 -0.001 / 성장성 -0.000
1261,1299,UCo7fpUcovIxsQ2rKa10wARw,아박수,,서브컬쳐게임,1150.0,111.5,0.0344764884519326,0.5066141020636873,0.2727051835853131,0.4462246138356722,0.6220302375809935,0.4203721168874098,0.99272,보류,False,,성장성 신뢰도 양호,상위 세그먼트 불명확,"최종=0.507, 채널력=0.273, 성장성=0.446, 팬밀도=0.622, 라이브=0.420, 실전성=0.993, 운영제외리스크=0.000, 검증필요리스크=0.091",순위 75단계 하락 / 최종점수 -0.010 / 성장성 -0.000
1262,1301,UCZV7Hbe42zukWMAp7uAmKfg,강감자,버츄얼 퍼포먼스형,버튜버,1220.0,1335.1,0.0344722458451393,0.5065507751107358,0.1401322894168466,0.5935271147673563,0.6214902807775378,0.4203721168874098,0.98208,보류,False,,성장성 상위권 / 성장성 신뢰도 양호,수집 영상 수 부족,"최종=0.507, 채널력=0.140, 성장성=0.594, 팬밀도=0.621, 라이브=0.420, 실전성=0.982, 운영제외리스크=0.000, 검증필요리스크=0.224",순위 53단계 상승 / 최종점수 +0.007 / 성장성 +0.000
1263,1303,UCTdBl-ksjdObuasuuPCydkQ,오프는 쉬는 날,음악·보이스형,ASMR보이스,13400.0,57976.9,0.018435961923582,0.5061124424792355,0.6097057235421166,0.4257048345422354,0.3174946004319654,0.4203721168874098,0.99104,보류,False,,성장성 신뢰도 양호,주요 자동 리스크 낮음,"최종=0.506, 채널력=0.610, 성장성=0.426, 팬밀도=0.317, 라이브=0.420, 실전성=0.991, 운영제외리스크=0.000, 검증필요리스크=0.112",순위 2단계 하락 / 최종점수 -0.000 / 성장성 +0.000
1264,1304,UCEEjlc6eCKy5-uAGNRkKiwQ,짐니월드,음악·보이스형,애니송커버,1760.0,1536.7,0.0298457412081809,0.505325904019772,0.329225161987041,0.4655118593283229,0.5437365010799136,0.4203721168874098,0.99104,보류,False,,뚜렷한 강점 신호 부족,주요 자동 리스크 낮음,"최종=0.505, 채널력=0.329, 성장성=0.466, 팬밀도=0.544, 라이브=0.420, 실전성=0.991, 운영제외리스크=0.000, 검증필요리스크=0.112",순위 93단계 하락 / 최종점수 -0.013 / 성장성 +0.000
1265,1305,UC3MmqlbBnMswo3ERcSYYdZA,유이리,버츄얼 퍼포먼스형,버튜버,9570.0,33001.4,0.0188792485321872,0.505114040454662,0.6043736501079914,0.4928760593220339,0.3299136069114471,0.3960583153347732,0.97536,보류,False,,뚜렷한 강점 신호 부족,성장성 신뢰도 낮음,"최종=0.505, 채널력=0.604, 성장성=0.493, 팬밀도=0.330, 라이브=0.396, 실전성=0.975, 운영제외리스크=0.000, 검증필요리스크=0.308",순위 1단계 하락 / 최종점수 -0.001 / 성장성 -0.000
1266,1307,UCYF3RA_oanyl1JRGFX95hwg,윤노아의방주 (Yoon NoA),음악·보이스형,보컬로이드JPOP커버,1450.0,930.8,0.0267522292499803,0.5048210953127586,0.237742980561555,0.475547960262575,0.4848812095032397,0.6187676308332184,0.99104,보류,False,,뚜렷한 강점 신호 부족,주요 자동 리스크 낮음,"최종=0.505, 채널력=0.238, 성장성=0.476, 팬밀도=0.485, 라이브=0.619, 실전성=0.991, 운영제외리스크=0.000, 검증필요리스크=0.112",순위 7단계 하락 / 최종점수 -0.002 / 성장성 -0.000
1267,1309,UC3gZDn4lBYN88nK6nnm1u5w,아치치,버츄얼 퍼포먼스형,버튜버,1100.0,2025.1,0.02674888863278,0.5047367835853132,0.3931425485961123,0.5,0.484341252699784,0.3960583153347732,0.98432,보류,False,,뚜렷한 강점 신호 부족,성장성 신뢰도 낮음,"최종=0.505, 채널력=0.393, 성장성=0.500, 팬밀도=0.484, 라이브=0.396, 실전성=0.984, 운영제외리스크=0.000, 검증필요리스크=0.196",순위 291단계 하락 / 최종점수 -0.035
1268,1311,UC1y0o3JTGcGrVnS1LQMfyaQ,췌드방송,게임 실황형,명조,1660.0,2495.9,0.0134918339455211,0.5043850769567877,0.2152132829373649,0.7538766079509939,0.1981641468682505,0.6173746144884933,0.98208,보류,False,,성장성 상위권 / 성장성 신뢰도 양호,수집 영상 수 부족,"최종=0.504, 채널력=0.215, 성장성=0.754, 팬밀도=0.198, 라이브=0.617, 실전성=0.982, 운영제외리스크=0.000, 검증필요리스크=0.224",순위 104단계 상승 / 최종점수 +0.016 / 성장성 -0.001
1269,1313,UCwXuz2i57jUsdE2EKvPIweA,요조숙찬 chanchan,음악·보이스형,보컬로이드JPOP커버,10200.0,1150.6,0.0355663379097246,0.5040884954643629,0.2780102591792656,0.5,0.642548596112311,0.3960583153347732,0.97536,보류,False,,뚜렷한 강점 신호 부족,성장성 신뢰도 낮음,"최종=0.504, 채널력=0.278, 성장성=0.500, 팬밀도=0.643, 라이브=0.396, 실전성=0.975, 운영제외리스크=0.000, 검증필요리스크=0.308",순위 6단계 상승 / 최종점수 -0.000
1270,1314,UCpNTS4E-CT6n9ucGFxt9fEQ,썰골렘,버츄얼 퍼포먼스형,버튜버,11700.0,24168.6,0.0214662315806501,0.5040325371492262,0.5229076673866091,0.4372618681137082,0.3801295896328294,0.4203721168874098,0.99104,보류,False,,뚜렷한 강점 신호 부족,주요 자동 리스크 낮음,"최종=0.504, 채널력=0.523, 성장성=0.437, 팬밀도=0.380, 라이브=0.420, 실전성=0.991, 운영제외리스크=0.000, 검증필요리스크=0.112",순위 2단계 상승 / 최종점수 -0.001 / 성장성 +0.000
1271,1315,UCS3mTKFcEjdyzkZKYkS81tg,패브로,버츄얼 퍼포먼스형,버튜버,1090.0,844.8,0.0139012995943255,0.5039491862861922,0.3219762419006479,0.4305550427001557,0.2073434125269978,0.9129563357071108,1.0,보류,False,,라이브친화도 상위권 / 실전성 리스크 낮음,주요 자동 리스크 낮음,"최종=0.504, 채널력=0.322, 성장성=0.431, 팬밀도=0.207, 라이브=0.913, 실전성=1.000, 운영제외리스크=0.000, 검증필요리스크=0.000",순위 8단계 상승 / 최종점수 +0.000 / 성장성 +0.000
1272,1316,UCEUSANZNPXY1JsBoqhQIgxQ,독고독채널,,서브컬쳐게임,663000.0,436631.1,0.0122804516689943,0.5039437625635498,0.7317899568034558,0.5119685216684122,0.1722462203023758,0.4203721168874098,0.88376,보류,False,,성장성 신뢰도 양호,상위 세그먼트 불명확,"최종=0.504, 채널력=0.732, 성장성=0.512, 팬밀도=0.172, 라이브=0.420, 실전성=0.884, 운영제외리스크=0.000, 검증필요리스크=0.203",순위 5단계 하락 / 최종점수 -0.001 / 성장성 +0.001
1273,1317,UC1QAXRLg05An8geDJfOT6lQ,흑골이,창작·비주얼형,코스프레,3880.0,6304.1,0.026269295534698,0.5037707308855293,0.4444924406047517,0.5,0.474622030237581,0.3960583153347732,0.97536,보류,False,,뚜렷한 강점 신호 부족,성장성 신뢰도 낮음,"최종=0.504, 채널력=0.444, 성장성=0.500, 팬밀도=0.475, 라이브=0.396, 실전성=0.975, 운영제외리스크=0.000, 검증필요리스크=0.308",순위 7단계 하락 / 최종점수 -0.002
1274,1318,UCkD1740Q00tGS_TKSbgvHsQ,므어 ASMR,버츄얼 퍼포먼스형,버튜버,1270.0,24091.0,0.0260653826235463,0.5037618215982722,0.4493115550755939,0.5,0.4697624190064794,0.3960583153347732,0.97536,보류,False,,뚜렷한 강점 신호 부족,성장성 신뢰도 낮음,"최종=0.504, 채널력=0.449, 성장성=0.500, 팬밀도=0.470, 라이브=0.396, 실전성=0.975, 운영제외리스크=0.000, 검증필요리스크=0.308",순위 12단계 하락 / 최종점수 -0.002
1275,1319,UCydmqvyDY-gV2znQI81d8RA,지구 온 은하,창작·비주얼형,코스프레,5910.0,33010.9,0.0136930553512312,0.5030577881882228,0.5863930885529157,0.5230538013986158,0.203023758099352,0.4203721168874098,0.99104,보류,False,,성장성 신뢰도 양호,주요 자동 리스크 낮음,"최종=0.503, 채널력=0.586, 성장성=0.523, 팬밀도=0.203, 라이브=0.420, 실전성=0.991, 운영제외리스크=0.000, 검증필요리스크=0.112",순위 20단계 상승 / 최종점수 +0.002 / 성장성 +0.003
1276,1320,UC0_-ewBNU6oO64YuT9ko51Q,고래콘,창작·비주얼형,코스프레,1870.0,31368.3,0.0253922914933336,0.5028530742980561,0.4570599352051835,0.5,0.4578833693304535,0.3960583153347732,0.97536,보류,False,,뚜렷한 강점 신호 부족,성장성 신뢰도 낮음,"최종=0.503, 채널력=0.457, 성장성=0.500, 팬밀도=0.458, 라이브=0.396, 실전성=0.975, 운영제외리스크=0.000, 검증필요리스크=0.308",순위 2단계 하락 / 최종점수 -0.002
1277,1321,UC5pa6ld3t65QFhwZveKJkMg,다이노밴드 (DinoBand),음악·보이스형,애니송커버,292000.0,238009.2,0.004857343636967,0.5027865877365743,0.8595302375809935,0.4715042372881355,0.0453563714902807,0.3960583153347732,0.98432,보류,False,,뚜렷한 강점 신호 부족,성장성 신뢰도 낮음,"최종=0.503, 채널력=0.860, 성장성=0.472, 팬밀도=0.045, 라이브=0.396, 실전성=0.984, 운영제외리스크=0.000, 검증필요리스크=0.196",순위 4단계 상승 / 최종점수 -0.001 / 성장성 -0.000
1278,1322,UCzv7UB2cZN5D0zHLehF8DwQ,나루조물딱,버츄얼 퍼포먼스형,버튜버,3690.0,6572.8,0.0247591181645366,0.5025728613840303,0.4459503239740821,0.4441505222383171,0.4416846652267818,0.4203721168874098,0.99104,보류,False,,성장성 신뢰도 양호,주요 자동 리스크 낮음,"최종=0.503, 채널력=0.446, 성장성=0.444, 팬밀도=0.442, 라이브=0.420, 실전성=0.991, 운영제외리스크=0.000, 검증필요리스크=0.112",순위 5단계 하락 / 최종점수 -0.002 / 성장성 -0.000
1279,1323,UC2_XrCN1HzKIfaT9I92qURA,뽕이냐락이냐,음악·보이스형,애니송커버,3850.0,22277.1,0.0214631589278194,0.5025065890507743,0.5428455723542117,0.4928760593220339,0.3795896328293736,0.3960583153347732,0.97536,보류,False,,뚜렷한 강점 신호 부족,성장성 신뢰도 낮음,"최종=0.503, 채널력=0.543, 성장성=0.493, 팬밀도=0.380, 라이브=0.396, 실전성=0.975, 운영제외리스크=0.000, 검증필요리스크=0.308",순위 3단계 상승 / 최종점수 -0.001 / 성장성 -0.000
1280,1324,UC0U7f3TJG_nSxV8t0fdKqXQ,박찐따,창작·비주얼형,코스프레,17100.0,802.4,0.0264798329821177,0.5024518686422631,0.3395383369330453,0.4967816959544676,0.4805615550755939,0.4203721168874098,0.99104,보류,False,,성장성 신뢰도 양호,주요 자동 리스크 낮음,"최종=0.502, 채널력=0.340, 성장성=0.497, 팬밀도=0.481, 라이브=0.420, 실전성=0.991, 운영제외리스크=0.000, 검증필요리스크=0.112",순위 2단계 하락 / 최종점수 -0.001 / 성장성 +0.000
1281,1325,UCe9a_Mun03cLOGbB4tKxk9g,아이니 ASMR,게임 실황형,롤,3340.0,24094.7,0.0210388461226751,0.5022264544276459,0.5406047516198704,0.5,0.3714902807775378,0.3960583153347732,0.97536,보류,False,,뚜렷한 강점 신호 부족,성장성 신뢰도 낮음,"최종=0.502, 채널력=0.541, 성장성=0.500, 팬밀도=0.371, 라이브=0.396, 실전성=0.975, 운영제외리스크=0.000, 검증필요리스크=0.308",순위 1단계 하락 / 최종점수 -0.001
1282,1328,UCRuGc0MF3ckGwIJsKSH1r_w,팔공삼 ASMR,음악·보이스형,ASMR,1510.0,994.5,0.0538754459831127,0.5019711102125591,0.1332208423326133,0.497393470461156,0.8104751619870411,0.4203721168874098,0.9664,보류,False,,팬밀도 상위권,수집 영상 수 부족 / 성장성 신뢰도 낮음,"최종=0.502, 채널력=0.133, 성장성=0.497, 팬밀도=0.810, 라이브=0.420, 실전성=0.966, 운영제외리스크=0.000, 검증필요리스크=0.420",순위 9단계 상승 / 최종점수 +0.001 / 성장성 -0.000
1283,1329,UCwiUkaroeNv1v_Sr8rZVlxw,마토마 matoma,,서브컬쳐게임,4190.0,1302.6,0.0332841288963544,0.501824278201691,0.4366630669546436,0.31726411978982,0.6004319654427646,0.4203721168874098,0.99272,보류,False,,성장성 신뢰도 양호,상위 세그먼트 불명확,"최종=0.502, 채널력=0.437, 성장성=0.317, 팬밀도=0.600, 라이브=0.420, 실전성=0.993, 운영제외리스크=0.000, 검증필요리스크=0.091",순위 417단계 상승 / 최종점수 +0.094 / 성장성 -0.000
1284,1330,UCzT73Q8CTPy7iRwv-qVr2Vw,미스정,창작·비주얼형,코스프레,3530.0,3347.8,0.0263305375315481,0.5016080463492961,0.2793061555075593,0.5797988409587589,0.4773218142548596,0.4203721168874098,0.98208,보류,False,,성장성 상위권 / 성장성 신뢰도 양호,수집 영상 수 부족,"최종=0.502, 채널력=0.279, 성장성=0.580, 팬밀도=0.477, 라이브=0.420, 실전성=0.982, 운영제외리스크=0.000, 검증필요리스크=0.224",순위 1단계 하락 / 최종점수 -0.001 / 성장성 +0.000
1285,1331,UCYcNX3eCAq9QxjRda0NNYYw,뇌지컬,,서브컬쳐게임,26900.0,2738.8,0.0043712694850083,0.5014245111005702,0.563876889848812,0.4607578935647437,0.0383369330453563,0.7876777324381656,0.99272,보류,False,,라이브친화도 상위권,상위 세그먼트 불명확,"최종=0.501, 채널력=0.564, 성장성=0.461, 팬밀도=0.038, 라이브=0.788, 실전성=0.993, 운영제외리스크=0.000, 검증필요리스크=0.091",순위 2단계 상승 / 최종점수 -0.000 / 성장성 -0.000
1286,1332,UC4Y-akSXEV0-l-d5V38I2aw,Savi-soundonly (사비),음악·보이스형,애니송커버,1720.0,2441.8,0.0339113537362976,0.5013028583153348,0.2955858531317494,0.5,0.6123110151187905,0.3960583153347732,0.97536,보류,False,,뚜렷한 강점 신호 부족,성장성 신뢰도 낮음,"최종=0.501, 채널력=0.296, 성장성=0.500, 팬밀도=0.612, 라이브=0.396, 실전성=0.975, 운영제외리스크=0.000, 검증필요리스크=0.308",순위 2단계 하락 / 최종점수 -0.001
1287,1333,UCCpdOSrrZkqJvnbXuAJafLQ,걸e,음악·보이스형,성우더빙,2140.0,468.3,0.0267011053680733,0.5010015564053039,0.2291306695464362,0.4555409803778973,0.4816414686825054,0.6480334099275029,0.99104,보류,False,,라이브친화도 상위권 / 성장성 신뢰도 양호,주요 자동 리스크 낮음,"최종=0.501, 채널력=0.229, 성장성=0.456, 팬밀도=0.482, 라이브=0.648, 실전성=0.991, 운영제외리스크=0.000, 검증필요리스크=0.112",순위 13단계 하락 / 최종점수 -0.003 / 성장성 -0.000
1288,1334,UCedlcm8y83KkTrSKMIRatMw,갓메이,,서브컬쳐게임,22800.0,10312.1,0.0146248945008758,0.500994724838013,0.6705453563714903,0.5,0.2273218142548596,0.3960583153347732,0.97704,보류,False,,뚜렷한 강점 신호 부족,상위 세그먼트 불명확 / 성장성 신뢰도 낮음,"최종=0.501, 채널력=0.671, 성장성=0.500, 팬밀도=0.227, 라이브=0.396, 실전성=0.977, 운영제외리스크=0.000, 검증필요리스크=0.287",순위 11단계 상승 / 최종점수 +0.000
1289,1336,UC3k6TEKVey2kb6_wuxPFI5A,라미의 멀티뮤지엄,음악·보이스형,JPOP커버,105000.0,75902.2,0.0007288087428574,0.5007639872747813,0.8138498920086392,0.4518677305645879,0.009719222462203,0.4203721168874098,1.0,보류,False,,실전성 리스크 낮음 / 성장성 신뢰도 양호,주요 자동 리스크 낮음,"최종=0.501, 채널력=0.814, 성장성=0.452, 팬밀도=0.010, 라이브=0.420, 실전성=1.000, 운영제외리스크=0.000, 검증필요리스크=0.000",순위 13단계 상승 / 최종점수 +0.000 / 성장성 +0.001
1290,1337,UCA2ztZuXhSktpdxb419WvCQ,루시드리 - 호요게이머,,서브컬쳐게임,8240.0,7341.7,0.0134646922077731,0.5007294561586224,0.6057235421166307,0.497012634091419,0.1976241900647948,0.4203721168874098,0.99272,보류,False,,뚜렷한 강점 신호 부족,상위 세그먼트 불명확,"최종=0.501, 채널력=0.606, 성장성=0.497, 팬밀도=0.198, 라이브=0.420, 실전성=0.993, 운영제외리스크=0.000, 검증필요리스크=0.091",순위 10단계 상승 / 최종점수 +0.000 / 성장성 +0.001
1291,1338,UCUy5uEA-WEW4dzqK7IeA3qw,경환몬유튜브,,서브컬쳐게임,18200.0,2939.6,0.0028633835773281,0.5007122540593649,0.5588552915766738,0.3774025166932047,0.0259179265658747,0.9641056092927128,0.99272,보류,False,,라이브친화도 상위권 / 성장성 신뢰도 양호,상위 세그먼트 불명확,"최종=0.501, 채널력=0.559, 성장성=0.377, 팬밀도=0.026, 라이브=0.964, 실전성=0.993, 운영제외리스크=0.000, 검증필요리스크=0.091",순위 30단계 하락 / 최종점수 -0.005 / 성장성 -0.000
1292,1339,UC6kV94c7Aagt-gEwyUl-yLw,아옹몽몽 주방 (A-ong & Mong-mong’s Kitchen)🐶🐱,음악·보이스형,ASMR보이스,1310.0,787.3,0.038291081346354,0.5006956074366494,0.2188714902807775,0.4300428503960047,0.6781857451403888,0.4203721168874098,0.99104,보류,False,,성장성 신뢰도 양호,주요 자동 리스크 낮음,"최종=0.501, 채널력=0.219, 성장성=0.430, 팬밀도=0.678, 라이브=0.420, 실전성=0.991, 운영제외리스크=0.000, 검증필요리스크=0.112",순위 4단계 하락 / 최종점수 -0.001 / 성장성 -0.000
1293,1340,UCtgWWY_PIzqm8OIzEzGmG0Q,모노플리 mono.,,커버기타,154000.0,671114.5,0.0081769107176291,0.5005358748654684,0.9517413606911448,0.3219014830508474,0.0901727861771058,0.3960583153347732,0.99272,보류,False,,뚜렷한 강점 신호 부족,상위 세그먼트 불명확,"최종=0.501, 채널력=0.952, 성장성=0.322, 팬밀도=0.090, 라이브=0.396, 실전성=0.993, 운영제외리스크=0.000, 검증필요리스크=0.091",순위 4단계 하락 / 최종점수 -0.001 / 성장성 -0.000
1294,1342,UCFOxCbmiKVfijtdVrcjHwUg,바보바보바보대장,창작·비주얼형,코스프레,6840.0,471853.5,0.0255638511780293,0.5001370665027148,0.6778347732181426,0.2371347629815363,0.4622030237580993,0.4203721168874098,0.99104,보류,False,,성장성 신뢰도 양호,주요 자동 리스크 낮음,"최종=0.500, 채널력=0.678, 성장성=0.237, 팬밀도=0.462, 라이브=0.420, 실전성=0.991, 운영제외리스크=0.000, 검증필요리스크=0.112",순위 11단계 하락 / 최종점수 -0.002 / 성장성 -0.001
1295,1343,UCOy7k5MLO7xGapMgOy-zheQ,마이민 MYMIN,,음악기타,160000.0,1789458.8,0.0095065045542754,0.5001169810847916,0.9415766738660908,0.2962753928141615,0.1144708423326133,0.4203721168874098,0.99272,보류,False,,성장성 신뢰도 양호,상위 세그먼트 불명확,"최종=0.500, 채널력=0.942, 성장성=0.296, 팬밀도=0.114, 라이브=0.420, 실전성=0.993, 운영제외리스크=0.000, 검증필요리스크=0.091",순위 9단계 하락 / 최종점수 -0.002 / 성장성 +0.001
1296,1344,UCyVS0tLL9RVJlvfpd0GneCA,세나펜슬 senapencil,음악·보이스형,ASMR,1270.0,376.1,0.0397314935626258,0.5000802341169176,0.0733126349892007,0.5614026895888791,0.6997840172786177,0.4203721168874098,0.98208,보류,False,,성장성 신뢰도 양호,수집 영상 수 부족,"최종=0.500, 채널력=0.073, 성장성=0.561, 팬밀도=0.700, 라이브=0.420, 실전성=0.982, 운영제외리스크=0.000, 검증필요리스크=0.224",순위 23단계 하락 / 최종점수 -0.004 / 성장성 -0.002
1297,1345,UClDbuB3bgZYVIaN3534c_ew,쉐리,,게임기타,177000.0,7281.3,0.0122515069181591,0.500027962450969,0.6748380129589633,0.4609914092638691,0.1711663066954643,0.4203721168874098,0.99272,보류,False,,성장성 신뢰도 양호,상위 세그먼트 불명확,"최종=0.500, 채널력=0.675, 성장성=0.461, 팬밀도=0.171, 라이브=0.420, 실전성=0.993, 운영제외리스크=0.000, 검증필요리스크=0.091",순위 127단계 하락 / 최종점수 -0.017 / 성장성 +0.001
1298,1346,UCSqeIyGpBcm-wDxmoU6bXQg,아니메세카이,음악·보이스형,커버,7140.0,131297.5,0.0122433893362064,0.4999168591792656,0.6849487041036717,0.5,0.1706263498920086,0.3960583153347732,0.98432,보류,False,,뚜렷한 강점 신호 부족,성장성 신뢰도 낮음,"최종=0.500, 채널력=0.685, 성장성=0.500, 팬밀도=0.171, 라이브=0.396, 실전성=0.984, 운영제외리스크=0.000, 검증필요리스크=0.196",순위 4단계 하락 / 최종점수 -0.001
1299,1347,UC222CnLw3Q_9YTID1spnBuA,백하나 101,음악·보이스형,보컬로이드JPOP커버,1030.0,557.3,0.0500084538144624,0.499863461602665,0.1525242980561555,0.4715042372881355,0.785097192224622,0.3960583153347732,0.97536,보류,False,,뚜렷한 강점 신호 부족,성장성 신뢰도 낮음,"최종=0.500, 채널력=0.153, 성장성=0.472, 팬밀도=0.785, 라이브=0.396, 실전성=0.975, 운영제외리스크=0.000, 검증필요리스크=0.308",순위 1단계 하락 / 최종점수 -0.001 / 성장성 -0.000
1300,1348,UCsCkbKVDIpCU5yUNZielO5w,초승달하트,창작·비주얼형,일러스트리깅,5180.0,3492.1,0.0289780035460679,0.4997051261339092,0.3795761339092872,0.5,0.5210583153347732,0.3960583153347732,0.97536,보류,False,,뚜렷한 강점 신호 부족,성장성 신뢰도 낮음,"최종=0.500, 채널력=0.380, 성장성=0.500, 팬밀도=0.521, 라이브=0.396, 실전성=0.975, 운영제외리스크=0.000, 검증필요리스크=0.308",순위 20단계 하락 / 최종점수 -0.003
1301,1349,UCSmelnlGwLz42R2Sd4hF7PQ,공담 ♪,음악·보이스형,애니송커버,4060.0,1293.2,0.0362483123084429,0.4994616056155507,0.249419546436285,0.5,0.6501079913606912,0.3960583153347732,0.97536,보류,False,,뚜렷한 강점 신호 부족,성장성 신뢰도 낮음,"최종=0.499, 채널력=0.249, 성장성=0.500, 팬밀도=0.650, 라이브=0.396, 실전성=0.975, 운영제외리스크=0.000, 검증필요리스크=0.308",순위 2단계 상승 / 최종점수 -0.001
1302,1351,UC455J7RzeNHeHGUL9yiMDNQ,소한,음악·보이스형,성우더빙,4620.0,220880.7,0.0150710132131504,0.4992188503439657,0.6823299136069114,0.3698037580332113,0.2386609071274298,0.4203721168874098,1.0,보류,False,,실전성 리스크 낮음 / 성장성 신뢰도 양호,주요 자동 리스크 낮음,"최종=0.499, 채널력=0.682, 성장성=0.370, 팬밀도=0.239, 라이브=0.420, 실전성=1.000, 운영제외리스크=0.000, 검증필요리스크=0.000",순위 2단계 상승 / 최종점수 -0.000 / 성장성 +0.000
1303,1352,UCjieoM8Pt-cpB1gZKKesWtQ,휘용 원본 지킴이,,서브컬쳐게임,16200.0,2091.2,0.0145981959789063,0.4992027224411039,0.5283207343412527,0.5298911614656008,0.2262419006479481,0.4203721168874098,0.99272,보류,False,,성장성 신뢰도 양호,상위 세그먼트 불명확,"최종=0.499, 채널력=0.528, 성장성=0.530, 팬밀도=0.226, 라이브=0.420, 실전성=0.993, 운영제외리스크=0.000, 검증필요리스크=0.091",최종점수 -0.001 / 성장성 +0.000
1304,1354,UCPYjwpUis4-NLMEcmv4zbrA,이아오(iAo),음악·보이스형,애니송커버,1070.0,971.0,0.0277127686046719,0.4987311543316294,0.2561960043196544,0.5324308727068332,0.5016198704103672,0.4203721168874098,0.99104,보류,False,,뚜렷한 강점 신호 부족,주요 자동 리스크 낮음,"최종=0.499, 채널력=0.256, 성장성=0.532, 팬밀도=0.502, 라이브=0.420, 실전성=0.991, 운영제외리스크=0.000, 검증필요리스크=0.112",순위 11단계 하락 / 최종점수 -0.002 / 성장성 -0.000
1305,1356,UCrPE_lqbW2jHyaH_R88vZnQ,하롱이 HaRong.E,버츄얼 퍼포먼스형,버튜버,1600.0,1910.5,0.0177757109187219,0.4986388810922695,0.50130939524838,0.4577798783391715,0.3050755939524838,0.4203721168874098,1.0,보류,False,,실전성 리스크 낮음 / 성장성 신뢰도 양호,주요 자동 리스크 낮음,"최종=0.499, 채널력=0.501, 성장성=0.458, 팬밀도=0.305, 라이브=0.420, 실전성=1.000, 운영제외리스크=0.000, 검증필요리스크=0.000",순위 4단계 상승 / 최종점수 +0.001 / 성장성 +0.001
1306,1357,UCPrBmvAhqU8WAnTybDteH6g,메나쥬 ménage,음악·보이스형,ASMR보이스,1180.0,520.9,0.0292881893945281,0.4984736581254596,0.3064794816414686,0.4363272153213298,0.5264578833693304,0.4203721168874098,1.0,보류,False,,실전성 리스크 낮음,주요 자동 리스크 낮음,"최종=0.498, 채널력=0.306, 성장성=0.436, 팬밀도=0.526, 라이브=0.420, 실전성=1.000, 운영제외리스크=0.000, 검증필요리스크=0.000",순위 13단계 하락 / 최종점수 -0.002 / 성장성 -0.000
1307,1358,UCI9eiN9fuNluvAHladF-3NA,치비 CHIBI,음악·보이스형,커버,2320.0,8895.5,0.0249921581314954,0.4984310980561556,0.4499190064794817,0.5,0.4449244060475162,0.3960583153347732,0.97536,보류,False,,뚜렷한 강점 신호 부족,성장성 신뢰도 낮음,"최종=0.498, 채널력=0.450, 성장성=0.500, 팬밀도=0.445, 라이브=0.396, 실전성=0.975, 운영제외리스크=0.000, 검증필요리스크=0.308",순위 8단계 하락 / 최종점수 -0.002
1308,1359,UCcdw8dm7jGMN9izln7NSC6g,버찌 BUZZI,버츄얼 퍼포먼스형,버튜버,1070.0,5001.3,0.0277200492750172,0.4982149350495533,0.3511879049676026,0.455526487273315,0.5021598272138229,0.4203721168874098,0.99104,보류,False,,성장성 신뢰도 양호,주요 자동 리스크 낮음,"최종=0.498, 채널력=0.351, 성장성=0.456, 팬밀도=0.502, 라이브=0.420, 실전성=0.991, 운영제외리스크=0.000, 검증필요리스크=0.112",순위 4단계 하락 / 최종점수 -0.001 / 성장성 +0.000
1309,1360,UC_yZ-VBbR-wTu-G6ClmxySA,성우 이주은,음악·보이스형,ASMR보이스,2860.0,4927.5,0.0302376790524107,0.4981489706263499,0.3411852051835852,0.5,0.5523758099352052,0.3960583153347732,0.97536,보류,False,,뚜렷한 강점 신호 부족,성장성 신뢰도 낮음,"최종=0.498, 채널력=0.341, 성장성=0.500, 팬밀도=0.552, 라이브=0.396, 실전성=0.975, 운영제외리스크=0.000, 검증필요리스크=0.308",순위 4단계 하락 / 최종점수 -0.001
1310,1361,UCsHj5mFuS0e9ZZp5E0-yREg,룰루랄라 주식,음악·보이스형,성우더빙,6790.0,91.1,0.0338899326896695,0.4977273992175465,0.2525377969762419,0.4455972286323161,0.6112311015118791,0.4203721168874098,0.99104,보류,False,,성장성 신뢰도 양호,주요 자동 리스크 낮음,"최종=0.498, 채널력=0.253, 성장성=0.446, 팬밀도=0.611, 라이브=0.420, 실전성=0.991, 운영제외리스크=0.000, 검증필요리스크=0.112",순위 582단계 하락 / 최종점수 -0.070 / 성장성 +0.000
1311,1362,UCASZEs4l5i6BamRqMiXh11g,패타쿠,음악·보이스형,애니송커버,15500.0,689571.4,0.0169108885970738,0.4976539583629242,0.6430210583153348,0.4715042372881355,0.2845572354211663,0.3960583153347732,0.97536,보류,False,,뚜렷한 강점 신호 부족,성장성 신뢰도 낮음,"최종=0.498, 채널력=0.643, 성장성=0.472, 팬밀도=0.285, 라이브=0.396, 실전성=0.975, 운영제외리스크=0.000, 검증필요리스크=0.308",순위 4단계 하락 / 최종점수 -0.001 / 성장성 -0.000
1312,1363,UCE8JC9RAVSudDT_8Ji1fuPQ,김꼬비,음악·보이스형,성우,42000.0,222757.0,0.0093220771888585,0.4975800129281719,0.6047111231101512,0.5961076231711897,0.1128509719222462,0.4203721168874098,0.98208,보류,False,,성장성 상위권 / 성장성 신뢰도 양호,수집 영상 수 부족,"최종=0.498, 채널력=0.605, 성장성=0.596, 팬밀도=0.113, 라이브=0.420, 실전성=0.982, 운영제외리스크=0.000, 검증필요리스크=0.224",순위 6단계 하락 / 최종점수 -0.001 / 성장성 +0.001
1313,1364,UCeBTFJv87c9HViA1y0xRgWw,밈통 - memetong,창작·비주얼형,코스프레,7130.0,218.1,0.0170972827288036,0.4973160553855653,0.4703968682505399,0.4909199716575602,0.2877969762419006,0.4203721168874098,1.0,보류,False,,실전성 리스크 낮음 / 성장성 신뢰도 양호,주요 자동 리스크 낮음,"최종=0.497, 채널력=0.470, 성장성=0.491, 팬밀도=0.288, 라이브=0.420, 실전성=1.000, 운영제외리스크=0.000, 검증필요리스크=0.000",순위 16단계 하락 / 최종점수 -0.003 / 성장성 +0.001
1314,1365,UCFXU0TJo6dAAsUS3i2sYwjw,은왕,게임 실황형,명조,3400.0,14364.9,0.0244638528164914,0.4970614920261851,0.3949919006479481,0.5061810944947018,0.4346652267818574,0.4203721168874098,0.98208,보류,False,,성장성 신뢰도 양호,수집 영상 수 부족,"최종=0.497, 채널력=0.395, 성장성=0.506, 팬밀도=0.435, 라이브=0.420, 실전성=0.982, 운영제외리스크=0.000, 검증필요리스크=0.224",순위 129단계 하락 / 최종점수 -0.018 / 성장성 +0.001
1315,1366,UCnqNNflSw8_rfmdZ8MFJc0w,웨일리 Whaley,음악·보이스형,보컬로이드JPOP커버,2340.0,98159.9,0.0207821266882207,0.4961889274298057,0.5185610151187905,0.5,0.3660907127429805,0.3960583153347732,0.97536,보류,False,,뚜렷한 강점 신호 부족,성장성 신뢰도 낮음,"최종=0.496, 채널력=0.519, 성장성=0.500, 팬밀도=0.366, 라이브=0.396, 실전성=0.975, 운영제외리스크=0.000, 검증필요리스크=0.308",순위 5단계 하락 / 최종점수 -0.001
1316,1367,UCwenaeXi-lmCPlYmgkGZ-Tg,올데프다이어리,음악·보이스형,음악,4930.0,497327.1,0.0150488034204906,0.4960453434896631,0.6310880129589633,0.4714755501225196,0.2381209503239741,0.4203721168874098,0.98208,보류,False,,뚜렷한 강점 신호 부족,주요 자동 리스크 낮음,"최종=0.496, 채널력=0.631, 성장성=0.471, 팬밀도=0.238, 라이브=0.420, 실전성=0.982, 운영제외리스크=0.000, 검증필요리스크=0.224",순위 1단계 상승 / 최종점수 -0.000 / 성장성 -0.000
1317,1368,UCVJiJfNTb69qAQItocja9OQ,릴뮤직,음악·보이스형,음악,3220.0,295294.1,0.0116567651943133,0.4959510175282862,0.6342872570194384,0.4961027460487963,0.1571274298056155,0.4203721168874098,0.99104,보류,False,,성장성 신뢰도 양호,주요 자동 리스크 낮음,"최종=0.496, 채널력=0.634, 성장성=0.496, 팬밀도=0.157, 라이브=0.420, 실전성=0.991, 운영제외리스크=0.000, 검증필요리스크=0.112",순위 8단계 상승 / 최종점수 +0.001 / 성장성 +0.000
1318,1369,UCP5AFlR4OZNET3daO3tvbbg,ASMR JOJE 조제,음악·보이스형,ASMR,7890.0,19577.1,0.0181382034822237,0.4956801181933638,0.4940469762419006,0.4839880330584453,0.3115550755939524,0.4203721168874098,0.99104,보류,False,,뚜렷한 강점 신호 부족,주요 자동 리스크 낮음,"최종=0.496, 채널력=0.494, 성장성=0.484, 팬밀도=0.312, 라이브=0.420, 실전성=0.991, 운영제외리스크=0.000, 검증필요리스크=0.112",순위 4단계 하락 / 최종점수 -0.001 / 성장성 -0.000
1319,1370,UC8jqW0uxm98yROAIBbkUW0w,탱 tn,버츄얼 퍼포먼스형,버튜버,1000.0,6506.0,0.0301456098257443,0.4956127935205184,0.3323569114470843,0.5,0.5496760259179265,0.3960583153347732,0.97536,보류,False,,뚜렷한 강점 신호 부족,성장성 신뢰도 낮음,"최종=0.496, 채널력=0.332, 성장성=0.500, 팬밀도=0.550, 라이브=0.396, 실전성=0.975, 운영제외리스크=0.000, 검증필요리스크=0.308",순위 6단계 하락 / 최종점수 -0.001
1320,1371,UC77mwT4bh86hI44vPgpmkFQ,정승환의 카레파스타,음악·보이스형,커버,1290.0,19950.1,0.0264312262821625,0.4955949749460043,0.4035502159827214,0.5,0.478401727861771,0.3960583153347732,0.97536,보류,False,,뚜렷한 강점 신호 부족,성장성 신뢰도 낮음,"최종=0.496, 채널력=0.404, 성장성=0.500, 팬밀도=0.478, 라이브=0.396, 실전성=0.975, 운영제외리스크=0.000, 검증필요리스크=0.308",순위 8단계 하락 / 최종점수 -0.001
1321,1372,UC6JOB9PnBlBUavma8LcC6WQ,한입좌 Youtube,음악·보이스형,ASMR보이스,242000.0,62283.8,0.0143667536913139,0.4955485737765293,0.6691819654427646,0.4176107184565142,0.2203023758099352,0.4203721168874098,0.99104,보류,False,,성장성 신뢰도 양호,주요 자동 리스크 낮음,"최종=0.496, 채널력=0.669, 성장성=0.418, 팬밀도=0.220, 라이브=0.420, 실전성=0.991, 운영제외리스크=0.000, 검증필요리스크=0.112",순위 13단계 하락 / 최종점수 -0.002 / 성장성 +0.000
1322,1373,UCzrgHmroDE1_iwTMSI3tTjg,아트&스터디유튜브,,음악기타,4610.0,104.2,0.0108573345542712,0.4952361581717687,0.4265658747300215,0.3769630130594243,0.1409287257019438,0.9537606828006508,0.99272,보류,False,,라이브친화도 상위권 / 성장성 신뢰도 양호,상위 세그먼트 불명확,"최종=0.495, 채널력=0.427, 성장성=0.377, 팬밀도=0.141, 라이브=0.954, 실전성=0.993, 운영제외리스크=0.000, 검증필요리스크=0.091",순위 3단계 하락 / 최종점수 -0.001 / 성장성 -0.000
1323,1374,UCn2coZzLdRdhmEX7wPt-bdw,무지삐 Muji P,음악·보이스형,보컬로이드JPOP커버,7230.0,5282.9,0.0100717171011341,0.4951930606430085,0.5709773218142549,0.5320101323656459,0.1252699784017278,0.4203721168874098,1.0,보류,False,,실전성 리스크 낮음 / 성장성 신뢰도 양호,주요 자동 리스크 낮음,"최종=0.495, 채널력=0.571, 성장성=0.532, 팬밀도=0.125, 라이브=0.420, 실전성=1.000, 운영제외리스크=0.000, 검증필요리스크=0.000",순위 3단계 상승 / 최종점수 +0.000 / 성장성 +0.001
1324,1375,UCb--LlmsUGFoeU_-wjw2e1w,혀누,음악·보이스형,성우더빙,2570.0,42379.8,0.0202512404737012,0.4949860911447084,0.4899163066954644,0.5,0.3547516198704104,0.3960583153347732,0.98208,보류,False,,뚜렷한 강점 신호 부족,주요 자동 리스크 낮음,"최종=0.495, 채널력=0.490, 성장성=0.500, 팬밀도=0.355, 라이브=0.396, 실전성=0.982, 운영제외리스크=0.000, 검증필요리스크=0.224",순위 8단계 하락 / 최종점수 -0.001
1325,1377,UC-ooniOyhWLrU5WHaeyBcWw,초담ASMR,음악·보이스형,ASMR,1160.0,2502.0,0.0438569223192194,0.4946586198704104,0.1888363930885528,0.5,0.7348812095032398,0.3960583153347732,0.9664,보류,False,,뚜렷한 강점 신호 부족,수집 영상 수 부족 / 성장성 신뢰도 낮음,"최종=0.495, 채널력=0.189, 성장성=0.500, 팬밀도=0.735, 라이브=0.396, 실전성=0.966, 운영제외리스크=0.000, 검증필요리스크=0.420",순위 4단계 하락 / 최종점수 -0.001
1326,1378,UC_nHdpz6A_GmhMrL5MnRUaA,춤추는진이,음악·보이스형,음악,13400.0,31134.6,0.023561209657151,0.4944832073751795,0.5798191144708423,0.3287433577358647,0.41792656587473,0.4203721168874098,0.99104,보류,False,,성장성 신뢰도 양호,주요 자동 리스크 낮음,"최종=0.494, 채널력=0.580, 성장성=0.329, 팬밀도=0.418, 라이브=0.420, 실전성=0.991, 운영제외리스크=0.000, 검증필요리스크=0.112",순위 4단계 하락 / 최종점수 -0.001 / 성장성 -0.000
1327,1379,UCsCVuTVB3xqFznYW-G9deog,최애소식,,게임기타,5810.0,3182287.9,0.0112363288087955,0.4944463987041037,0.7196139308855292,0.5,0.148488120950324,0.3960583153347732,0.97704,보류,False,,뚜렷한 강점 신호 부족,상위 세그먼트 불명확 / 성장성 신뢰도 낮음,"최종=0.494, 채널력=0.720, 성장성=0.500, 팬밀도=0.148, 라이브=0.396, 실전성=0.977, 운영제외리스크=0.000, 검증필요리스크=0.287",순위 8단계 하락 / 최종점수 -0.001
1328,1380,UCfi0fSF62NaOL_8B3fSWMTA,슬기 SEULGI ASMR,음악·보이스형,ASMR보이스,2630.0,3759.4,0.0113064916498983,0.4944222342817914,0.5003509719222462,0.56438522797469,0.1511879049676026,0.4203721168874098,1.0,보류,False,,실전성 리스크 낮음 / 성장성 신뢰도 양호,주요 자동 리스크 낮음,"최종=0.494, 채널력=0.500, 성장성=0.564, 팬밀도=0.151, 라이브=0.420, 실전성=1.000, 운영제외리스크=0.000, 검증필요리스크=0.000",순위 9단계 상승 / 최종점수 +0.001 / 성장성 +0.001
1329,1381,UCYORLKz7joSxYHot4-GCwyg,데일리랩스 Daily Labs,,음악기타,7720.0,180501.5,0.0089810753242257,0.49441611179967,0.6992035637149028,0.61845082108467,0.1090712742980561,0.4203721168874098,0.81272,보류,False,,성장성 상위권 / 성장성 신뢰도 양호,상위 세그먼트 불명확,"최종=0.494, 채널력=0.699, 성장성=0.618, 팬밀도=0.109, 라이브=0.420, 실전성=0.813, 운영제외리스크=0.100, 검증필요리스크=0.091",순위 19단계 하락 / 최종점수 -0.003 / 성장성 +0.001
1330,1383,UCIowFpvvXvj9MUQK51X6hxQ,다크레나_DarkLena,,서브컬쳐게임,3630.0,11.1,0.0,0.4941259760907447,0.3277267818574513,0.670654850350244,0.0026997840172786,0.7458344900015724,0.99272,보류,False,,성장성 상위권 / 라이브친화도 상위권 / 성장성 신뢰도 양호,상위 세그먼트 불명확,"최종=0.494, 채널력=0.328, 성장성=0.671, 팬밀도=0.003, 라이브=0.746, 실전성=0.993, 운영제외리스크=0.000, 검증필요리스크=0.091",순위 2단계 하락 / 최종점수 -0.000 / 성장성 +0.000
1331,1384,UC3_GGZAfF5bOB2lmHoUQpNA,정시니,게임 실황형,원신,3880.0,2104.6,0.0148216121694941,0.4937060343466171,0.4727861771058315,0.5181506509152506,0.234341252699784,0.4203721168874098,1.0,보류,False,,실전성 리스크 낮음,주요 자동 리스크 낮음,"최종=0.494, 채널력=0.473, 성장성=0.518, 팬밀도=0.234, 라이브=0.420, 실전성=1.000, 운영제외리스크=0.000, 검증필요리스크=0.000",순위 1단계 상승 / 최종점수 -0.000 / 성장성 -0.000
1332,1385,UCm0g6BruEifCCQMIbNovjYg,학교앞문방구,음악·보이스형,애니송커버,1350.0,855.2,0.0576208053585094,0.4934771931956408,0.112675485961123,0.3978597402942849,0.8385529157667386,0.4203721168874098,0.98208,보류,False,,팬밀도 상위권 / 성장성 신뢰도 양호,수집 영상 수 부족,"최종=0.493, 채널력=0.113, 성장성=0.398, 팬밀도=0.839, 라이브=0.420, 실전성=0.982, 운영제외리스크=0.000, 검증필요리스크=0.224",순위 6단계 하락 / 최종점수 -0.001 / 성장성 -0.001
1333,1386,UCX7rpw9LfzXFTueYRc7SoCQ,국힙 99% 정리,,음악기타,8190.0,123722.9,0.0087888663322403,0.4933939131840569,0.7654967602591792,0.4178252197345556,0.105291576673866,0.4203721168874098,0.99272,보류,False,,성장성 신뢰도 양호,상위 세그먼트 불명확,"최종=0.493, 채널력=0.765, 성장성=0.418, 팬밀도=0.105, 라이브=0.420, 실전성=0.993, 운영제외리스크=0.000, 검증필요리스크=0.091",순위 1단계 상승 / 최종점수 +0.000 / 성장성 +0.000
1334,1387,UCW2XPlfSI9HSfDEX2ktlbyw,전북일보,버츄얼 퍼포먼스형,버튜버,27600.0,545.9,0.0570726118616658,0.4930257685368218,0.2676160907127429,0.4023268645072346,0.8358531317494601,0.4203721168874098,0.94704,보류,False,,팬밀도 상위권 / 성장성 신뢰도 양호,기관/대학/방송사/공식 채널 의심,"최종=0.493, 채널력=0.268, 성장성=0.402, 팬밀도=0.836, 라이브=0.420, 실전성=0.947, 운영제외리스크=0.220, 검증필요리스크=0.112",순위 225단계 상승 / 최종점수 +0.041 / 성장성 +0.000
1335,1388,UCTwkBSB-ea9USbjZE5ztb_g,멘탈맨,,서브컬쳐게임,12000.0,5987.7,0.024980398838111,0.4924837012986304,0.416212203023758,0.4587422152378532,0.4443844492440604,0.4203721168874098,0.98376,보류,False,,뚜렷한 강점 신호 부족,상위 세그먼트 불명확,"최종=0.492, 채널력=0.416, 성장성=0.459, 팬밀도=0.444, 라이브=0.420, 실전성=0.984, 운영제외리스크=0.000, 검증필요리스크=0.203",순위 8단계 하락 / 최종점수 -0.002 / 성장성 -0.000
1336,1389,UCZyNpAX7fhdWkTGkylWt6Ow,stell 키리눅희,버츄얼 퍼포먼스형,버튜버,1060.0,4188.6,0.0250432099602104,0.4923821059031609,0.2654832613390928,0.5444594948729783,0.4481641468682505,0.4203721168874098,0.99104,보류,False,,뚜렷한 강점 신호 부족,주요 자동 리스크 낮음,"최종=0.492, 채널력=0.265, 성장성=0.544, 팬밀도=0.448, 라이브=0.420, 실전성=0.991, 운영제외리스크=0.000, 검증필요리스크=0.112",순위 6단계 하락 / 최종점수 -0.002 / 성장성 +0.000
1337,1390,UC0MqJAzwSn4DL6fBQvbUenw,루짱 RUE,음악·보이스형,성우더빙,3300.0,6549.5,0.0149651965231297,0.4921772055992569,0.5524838012958964,0.4483739792859098,0.2365010799136069,0.4203721168874098,1.0,보류,False,,실전성 리스크 낮음 / 성장성 신뢰도 양호,주요 자동 리스크 낮음,"최종=0.492, 채널력=0.552, 성장성=0.448, 팬밀도=0.237, 라이브=0.420, 실전성=1.000, 운영제외리스크=0.000, 검증필요리스크=0.000",최종점수 -0.001 / 성장성 -0.001
1338,1391,UCWcCw1DqfgoDnbOxsZSReQg,나는 한다 편집을,버츄얼 퍼포먼스형,버튜버,1300.0,12698.9,0.0237924694206046,0.4918501045356371,0.4421436285097191,0.5,0.4227861771058315,0.3960583153347732,0.97536,보류,False,,뚜렷한 강점 신호 부족,성장성 신뢰도 낮음,"최종=0.492, 채널력=0.442, 성장성=0.500, 팬밀도=0.423, 라이브=0.396, 실전성=0.975, 운영제외리스크=0.000, 검증필요리스크=0.308",순위 5단계 하락 / 최종점수 -0.002
1339,1392,UCrkignEQmZYc7HMUh7RqGKg,후냐,음악·보이스형,성우더빙,18300.0,81704.3,0.018516499215909,0.4917232765097357,0.5979616630669546,0.3814211732966451,0.3201943844492441,0.4203721168874098,0.99104,보류,False,,성장성 신뢰도 양호,주요 자동 리스크 낮음,"최종=0.492, 채널력=0.598, 성장성=0.381, 팬밀도=0.320, 라이브=0.420, 실전성=0.991, 운영제외리스크=0.000, 검증필요리스크=0.112",순위 1단계 하락 / 최종점수 -0.001 / 성장성 +0.001
1340,1393,UCROkqxCZ7agqtXXZELdMvMw,게임일기,음악·보이스형,애니송커버,1400.0,2951.7,0.0174011995730891,0.4915399568034557,0.4426835853131748,0.5,0.2942764578833693,0.3960583153347732,1.0,보류,False,,실전성 리스크 낮음,주요 자동 리스크 낮음,"최종=0.492, 채널력=0.443, 성장성=0.500, 팬밀도=0.294, 라이브=0.396, 실전성=1.000, 운영제외리스크=0.000, 검증필요리스크=0.000",순위 5단계 하락 / 최종점수 -0.002
1341,1394,UCsPdcMGcSjcagQ17OW404VQ,이거 어떻노,음악·보이스형,보컬로이드JPOP커버,67600.0,579108.6,0.0144568870417166,0.4915272111823698,0.7440334773218142,0.3431640516785454,0.2219222462203023,0.4203721168874098,0.99104,보류,False,,성장성 신뢰도 양호,주요 자동 리스크 낮음,"최종=0.492, 채널력=0.744, 성장성=0.343, 팬밀도=0.222, 라이브=0.420, 실전성=0.991, 운영제외리스크=0.000, 검증필요리스크=0.112",순위 10단계 하락 / 최종점수 -0.002 / 성장성 +0.000
1342,1395,UCgRolYXDFazy3qu6BIqH6LQ,내일은 변하루 HARU,음악·보이스형,보컬로이드JPOP커버,11000.0,939.1,0.0382973613203135,0.4914968973107573,0.2658612311015118,0.3598455518130984,0.6787257019438445,0.4203721168874098,0.99104,보류,False,,성장성 신뢰도 양호,주요 자동 리스크 낮음,"최종=0.491, 채널력=0.266, 성장성=0.360, 팬밀도=0.679, 라이브=0.420, 실전성=0.991, 운영제외리스크=0.000, 검증필요리스크=0.112",순위 5단계 상승 / 최종점수 +0.001 / 성장성 +0.000
1343,1396,UCprGu593Mn3ZzIZwW45zLZA,로아플,창작·비주얼형,일러스트리깅,20700.0,75698.7,0.0058334505180282,0.4913180599822972,0.7063039956803456,0.4686924811321583,0.0529157667386609,0.4203721168874098,1.0,보류,False,,실전성 리스크 낮음 / 성장성 신뢰도 양호,주요 자동 리스크 낮음,"최종=0.491, 채널력=0.706, 성장성=0.469, 팬밀도=0.053, 라이브=0.420, 실전성=1.000, 운영제외리스크=0.000, 검증필요리스크=0.000",최종점수 +0.000 / 성장성 +0.000
1344,1397,UCN5ej26lGBaQKYSYIixVy2Q,히카리ʰⁱᵏᵃʳⁱ,음악·보이스형,커버,10000.0,18641.3,0.0155920439412061,0.4911736494718628,0.6843952483801297,0.3284175886118629,0.2526997840172786,0.4203721168874098,1.0,보류,False,,실전성 리스크 낮음 / 성장성 신뢰도 양호,주요 자동 리스크 낮음,"최종=0.491, 채널력=0.684, 성장성=0.328, 팬밀도=0.253, 라이브=0.420, 실전성=1.000, 운영제외리스크=0.000, 검증필요리스크=0.000",순위 124단계 하락 / 최종점수 -0.020 / 성장성 -0.000
1345,1398,UCD6jGb-t8XDdGVolkkanW-w,퀸 베일리,,게임기타,19300.0,1109333.0,0.0139324996755146,0.4905649773694037,0.7243250539956803,0.4715042372881355,0.2084233261339093,0.3960583153347732,0.96808,보류,False,,뚜렷한 강점 신호 부족,상위 세그먼트 불명확 / 성장성 신뢰도 낮음,"최종=0.491, 채널력=0.724, 성장성=0.472, 팬밀도=0.208, 라이브=0.396, 실전성=0.968, 운영제외리스크=0.000, 검증필요리스크=0.399",순위 3단계 하락 / 최종점수 -0.000 / 성장성 -0.000
1346,1399,UCR70DnL-xhIvvBSvFug2uOQ,"냐루lie ""잡다한영상들""",음악·보이스형,애니송커버,1240.0,8094.9,0.0293761821927036,0.4904454069114471,0.3299271058315334,0.5,0.5286177105831533,0.3960583153347732,0.97536,보류,False,,뚜렷한 강점 신호 부족,성장성 신뢰도 낮음,"최종=0.490, 채널력=0.330, 성장성=0.500, 팬밀도=0.529, 라이브=0.396, 실전성=0.975, 운영제외리스크=0.000, 검증필요리스크=0.308",순위 7단계 하락 / 최종점수 -0.002
1347,1402,UCkDW57JbTw_ryxE-z07Gnig,코야파,,게임기타,2330.0,3968.8,0.005094640871913,0.4899354121908274,0.5784962203023758,0.5977973659867518,0.0475161987041036,0.4203721168874098,0.99272,보류,False,,성장성 상위권 / 성장성 신뢰도 양호,상위 세그먼트 불명확,"최종=0.490, 채널력=0.578, 성장성=0.598, 팬밀도=0.048, 라이브=0.420, 실전성=0.993, 운영제외리스크=0.000, 검증필요리스크=0.091",최종점수 +0.000 / 성장성 -0.000
1348,1403,UC3dEt_Jck6cw6g4X-6JzBRg,지화,게임 실황형,원신,1430.0,4576.7,0.0272639207441893,0.4897113255034296,0.2520653347732181,0.5476835081013368,0.4913606911447084,0.4203721168874098,0.98208,보류,False,,성장성 신뢰도 양호,수집 영상 수 부족,"최종=0.490, 채널력=0.252, 성장성=0.548, 팬밀도=0.491, 라이브=0.420, 실전성=0.982, 운영제외리스크=0.000, 검증필요리스크=0.224",순위 153단계 하락 / 최종점수 -0.024 / 성장성 -0.000
1349,1404,UCyHvSKT_bLDYpkv1JjjsLAg,풍월량,게임 실황형,명일방주,525000.0,88563.2,0.0154106996844041,0.4894738718970813,0.6078428725701944,0.5050620870913147,0.2478401727861771,0.4203721168874098,0.88208,보류,False,,성장성 신뢰도 양호,수집 영상 수 부족,"최종=0.489, 채널력=0.608, 성장성=0.505, 팬밀도=0.248, 라이브=0.420, 실전성=0.882, 운영제외리스크=0.000, 검증필요리스크=0.224",순위 100단계 상승 / 최종점수 +0.014 / 성장성 +0.001
1350,1405,UCRu8NwYpMXR8ihRab8IIK0w,이뮤,음악·보이스형,보컬로이드JPOP커버,1920.0,1487.7,0.0348289983157496,0.4894653853131749,0.2255804535637148,0.5,0.6285097192224622,0.3960583153347732,0.97536,보류,False,,뚜렷한 강점 신호 부족,성장성 신뢰도 낮음,"최종=0.489, 채널력=0.226, 성장성=0.500, 팬밀도=0.629, 라이브=0.396, 실전성=0.975, 운영제외리스크=0.000, 검증필요리스크=0.308",순위 7단계 하락 / 최종점수 -0.001
1351,1406,UCNzwhJYKBeSTgcxkkIn3tZg,미랑,창작·비주얼형,코스프레,1410.0,5483.1,0.018333271757025,0.4892999585313174,0.4919816414686824,0.5,0.3153347732181425,0.3960583153347732,0.98432,보류,False,,뚜렷한 강점 신호 부족,성장성 신뢰도 낮음,"최종=0.489, 채널력=0.492, 성장성=0.500, 팬밀도=0.315, 라이브=0.396, 실전성=0.984, 운영제외리스크=0.000, 검증필요리스크=0.196",순위 7단계 하락 / 최종점수 -0.001
1352,1407,UChIUW2qBQEX36Co0ygoNsMg,GUNBBANG MUSIC 건빵뮤직,,커버기타,6890.0,7316.1,0.0012379328945154,0.4891450860148715,0.6871355291576674,0.5354946737662366,0.0145788336933045,0.4203721168874098,0.99272,보류,False,,성장성 신뢰도 양호,상위 세그먼트 불명확,"최종=0.489, 채널력=0.687, 성장성=0.535, 팬밀도=0.015, 라이브=0.420, 실전성=0.993, 운영제외리스크=0.000, 검증필요리스크=0.091",순위 15단계 상승 / 최종점수 +0.002 / 성장성 +0.001
1353,1409,UCE3q8VKqIT_vOL4b9Nl8chA,오리하라 / Orihara,음악·보이스형,성우,16100.0,12588.7,0.0206174556035453,0.488708626562214,0.4473947084233261,0.2435381355932203,0.361231101511879,0.8857991360691143,0.98208,보류,False,,라이브친화도 상위권 / 성장성 신뢰도 양호,수집 영상 수 부족,"최종=0.489, 채널력=0.447, 성장성=0.244, 팬밀도=0.361, 라이브=0.886, 실전성=0.982, 운영제외리스크=0.000, 검증필요리스크=0.224",순위 3단계 하락 / 최종점수 -0.001 / 성장성 -0.000
1354,1411,UCBTsPtRCh6ln3IRQFjhjh1A,타튜브 TATUBE,,게임기타,343000.0,161638.7,0.0070861049484454,0.4886521488679138,0.9312230021598272,0.3468030670164574,0.0674946004319654,0.4203721168874098,0.89272,보류,False,,성장성 신뢰도 양호,상위 세그먼트 불명확,"최종=0.489, 채널력=0.931, 성장성=0.347, 팬밀도=0.067, 라이브=0.420, 실전성=0.893, 운영제외리스크=0.000, 검증필요리스크=0.091",최종점수 -0.000 / 성장성 +0.000
1355,1412,UCc9xKeoA20lu3ODS5CfFqaw,날비,게임 실황형,명일방주,1070.0,62607.3,0.0187636154573716,0.4883636034557236,0.5207883369330454,0.5,0.3282937365010799,0.3960583153347732,0.97536,보류,False,,뚜렷한 강점 신호 부족,성장성 신뢰도 낮음,"최종=0.488, 채널력=0.521, 성장성=0.500, 팬밀도=0.328, 라이브=0.396, 실전성=0.975, 운영제외리스크=0.000, 검증필요리스크=0.308",순위 8단계 하락 / 최종점수 -0.001
1356,1414,UCRMoIS5H018gLT88dkl8Edg,여재,버츄얼 퍼포먼스형,버튜버,1060.0,206.3,0.0078901595281631,0.4880539283120396,0.2759179265658747,0.5314143998044101,0.0847732181425486,0.8660389635396776,1.0,보류,False,,라이브친화도 상위권 / 실전성 리스크 낮음 / 성장성 신뢰도 양호,주요 자동 리스크 낮음,"최종=0.488, 채널력=0.276, 성장성=0.531, 팬밀도=0.085, 라이브=0.866, 실전성=1.000, 운영제외리스크=0.000, 검증필요리스크=0.000",순위 6단계 하락 / 최종점수 -0.001 / 성장성 -0.000
1357,1415,UCRlH02y9cyr0zgtVEto0dZQ,일해라 차홍시,버츄얼 퍼포먼스형,버튜버,1870.0,5867.2,0.0154016869582627,0.4878953945408278,0.4387284017278617,0.5139760039692433,0.2473002159827214,0.4203721168874098,1.0,보류,False,,실전성 리스크 낮음,주요 자동 리스크 낮음,"최종=0.488, 채널력=0.439, 성장성=0.514, 팬밀도=0.247, 라이브=0.420, 실전성=1.000, 운영제외리스크=0.000, 검증필요리스크=0.000",순위 1단계 상승 / 최종점수 -0.000 / 성장성 -0.000
1358,1417,UClSxFYLMDT2fvUspgqT8H0g,셀럽이슈,,기타 연주,2780.0,90934.4,0.0060598396941886,0.4875439344445935,0.5952213822894168,0.6063356504937997,0.0550755939524838,0.4203721168874098,0.98376,보류,False,,성장성 상위권 / 성장성 신뢰도 양호,상위 세그먼트 불명확,"최종=0.488, 채널력=0.595, 성장성=0.606, 팬밀도=0.055, 라이브=0.420, 실전성=0.984, 운영제외리스크=0.000, 검증필요리스크=0.203",순위 14단계 상승 / 최종점수 +0.001 / 성장성 +0.002
1359,1418,UCEvPBqVvVKlpyV9hRhR1WnQ,스풉(SPOOP),음악·보이스형,커버,7360.0,11159.7,0.0137615073825841,0.4874883209503239,0.5593817494600432,0.5,0.2051835853131749,0.3960583153347732,0.99104,보류,False,,뚜렷한 강점 신호 부족,주요 자동 리스크 낮음,"최종=0.487, 채널력=0.559, 성장성=0.500, 팬밀도=0.205, 라이브=0.396, 실전성=0.991, 운영제외리스크=0.000, 검증필요리스크=0.112",순위 1단계 하락 / 최종점수 -0.000
1360,1419,UCh0J3PowcSjZRU9Rh-ESf0w,하탄방,음악·보이스형,ASMR보이스,17700.0,850876.0,0.0100628201406432,0.4873776423326135,0.7198704103671707,0.5,0.1247300215982721,0.3960583153347732,0.97536,보류,False,,뚜렷한 강점 신호 부족,성장성 신뢰도 낮음,"최종=0.487, 채널력=0.720, 성장성=0.500, 팬밀도=0.125, 라이브=0.396, 실전성=0.975, 운영제외리스크=0.000, 검증필요리스크=0.308",순위 10단계 하락 / 최종점수 -0.002
1361,1420,UCfsQunfqZQAYbtfhp-bTFgQ,흑눈이,창작·비주얼형,코스프레,4570.0,8314.1,0.0037549580152338,0.4872591193151442,0.5136204103671707,0.6217120774844275,0.0323974082073434,0.4203721168874098,1.0,보류,False,,성장성 상위권 / 실전성 리스크 낮음 / 성장성 신뢰도 양호,주요 자동 리스크 낮음,"최종=0.487, 채널력=0.514, 성장성=0.622, 팬밀도=0.032, 라이브=0.420, 실전성=1.000, 운영제외리스크=0.000, 검증필요리스크=0.000",순위 5단계 상승 / 최종점수 +0.000 / 성장성 -0.000
1362,1421,UCQYRhvRU8i2bnccFsW3rTEQ,나무위키영,버츄얼 퍼포먼스형,버튜버,2240.0,15251.6,0.0136462485248406,0.4872161622689167,0.6049676025917926,0.4928760593220339,0.2019438444924406,0.3960583153347732,0.98432,보류,False,,뚜렷한 강점 신호 부족,성장성 신뢰도 낮음,"최종=0.487, 채널력=0.605, 성장성=0.493, 팬밀도=0.202, 라이브=0.396, 실전성=0.984, 운영제외리스크=0.000, 검증필요리스크=0.196",순위 2단계 하락 / 최종점수 -0.000 / 성장성 -0.000
1363,1422,UCyUTqCrtewjDtBOYCcJXrcg,미맥이의 쌀보리,,서브컬쳐게임,1120.0,459.4,0.0167561097857146,0.4866381729459013,0.2970302375809934,0.46301255640686,0.2786177105831533,0.7238567237057886,0.99272,보류,False,,라이브친화도 상위권,상위 세그먼트 불명확,"최종=0.487, 채널력=0.297, 성장성=0.463, 팬밀도=0.279, 라이브=0.724, 실전성=0.993, 운영제외리스크=0.000, 검증필요리스크=0.091",순위 2단계 하락 / 최종점수 -0.001 / 성장성 -0.000
1364,1424,UCbSscMhhqzQipTUBwnskUlQ,희찍 Heejjik,게임 실황형,로블록스,1320.0,1120.4,0.0068772022520017,0.4862615680098565,0.3600431965442764,0.7142106022117629,0.0637149028077753,0.4203721168874098,1.0,보류,False,,성장성 상위권 / 실전성 리스크 낮음 / 성장성 신뢰도 양호,주요 자동 리스크 낮음,"최종=0.486, 채널력=0.360, 성장성=0.714, 팬밀도=0.064, 라이브=0.420, 실전성=1.000, 운영제외리스크=0.000, 검증필요리스크=0.000",순위 3단계 상승 / 최종점수 -0.001 / 성장성 -0.000
1365,1426,UC8NA8qWLGkZc5Bkf8WY1ghQ,정남도입니다.,,커버기타,19200.0,4845.6,0.0133636096613398,0.4861902599882857,0.6811150107991361,0.435884533898305,0.1965442764578833,0.3960583153347732,0.98376,보류,False,,뚜렷한 강점 신호 부족,상위 세그먼트 불명확,"최종=0.486, 채널력=0.681, 성장성=0.436, 팬밀도=0.197, 라이브=0.396, 실전성=0.984, 운영제외리스크=0.000, 검증필요리스크=0.203",순위 6단계 상승 / 최종점수 -0.000 / 성장성 -0.000
1366,1427,UCedJp-SOZGgjxcAIivYEOxQ,아랏쏘_aratsso,창작·비주얼형,코스프레,44400.0,34853.4,0.0197363177967999,0.4861235226781857,0.5404292656587474,0.5,0.3444924406047516,0.3960583153347732,0.9664,보류,False,,뚜렷한 강점 신호 부족,수집 영상 수 부족 / 성장성 신뢰도 낮음,"최종=0.486, 채널력=0.540, 성장성=0.500, 팬밀도=0.344, 라이브=0.396, 실전성=0.966, 운영제외리스크=0.000, 검증필요리스크=0.420",순위 6단계 하락 / 최종점수 -0.001
1367,1428,UCRgIjSxiNJLeOqaksNN3xPA,블루 구피,버츄얼 퍼포먼스형,버튜버,6590.0,194.8,0.0651114438038233,0.4859969184617906,0.1490955723542116,0.3132553188057578,0.8758099352051836,0.4203721168874098,0.98208,보류,False,,팬밀도 상위권 / 성장성 신뢰도 양호,수집 영상 수 부족,"최종=0.486, 채널력=0.149, 성장성=0.313, 팬밀도=0.876, 라이브=0.420, 실전성=0.982, 운영제외리스크=0.000, 검증필요리스크=0.224",순위 23단계 상승 / 최종점수 +0.001 / 성장성 -0.001
1368,1429,UCxx7UvIhPkEQxaplaWS2hLg,초승달,버츄얼 퍼포먼스형,버튜버,71900.0,4243.6,0.0190454982478546,0.4856433010799137,0.5035637149028078,0.5,0.3331533477321814,0.3960583153347732,0.97536,보류,False,,뚜렷한 강점 신호 부족,성장성 신뢰도 낮음,"최종=0.486, 채널력=0.504, 성장성=0.500, 팬밀도=0.333, 라이브=0.396, 실전성=0.975, 운영제외리스크=0.000, 검증필요리스크=0.308",순위 5단계 하락 / 최종점수 -0.001
1369,1430,UCbgQBiDootkLjM_rSAtuy6g,핑키유니,,서브컬쳐게임,87600.0,34079.8,0.0207554202438698,0.4855640248662295,0.6267413606911447,0.330978329182611,0.3650107991360691,0.4203721168874098,0.98376,보류,False,,성장성 신뢰도 양호,상위 세그먼트 불명확,"최종=0.486, 채널력=0.627, 성장성=0.331, 팬밀도=0.365, 라이브=0.420, 실전성=0.984, 운영제외리스크=0.000, 검증필요리스크=0.203",순위 34단계 상승 / 최종점수 +0.002 / 성장성 +0.000
1370,1431,UCrOewqX02B0elLol61WJI9g,진모짱Fancam,창작·비주얼형,코스프레,78100.0,1541.1,0.0012635454687311,0.4855566391181768,0.6380129589632829,0.6243279882280562,0.0151187904967602,0.4203721168874098,0.8,보류,False,,성장성 상위권 / 성장성 신뢰도 양호,주요 자동 리스크 낮음,"최종=0.486, 채널력=0.638, 성장성=0.624, 팬밀도=0.015, 라이브=0.420, 실전성=0.800, 운영제외리스크=0.000, 검증필요리스크=0.000",순위 29단계 상승 / 최종점수 +0.002 / 성장성 -0.001
1371,1432,UC4nCbv-lzug4KRndpI24nsA,초합금,음악·보이스형,애니송커버,49400.0,24711.8,0.0120772973143802,0.4855175505629837,0.5992845572354212,0.4795544569024283,0.1657667386609071,0.4203721168874098,0.99104,보류,False,,성장성 신뢰도 양호,주요 자동 리스크 낮음,"최종=0.486, 채널력=0.599, 성장성=0.480, 팬밀도=0.166, 라이브=0.420, 실전성=0.991, 운영제외리스크=0.000, 검증필요리스크=0.112",순위 2단계 하락 / 최종점수 -0.001 / 성장성 +0.000
1372,1433,UCQ4_xPPmycONoAPARl85Z7A,화단,,서브컬쳐게임,1980.0,49044.7,0.0163910750129804,0.4854672310577733,0.4828428725701943,0.5170912917457455,0.2715982721382289,0.4203721168874098,0.98376,보류,False,,성장성 신뢰도 양호,상위 세그먼트 불명확,"최종=0.485, 채널력=0.483, 성장성=0.517, 팬밀도=0.272, 라이브=0.420, 실전성=0.984, 운영제외리스크=0.000, 검증필요리스크=0.203",순위 9단계 상승 / 최종점수 -0.000 / 성장성 +0.000
1373,1434,UCBK0euBluQFeh_Eug7NmxgA,팝리스트,음악·보이스형,애니송커버,50400.0,543222.5,0.0078489690546203,0.4854110329648203,0.8526187904967601,0.3219014830508474,0.0831533477321814,0.3960583153347732,1.0,보류,False,,실전성 리스크 낮음,주요 자동 리스크 낮음,"최종=0.485, 채널력=0.853, 성장성=0.322, 팬밀도=0.083, 라이브=0.396, 실전성=1.000, 운영제외리스크=0.000, 검증필요리스크=0.000",순위 1단계 하락 / 최종점수 -0.001 / 성장성 -0.000
1374,1438,UC2Ggnkv2sxKXNuSWgAX5mkw,이라이곤,,서브컬쳐게임,1180.0,2509.0,0.0330135730501612,0.4850686128856775,0.3036987041036717,0.4005999679746842,0.5971922246220303,0.4203721168874098,0.98376,보류,False,,뚜렷한 강점 신호 부족,상위 세그먼트 불명확,"최종=0.485, 채널력=0.304, 성장성=0.401, 팬밀도=0.597, 라이브=0.420, 실전성=0.984, 운영제외리스크=0.000, 검증필요리스크=0.203",순위 6단계 상승 / 최종점수 +0.000 / 성장성 -0.000
1375,1439,UCHalRaMP9a0Royiz73RZhLw,원미닛브레이크 1MinBreak,음악·보이스형,커버,6730.0,63044.8,0.0135415804413527,0.4850486468610664,0.621841252699784,0.4967088211882375,0.1997840172786177,0.4203721168874098,0.97536,보류,False,,뚜렷한 강점 신호 부족,성장성 신뢰도 낮음,"최종=0.485, 채널력=0.622, 성장성=0.497, 팬밀도=0.200, 라이브=0.420, 실전성=0.975, 운영제외리스크=0.000, 검증필요리스크=0.308",순위 6단계 상승 / 최종점수 +0.000 / 성장성 -0.000
1376,1440,UCBkAScO32NEOKNa9VNcq_GA,갱구름,,서브컬쳐게임,2720.0,1510.6,0.0216404619371709,0.4848088465317645,0.4293736501079913,0.4960513331253963,0.3833693304535637,0.4203721168874098,0.97704,보류,False,,뚜렷한 강점 신호 부족,상위 세그먼트 불명확 / 성장성 신뢰도 낮음,"최종=0.485, 채널력=0.429, 성장성=0.496, 팬밀도=0.383, 라이브=0.420, 실전성=0.977, 운영제외리스크=0.000, 검증필요리스크=0.287",순위 9단계 상승 / 최종점수 +0.000 / 성장성 -0.000
1377,1441,UCWOAQkg_znEveHzgFPSBnyQ,이슈살롱,음악·보이스형,애니송커버,6720.0,10894.7,0.0145478813219436,0.484808191551234,0.5172516198704104,0.4956562910397312,0.2240820734341252,0.4203721168874098,0.99104,보류,False,,성장성 신뢰도 양호,주요 자동 리스크 낮음,"최종=0.485, 채널력=0.517, 성장성=0.496, 팬밀도=0.224, 라이브=0.420, 실전성=0.991, 운영제외리스크=0.000, 검증필요리스크=0.112",순위 5단계 상승 / 최종점수 -0.000 / 성장성 +0.000
1378,1442,UCQN70smCvLLa0HkT9TcXnMg,킴츄츄추,음악·보이스형,ASMR보이스,1360.0,3775.4,0.03046804975078,0.4848028583153347,0.2772813174946004,0.5,0.5556155507559395,0.3960583153347732,0.97536,보류,False,,뚜렷한 강점 신호 부족,성장성 신뢰도 낮음,"최종=0.485, 채널력=0.277, 성장성=0.500, 팬밀도=0.556, 라이브=0.396, 실전성=0.975, 운영제외리스크=0.000, 검증필요리스크=0.308",순위 2단계 하락 / 최종점수 -0.001
1379,1443,UCDYXZZJS3JAUGHNWd7-yN5A,O.Recorder 오리코더,음악·보이스형,애니송커버,1130.0,2699.3,0.0331598803179662,0.4847791002159828,0.2339767818574513,0.5,0.5988120950323974,0.3960583153347732,0.97536,보류,False,,뚜렷한 강점 신호 부족,성장성 신뢰도 낮음,"최종=0.485, 채널력=0.234, 성장성=0.500, 팬밀도=0.599, 라이브=0.396, 실전성=0.975, 운영제외리스크=0.000, 검증필요리스크=0.308",순위 7단계 하락 / 최종점수 -0.001
1380,1444,UC_VcuvQXrQDulzmjRa1CZdQ,사실역사학자,게임 실황형,붕괴스타레일,1040.0,2148.8,0.0253870482678286,0.4841373854250477,0.1684530237580993,0.4959001438256435,0.4573434125269978,0.6523981944743082,0.98208,보류,False,,라이브친화도 상위권 / 성장성 신뢰도 양호,수집 영상 수 부족,"최종=0.484, 채널력=0.168, 성장성=0.496, 팬밀도=0.457, 라이브=0.652, 실전성=0.982, 운영제외리스크=0.000, 검증필요리스크=0.224",순위 5단계 하락 / 최종점수 -0.002 / 성장성 -0.002
1381,1445,UC9mxejZ2HB5FictR8eVbeJA,호소이누 Hosoinu,게임 실황형,블루아카이브,104000.0,56217.2,0.0318957553244656,0.4840577713839364,0.5746085313174947,0.4047609104669231,0.57829373650108,0.4203721168874098,0.85808,보류,False,,성장성 신뢰도 양호,팬/클립/아카이브 채널 의심 / 수집 영상 수 부족,"최종=0.484, 채널력=0.575, 성장성=0.405, 팬밀도=0.578, 라이브=0.420, 실전성=0.858, 운영제외리스크=0.220, 검증필요리스크=0.224",순위 22단계 하락 / 최종점수 -0.003 / 성장성 +0.001
1382,1446,UC23nlEkGsrMOy6id99LuOMA,푸르,창작·비주얼형,코스프레,30800.0,2974.1,0.0124675265071223,0.4840395392279902,0.3480426565874729,0.4678631436649865,0.1760259179265658,0.8532824840580361,0.98208,보류,False,,라이브친화도 상위권,수집 영상 수 부족,"최종=0.484, 채널력=0.348, 성장성=0.468, 팬밀도=0.176, 라이브=0.853, 실전성=0.982, 운영제외리스크=0.000, 검증필요리스크=0.224",순위 1단계 상승 / 최종점수 -0.001 / 성장성 +0.000
1383,1447,UC8Ok2bbSHQ1yz6qb-4pAIaw,arti9미디어,음악·보이스형,애니송커버,2480.0,82.0,0.0402565183120383,0.4840111120604796,0.2047516198704103,0.3599127103222113,0.7057235421166307,0.4203721168874098,0.99104,보류,False,,성장성 신뢰도 양호,주요 자동 리스크 낮음,"최종=0.484, 채널력=0.205, 성장성=0.360, 팬밀도=0.706, 라이브=0.420, 실전성=0.991, 운영제외리스크=0.000, 검증필요리스크=0.112",순위 6단계 하락 / 최종점수 -0.002 / 성장성 +0.000
1384,1449,UCoSRXUS-IXSOWl5DmBS4D5g,그림아재,음악·보이스형,ASMR,1650.0,14187.0,0.0115807843518779,0.4837139399803326,0.5820464362850972,0.4581337603599456,0.1560475161987041,0.4203721168874098,1.0,보류,False,,실전성 리스크 낮음,주요 자동 리스크 낮음,"최종=0.484, 채널력=0.582, 성장성=0.458, 팬밀도=0.156, 라이브=0.420, 실전성=1.000, 운영제외리스크=0.000, 검증필요리스크=0.000",순위 1단계 상승 / 최종점수 -0.001 / 성장성 +0.000
1385,1450,UCys5GB9QJBUbmQOcTJd-RKA,냥이뮤직,음악·보이스형,보컬로이드JPOP커버,87700.0,268509.1,0.0082440573541745,0.4834159792656588,0.7331803455723542,0.5,0.0934125269978401,0.3960583153347732,0.97536,보류,False,,뚜렷한 강점 신호 부족,성장성 신뢰도 낮음,"최종=0.483, 채널력=0.733, 성장성=0.500, 팬밀도=0.093, 라이브=0.396, 실전성=0.975, 운영제외리스크=0.000, 검증필요리스크=0.308",순위 5단계 상승 / 최종점수 -0.001
1386,1451,UC_y3P6icZHlqwjUDkop2iEQ,AKKA 악카,,게임기타,52600.0,112104.2,0.0135329640682992,0.4834057259654472,0.8152537796976242,0.2692385128368671,0.199244060475162,0.4203721168874098,0.99272,보류,False,,성장성 신뢰도 양호,상위 세그먼트 불명확,"최종=0.483, 채널력=0.815, 성장성=0.269, 팬밀도=0.199, 라이브=0.420, 실전성=0.993, 운영제외리스크=0.000, 검증필요리스크=0.091",순위 69단계 상승 / 최종점수 +0.011 / 성장성 -0.000
1387,1452,UCRbuoLrFeB5WT_2MTBATyHg,덕후 미우,음악·보이스형,성우,4670.0,941.4,0.0295518227499605,0.4833463857414583,0.1903482721382289,0.5386549126848549,0.5356371490280778,0.4203721168874098,0.98208,보류,False,,성장성 신뢰도 양호,수집 영상 수 부족,"최종=0.483, 채널력=0.190, 성장성=0.539, 팬밀도=0.536, 라이브=0.420, 실전성=0.982, 운영제외리스크=0.000, 검증필요리스크=0.224",순위 58단계 하락 / 최종점수 -0.008 / 성장성 -0.000
1388,1453,UCJXgqlXQAtsc9BKWgE7RJ3A,Live O-라이브오,,음악기타,2240.0,2183.2,0.0070705700833481,0.4833033092564683,0.5488525917926564,0.5821296426096437,0.0669546436285097,0.4203721168874098,0.99272,보류,False,,성장성 상위권 / 성장성 신뢰도 양호,상위 세그먼트 불명확,"최종=0.483, 채널력=0.549, 성장성=0.582, 팬밀도=0.067, 라이브=0.420, 실전성=0.993, 운영제외리스크=0.000, 검증필요리스크=0.091",순위 16단계 하락 / 최종점수 -0.003 / 성장성 +0.001
1389,1454,UCF6t6b9lUpI_QBPsxkeo6Ug,시이야,음악·보이스형,ASMR보이스,7000.0,13053.3,0.0139748950629428,0.4832861896328293,0.5699379049676025,0.5,0.2100431965442764,0.3960583153347732,0.98432,보류,False,,뚜렷한 강점 신호 부족,성장성 신뢰도 낮음,"최종=0.483, 채널력=0.570, 성장성=0.500, 팬밀도=0.210, 라이브=0.396, 실전성=0.984, 운영제외리스크=0.000, 검증필요리스크=0.196",순위 8단계 상승 / 최종점수 -0.000
1390,1455,UCVBch0ZYeoO6nfhpJygr-tQ,필굿프라이데이-패션셀렙전문채널,,커버기타,25100.0,134076.8,0.0107259945966717,0.4831438759185587,0.7290631749460043,0.3843892257980721,0.1376889848812095,0.4203721168874098,0.99272,보류,False,,성장성 신뢰도 양호,상위 세그먼트 불명확,"최종=0.483, 채널력=0.729, 성장성=0.384, 팬밀도=0.138, 라이브=0.420, 실전성=0.993, 운영제외리스크=0.000, 검증필요리스크=0.091",순위 8단계 상승 / 최종점수 -0.000 / 성장성 +0.001
1391,1457,UC1ZhBh-iwdIFgnGemfm8ODQ,리쮸 LIZZU ASMR,음악·보이스형,ASMR보이스,10500.0,1462.4,0.0093694768094587,0.4828791491227476,0.407383909287257,0.6254788454643749,0.1139308855291576,0.4203721168874098,1.0,보류,False,,성장성 상위권 / 실전성 리스크 낮음 / 성장성 신뢰도 양호,주요 자동 리스크 낮음,"최종=0.483, 채널력=0.407, 성장성=0.625, 팬밀도=0.114, 라이브=0.420, 실전성=1.000, 운영제외리스크=0.000, 검증필요리스크=0.000",순위 22단계 하락 / 최종점수 -0.003 / 성장성 -0.000
1392,1458,UC9qU8jcEZExQCwQazPWZBtQ,쿨언니,창작·비주얼형,코스프레,26200.0,3644.1,0.0184433832374143,0.4828141409423673,0.4407532397408207,0.4748207431231523,0.3180345572354212,0.4203721168874098,0.99104,보류,False,,뚜렷한 강점 신호 부족,주요 자동 리스크 낮음,"최종=0.483, 채널력=0.441, 성장성=0.475, 팬밀도=0.318, 라이브=0.420, 실전성=0.991, 운영제외리스크=0.000, 검증필요리스크=0.112",순위 3단계 상승 / 최종점수 -0.001 / 성장성 +0.000
1393,1459,UCdAwinEmfmdBVTHQWygZCjQ,포르넬,버츄얼 퍼포먼스형,버튜버,2370.0,11394.6,0.0217430028083832,0.4827774803455723,0.4387014038876889,0.5,0.3849892008639309,0.3960583153347732,0.97536,보류,False,,뚜렷한 강점 신호 부족,성장성 신뢰도 낮음,"최종=0.483, 채널력=0.439, 성장성=0.500, 팬밀도=0.385, 라이브=0.396, 실전성=0.975, 운영제외리스크=0.000, 검증필요리스크=0.308",순위 7단계 상승 / 최종점수 -0.000
1394,1460,UCnYGvPToA9k30kwc1Z0y8Uw,자윤,,서브컬쳐게임,1320.0,6071.2,0.0208446186611805,0.4827756021202243,0.4951403887688985,0.3861391813007811,0.3677105831533477,0.4203721168874098,0.99272,보류,False,,성장성 신뢰도 양호,상위 세그먼트 불명확,"최종=0.483, 채널력=0.495, 성장성=0.386, 팬밀도=0.368, 라이브=0.420, 실전성=0.993, 운영제외리스크=0.000, 검증필요리스크=0.091",순위 4단계 하락 / 최종점수 -0.001 / 성장성 +0.000
1395,1461,UChyOrsvTjWDU3kH9e1pgnCA,이세카이 감귤,,서브컬쳐게임,1670.0,4670.4,0.0186402404033278,0.4827306859611231,0.4919546436285096,0.5,0.3228941684665227,0.3960583153347732,0.97704,보류,False,,뚜렷한 강점 신호 부족,상위 세그먼트 불명확 / 성장성 신뢰도 낮음,"최종=0.483, 채널력=0.492, 성장성=0.500, 팬밀도=0.323, 라이브=0.396, 실전성=0.977, 운영제외리스크=0.000, 검증필요리스크=0.287",순위 7단계 하락 / 최종점수 -0.001
1396,1462,UC6GOVAEwQ_OmIJwqEBdiE9g,체인진 Changejin,음악·보이스형,ASMR보이스,1480.0,11032.3,0.0197463003970412,0.4825739879257282,0.4414686825053995,0.4883483314700829,0.3450323974082073,0.4203721168874098,0.98208,보류,False,,뚜렷한 강점 신호 부족,주요 자동 리스크 낮음,"최종=0.483, 채널력=0.441, 성장성=0.488, 팬밀도=0.345, 라이브=0.420, 실전성=0.982, 운영제외리스크=0.000, 검증필요리스크=0.224",순위 3단계 하락 / 최종점수 -0.001 / 성장성 +0.000
1397,1463,UCpg0G_FT795o9Zf40EnKmpQ,파랑새파랑,음악·보이스형,ASMR보이스,2580.0,9568.4,0.0241501576355101,0.4825339598272139,0.3911582073434125,0.5,0.4314254859611231,0.3960583153347732,0.97536,보류,False,,뚜렷한 강점 신호 부족,성장성 신뢰도 낮음,"최종=0.483, 채널력=0.391, 성장성=0.500, 팬밀도=0.431, 라이브=0.396, 실전성=0.975, 운영제외리스크=0.000, 검증필요리스크=0.308",순위 10단계 하락 / 최종점수 -0.002
1398,1465,UC0vHVOZAq_5oG46F5zlkDFw,꿀 단편 드라마,음악·보이스형,ASMR보이스,2080.0,2925.1,0.01295213687928,0.4822936848725506,0.4663336933045356,0.5197962247621128,0.1868250539956803,0.4203721168874098,1.0,보류,False,,실전성 리스크 낮음 / 성장성 신뢰도 양호,주요 자동 리스크 낮음,"최종=0.482, 채널력=0.466, 성장성=0.520, 팬밀도=0.187, 라이브=0.420, 실전성=1.000, 운영제외리스크=0.000, 검증필요리스크=0.000",순위 17단계 하락 / 최종점수 -0.003 / 성장성 -0.000
1399,1466,UCl3BeouApLS6n1gCIbUsaiw,케이팝러버스클럽,음악·보이스형,JPOP커버,3060.0,4177.2,0.0252246154669883,0.4816239336587236,0.2891333693304535,0.5206454610163408,0.4519438444924406,0.4203721168874098,0.98208,보류,False,,뚜렷한 강점 신호 부족,수집 영상 수 부족,"최종=0.482, 채널력=0.289, 성장성=0.521, 팬밀도=0.452, 라이브=0.420, 실전성=0.982, 운영제외리스크=0.000, 검증필요리스크=0.224",순위 8단계 하락 / 최종점수 -0.002 / 성장성 +0.000
1400,1467,UCS0a1GKer53CWja5GYCBeIg,모래캣,버츄얼 퍼포먼스형,버튜버,3910.0,1585.8,0.033120666825466,0.4815240414137715,0.2668061555075594,0.435884533898305,0.5982721382289417,0.3960583153347732,0.98208,보류,False,,뚜렷한 강점 신호 부족,주요 자동 리스크 낮음,"최종=0.482, 채널력=0.267, 성장성=0.436, 팬밀도=0.598, 라이브=0.396, 실전성=0.982, 운영제외리스크=0.000, 검증필요리스크=0.224",순위 1단계 상승 / 최종점수 -0.001 / 성장성 -0.000
1401,1468,UC5GGcJGQPm0VCX59amm94Xg,New치킨뜯는여우,게임 실황형,붕괴스타레일,24700.0,9334.8,0.0148164371413055,0.481361522018397,0.4356506479481641,0.3065703365636433,0.2338012958963282,0.9232800008985907,0.98208,보류,False,,라이브친화도 상위권 / 성장성 신뢰도 양호,수집 영상 수 부족,"최종=0.481, 채널력=0.436, 성장성=0.307, 팬밀도=0.234, 라이브=0.923, 실전성=0.982, 운영제외리스크=0.000, 검증필요리스크=0.224",순위 12단계 상승 / 최종점수 +0.000 / 성장성 +0.000
1402,1469,UCuFXs-Y5coZKqa4_GVdrSDg,발컨띵컨,,서브컬쳐게임,10800.0,4846.7,0.012796618610745,0.4810413234634796,0.5808585313174945,0.4930009630188249,0.1841252699784017,0.4203721168874098,0.98376,보류,False,,뚜렷한 강점 신호 부족,상위 세그먼트 불명확,"최종=0.481, 채널력=0.581, 성장성=0.493, 팬밀도=0.184, 라이브=0.420, 실전성=0.984, 운영제외리스크=0.000, 검증필요리스크=0.203",순위 7단계 상승 / 최종점수 -0.000 / 성장성 -0.000
1403,1470,UCV3keHgnQsbsN_nWc0Z3c4g,장유나,버츄얼 퍼포먼스형,버튜버,2090.0,606.9,0.0155347133952012,0.4809229518420355,0.2391468682505399,0.5386408011719555,0.2516198704103671,0.6817309667232565,0.99104,보류,False,,라이브친화도 상위권 / 성장성 신뢰도 양호,주요 자동 리스크 낮음,"최종=0.481, 채널력=0.239, 성장성=0.539, 팬밀도=0.252, 라이브=0.682, 실전성=0.991, 운영제외리스크=0.000, 검증필요리스크=0.112",순위 3단계 하락 / 최종점수 -0.002 / 성장성 +0.000
1404,1472,UCwFA88KlGUc3h89nxx1oRTA,최애와의 30분,음악·보이스형,애니송커버,1290.0,15322.8,0.0203381121880348,0.4806125235421167,0.4563984881209503,0.5,0.357451403887689,0.3960583153347732,0.97536,보류,False,,뚜렷한 강점 신호 부족,성장성 신뢰도 낮음,"최종=0.481, 채널력=0.456, 성장성=0.500, 팬밀도=0.357, 라이브=0.396, 실전성=0.975, 운영제외리스크=0.000, 검증필요리스크=0.308",순위 1단계 하락 / 최종점수 -0.001
1405,1473,UCdwE8erAKhR6-oZRyYQSveA,키리시마 토라,버츄얼 퍼포먼스형,버튜버,1310.0,2192.9,0.0240386827419795,0.4805990513657835,0.3017278617710583,0.4883238172209751,0.4298056155507559,0.4203721168874098,0.99104,보류,False,,성장성 신뢰도 양호,주요 자동 리스크 낮음,"최종=0.481, 채널력=0.302, 성장성=0.488, 팬밀도=0.430, 라이브=0.420, 실전성=0.991, 운영제외리스크=0.000, 검증필요리스크=0.112",순위 1단계 하락 / 최종점수 -0.001 / 성장성 +0.001
1406,1474,UCg_z0IlTYxsgKr_6KHbIa2A,쿰쿰한 불법노점상,버츄얼 퍼포먼스형,버튜버,1650.0,6844.8,0.0226083352794085,0.4805947049676026,0.4077213822894169,0.5,0.4060475161987041,0.3960583153347732,0.97536,보류,False,,뚜렷한 강점 신호 부족,성장성 신뢰도 낮음,"최종=0.481, 채널력=0.408, 성장성=0.500, 팬밀도=0.406, 라이브=0.396, 실전성=0.975, 운영제외리스크=0.000, 검증필요리스크=0.308",순위 1단계 상승 / 최종점수 -0.001
1407,1475,UCMeSIq13xg0lBlASYVhjZ0g,기열아쎄이,음악·보이스형,ASMR보이스,1810.0,109.6,0.0322491735266122,0.4805466331995008,0.19127969762419,0.4527327989319519,0.5853131749460043,0.4203721168874098,0.99104,보류,False,,성장성 신뢰도 양호,주요 자동 리스크 낮음,"최종=0.481, 채널력=0.191, 성장성=0.453, 팬밀도=0.585, 라이브=0.420, 실전성=0.991, 운영제외리스크=0.000, 검증필요리스크=0.112",순위 10단계 상승 / 최종점수 +0.001 / 성장성 +0.004
1408,1476,UCDlh3gx5SCjEE2e_wOGtAfQ,학교종,,커버기타,28400.0,1868764.5,0.0100033088555735,0.4803579428304719,0.7365820734341254,0.4928760593220339,0.1225701943844492,0.3960583153347732,0.96808,보류,False,,뚜렷한 강점 신호 부족,상위 세그먼트 불명확 / 성장성 신뢰도 낮음,"최종=0.480, 채널력=0.737, 성장성=0.493, 팬밀도=0.123, 라이브=0.396, 실전성=0.968, 운영제외리스크=0.000, 검증필요리스크=0.399",순위 6단계 하락 / 최종점수 -0.002 / 성장성 -0.000
1409,1477,UCqzl6SroQnJ_xt9ZLwRBQbg,마음쉼표,음악·보이스형,ASMR보이스,6370.0,11.3,0.0342647058823529,0.4800302509170113,0.2394978401727861,0.435884533898305,0.6187904967602592,0.3960583153347732,0.98208,보류,False,,뚜렷한 강점 신호 부족,주요 자동 리스크 낮음,"최종=0.480, 채널력=0.239, 성장성=0.436, 팬밀도=0.619, 라이브=0.396, 실전성=0.982, 운영제외리스크=0.000, 검증필요리스크=0.224",순위 3단계 하락 / 최종점수 -0.001 / 성장성 -0.000
1410,1478,UCOjeVFM1dnQkXXGp6K9YECg,루나 LUNA ASMR,음악·보이스형,ASMR,13700.0,2453.8,0.0250586718140127,0.4800161148459687,0.309651727861771,0.5009029424240428,0.4492440604751619,0.4203721168874098,0.98208,보류,False,,성장성 신뢰도 양호,수집 영상 수 부족,"최종=0.480, 채널력=0.310, 성장성=0.501, 팬밀도=0.449, 라이브=0.420, 실전성=0.982, 운영제외리스크=0.000, 검증필요리스크=0.224",순위 9단계 하락 / 최종점수 -0.002 / 성장성 +0.000
1411,1479,UCCPB6Tc1xCH2YSs-UXQUFJA,리에 ASMR,음악·보이스형,ASMR,23800.0,196055.0,0.016632640191619,0.4800067890507742,0.5897273218142549,0.4928760593220339,0.2764578833693304,0.3960583153347732,0.9664,보류,False,,뚜렷한 강점 신호 부족,수집 영상 수 부족 / 성장성 신뢰도 낮음,"최종=0.480, 채널력=0.590, 성장성=0.493, 팬밀도=0.276, 라이브=0.396, 실전성=0.966, 운영제외리스크=0.000, 검증필요리스크=0.420",순위 1단계 하락 / 최종점수 -0.001 / 성장성 -0.000
1412,1480,UCyUathM3pyX6eJd-PXeeplQ,유민지 YUMINJI,음악·보이스형,보컬로이드JPOP커버,17800.0,2020.6,0.0228999996063397,0.4799717333568618,0.3436420086393088,0.4671511603393735,0.411987041036717,0.4203721168874098,0.99104,보류,False,,뚜렷한 강점 신호 부족,주요 자동 리스크 낮음,"최종=0.480, 채널력=0.344, 성장성=0.467, 팬밀도=0.412, 라이브=0.420, 실전성=0.991, 운영제외리스크=0.000, 검증필요리스크=0.112",순위 1단계 하락 / 최종점수 -0.001 / 성장성 -0.000
1413,1481,UCW5ZQvBMoWQFvuZP4Me1hYQ,노래 쉽게 알려주는 오보컬,,음악기타,177000.0,15551.4,0.0021968437083132,0.4799629817230461,0.7363120950323975,0.4606686996292789,0.0188984881209503,0.4203721168874098,0.99272,보류,False,,성장성 신뢰도 양호,상위 세그먼트 불명확,"최종=0.480, 채널력=0.736, 성장성=0.461, 팬밀도=0.019, 라이브=0.420, 실전성=0.993, 운영제외리스크=0.000, 검증필요리스크=0.091",순위 1단계 상승 / 최종점수 -0.000 / 성장성 -0.000
1414,1482,UCYfvw2h8zeFs6Ehtwq1BQDQ,플루멘 Flumen Musica ,게임 실황형,블루아카이브,1750.0,4096.1,0.067102805884143,0.4793793368813941,0.2567089632829373,0.397703943676758,0.8839092872570194,0.4203721168874098,0.85808,보류,False,,팬밀도 상위권 / 성장성 신뢰도 양호,팬/클립/아카이브 채널 의심 / 수집 영상 수 부족,"최종=0.479, 채널력=0.257, 성장성=0.398, 팬밀도=0.884, 라이브=0.420, 실전성=0.858, 운영제외리스크=0.220, 검증필요리스크=0.224",순위 6단계 상승 / 최종점수 +0.001 / 성장성 +0.001
1415,1483,UCJA2E7D2e-ifFoxAjkyr3FQ,황쭉이,음악·보이스형,애니송커버,15400.0,74379.1,0.0143172829056717,0.4792264980518922,0.5865955723542117,0.4254796550462475,0.218682505399568,0.4203721168874098,0.99104,보류,False,,성장성 신뢰도 양호,주요 자동 리스크 낮음,"최종=0.479, 채널력=0.587, 성장성=0.425, 팬밀도=0.219, 라이브=0.420, 실전성=0.991, 운영제외리스크=0.000, 검증필요리스크=0.112",순위 1단계 상승 / 최종점수 -0.000 / 성장성 +0.000
1416,1484,UCE7oPZvSpX0GS3hsKsUCboQ,김네넹,버츄얼 퍼포먼스형,버튜버,2330.0,1652.0,0.0247369949208209,0.4789988654250072,0.315280777537797,0.4992108606444594,0.4411447084233261,0.4203721168874098,0.98208,보류,False,,뚜렷한 강점 신호 부족,주요 자동 리스크 낮음,"최종=0.479, 채널력=0.315, 성장성=0.499, 팬밀도=0.441, 라이브=0.420, 실전성=0.982, 운영제외리스크=0.000, 검증필요리스크=0.224",순위 7단계 하락 / 최종점수 -0.002 / 성장성 +0.000
1417,1485,UCNL5LRdc8BUNovZouGzap2g,이잉 팬이에요,버츄얼 퍼포먼스형,버튜버,1430.0,26962.8,0.0181741903201963,0.4785465458542299,0.500890928725702,0.4928760593220339,0.3126349892008639,0.3960583153347732,0.97536,보류,False,,뚜렷한 강점 신호 부족,성장성 신뢰도 낮음,"최종=0.479, 채널력=0.501, 성장성=0.493, 팬밀도=0.313, 라이브=0.396, 실전성=0.975, 운영제외리스크=0.000, 검증필요리스크=0.308",순위 1단계 상승 / 최종점수 -0.001 / 성장성 -0.000
1418,1486,UCXnWNbG1HBvTf6WLCAG1vPQ,밥다니 Bapdani,음악·보이스형,ASMR,9420.0,16584.0,0.015342784930465,0.4784721805038026,0.4494195464362851,0.5459384900912527,0.2451403887688985,0.4203721168874098,0.98208,보류,False,,뚜렷한 강점 신호 부족,수집 영상 수 부족,"최종=0.478, 채널력=0.449, 성장성=0.546, 팬밀도=0.245, 라이브=0.420, 실전성=0.982, 운영제외리스크=0.000, 검증필요리스크=0.224",순위 4단계 상승 / 최종점수 +0.000 / 성장성 +0.002
1419,1487,UCTd7hVnG8NZOxacQysWscJg,바또랑,음악·보이스형,성우더빙,2470.0,3142.7,0.0135283690223097,0.4781353219526744,0.407383909287257,0.5419290770306824,0.1987041036717062,0.4203721168874098,1.0,보류,False,,실전성 리스크 낮음 / 성장성 신뢰도 양호,주요 자동 리스크 낮음,"최종=0.478, 채널력=0.407, 성장성=0.542, 팬밀도=0.199, 라이브=0.420, 실전성=1.000, 운영제외리스크=0.000, 검증필요리스크=0.000",순위 4단계 상승 / 최종점수 +0.000 / 성장성 -0.000
1420,1488,UCTGVM21iZeHIRniSKt7aCcw,짜빵이에유,창작·비주얼형,코스프레,2960.0,15831.5,0.020735398848185,0.4781327719222462,0.4391873650107991,0.5,0.3633909287257019,0.3960583153347732,0.97536,보류,False,,뚜렷한 강점 신호 부족,성장성 신뢰도 낮음,"최종=0.478, 채널력=0.439, 성장성=0.500, 팬밀도=0.363, 라이브=0.396, 실전성=0.975, 운영제외리스크=0.000, 검증필요리스크=0.308",순위 5단계 하락 / 최종점수 -0.002
1421,1489,UCdRWFALUxQTGrMtCtOSX7IQ,파타야지호_PattayaJiho,창작·비주얼형,코스프레,5940.0,2073.8,0.0104315134534451,0.4777762428818016,0.3757289416846652,0.4656792026877779,0.1333693304535637,0.7700616417254227,0.99104,보류,False,,라이브친화도 상위권 / 성장성 신뢰도 양호,주요 자동 리스크 낮음,"최종=0.478, 채널력=0.376, 성장성=0.466, 팬밀도=0.133, 라이브=0.770, 실전성=0.991, 운영제외리스크=0.000, 검증필요리스크=0.112",순위 1271단계 하락 / 최종점수 -0.169 / 성장성 -0.000 / 버킷 변경: 검증필요 → 보류
1422,1490,UCtx5_Zw3RR8G02XdxxXHI9g,구리구리,버츄얼 퍼포먼스형,버튜버,2270.0,35783.0,0.006262172006034,0.4776318270042432,0.6598002159827213,0.4533819992682353,0.0566954643628509,0.4203721168874098,1.0,보류,False,,실전성 리스크 낮음 / 성장성 신뢰도 양호,주요 자동 리스크 낮음,"최종=0.478, 채널력=0.660, 성장성=0.453, 팬밀도=0.057, 라이브=0.420, 실전성=1.000, 운영제외리스크=0.000, 검증필요리스크=0.000",순위 2단계 상승 / 최종점수 -0.000 / 성장성 -0.000
1423,1491,UCt9BOPGy6gLq5rJ_KVJIGEQ,마창진해,음악·보이스형,보컬로이드JPOP커버,1470.0,479.5,0.0073137164460926,0.4775726241900647,0.2431020518358531,0.5,0.0728941684665226,0.9203563714902808,1.0,보류,False,,라이브친화도 상위권 / 실전성 리스크 낮음 / 성장성 신뢰도 양호,주요 자동 리스크 낮음,"최종=0.478, 채널력=0.243, 성장성=0.500, 팬밀도=0.073, 라이브=0.920, 실전성=1.000, 운영제외리스크=0.000, 검증필요리스크=0.000",순위 2단계 하락 / 최종점수 -0.001
1424,1493,UCA3SOdp6UW3WfN2v4ixkOTw,허다미 HEODAMI,음악·보이스형,보컬로이드JPOP커버,1570.0,14808.9,0.0141275249150872,0.4773625629113638,0.3981236501079913,0.5022943003670248,0.2138228941684665,0.6156101271185082,0.98208,보류,False,,뚜렷한 강점 신호 부족,주요 자동 리스크 낮음,"최종=0.477, 채널력=0.398, 성장성=0.502, 팬밀도=0.214, 라이브=0.616, 실전성=0.982, 운영제외리스크=0.000, 검증필요리스크=0.224",순위 14단계 상승 / 최종점수 +0.002 / 성장성 +0.000
1425,1494,UCsK4vYoyRcXC8yV3MMxw1Cw,가넷 (Sera Garnet),음악·보이스형,성우더빙,1660.0,33.8,0.0188455681552156,0.4768751798861511,0.3844897408207343,0.4531721673052865,0.3288336933045356,0.4203721168874098,1.0,보류,False,,실전성 리스크 낮음 / 성장성 신뢰도 양호,주요 자동 리스크 낮음,"최종=0.477, 채널력=0.384, 성장성=0.453, 팬밀도=0.329, 라이브=0.420, 실전성=1.000, 운영제외리스크=0.000, 검증필요리스크=0.000",순위 93단계 하락 / 최종점수 -0.013 / 성장성 +0.000
1426,1495,UCBYseWXBWjQikMks9JNaH6Q,밤베,버츄얼 퍼포먼스형,버튜버,1390.0,3057.7,0.0295713387565955,0.4767106763659712,0.2191009719222461,0.4919402918822438,0.5361771058315334,0.4203721168874098,0.98208,보류,False,,뚜렷한 강점 신호 부족,수집 영상 수 부족,"최종=0.477, 채널력=0.219, 성장성=0.492, 팬밀도=0.536, 라이브=0.420, 실전성=0.982, 운영제외리스크=0.000, 검증필요리스크=0.224",순위 61단계 하락 / 최종점수 -0.009 / 성장성 -0.000
1427,1496,UCOPy2tLM2Qm6QU3Fq2mpyIw,붓잽이의 사랑스러운 Reaction,,커버기타,135000.0,21978.5,0.010220932240711,0.4761599982178005,0.6413066954643629,0.4700735980948086,0.1306695464362851,0.4203721168874098,0.98376,보류,False,,성장성 신뢰도 양호,상위 세그먼트 불명확,"최종=0.476, 채널력=0.641, 성장성=0.470, 팬밀도=0.131, 라이브=0.420, 실전성=0.984, 운영제외리스크=0.000, 검증필요리스크=0.203",순위 7단계 상승 / 최종점수 -0.000 / 성장성 +0.001
1428,1497,UClwuK569whFirD9-u7luRbw,엘님_게임방송,버츄얼 퍼포먼스형,버튜버,1130.0,1088.4,0.0193352102224648,0.4760191809935205,0.4105561555075593,0.5,0.3363930885529158,0.3960583153347732,0.98432,보류,False,,뚜렷한 강점 신호 부족,성장성 신뢰도 낮음,"최종=0.476, 채널력=0.411, 성장성=0.500, 팬밀도=0.336, 라이브=0.396, 실전성=0.984, 운영제외리스크=0.000, 검증필요리스크=0.196",순위 2단계 하락 / 최종점수 -0.001
1429,1498,UCekHYn_ezh6SrwWgE4LiFqA,연가민 ASMR,음악·보이스형,ASMR,3280.0,1149.6,0.0210912166244935,0.4759527014286003,0.1864605831533476,0.6430032940729044,0.3731101511879049,0.4203721168874098,0.98208,보류,False,,성장성 상위권 / 성장성 신뢰도 양호,수집 영상 수 부족,"최종=0.476, 채널력=0.186, 성장성=0.643, 팬밀도=0.373, 라이브=0.420, 실전성=0.982, 운영제외리스크=0.000, 검증필요리스크=0.224",순위 2단계 하락 / 최종점수 -0.001 / 성장성 +0.000
1430,1499,UC_KJX2cvVtsd7noKYCs2LoQ,겜있슈,,게임기타,9030.0,383313.6,0.0092162563019038,0.4759281107213902,0.6860151187904967,0.4489661936606994,0.1117710583153347,0.4203721168874098,0.98376,보류,False,,성장성 신뢰도 양호,상위 세그먼트 불명확,"최종=0.476, 채널력=0.686, 성장성=0.449, 팬밀도=0.112, 라이브=0.420, 실전성=0.984, 운영제외리스크=0.000, 검증필요리스크=0.203",순위 1단계 상승 / 최종점수 -0.001 / 성장성 +0.001
1431,1500,UChIobnRqxqtIdmd_USr7sew,재빈,음악·보이스형,애니송커버,2190.0,2197.4,0.0262722841052006,0.4758844134471771,0.2648083153347731,0.5010168906835265,0.4751619870410367,0.4203721168874098,0.98208,보류,False,,뚜렷한 강점 신호 부족,주요 자동 리스크 낮음,"최종=0.476, 채널력=0.265, 성장성=0.501, 팬밀도=0.475, 라이브=0.420, 실전성=0.982, 운영제외리스크=0.000, 검증필요리스크=0.224",순위 7단계 하락 / 최종점수 -0.002 / 성장성 +0.000
1432,1501,UC6fuKrAW2kMo53mvtu_IBXw,큐리컷,음악·보이스형,애니송커버,8110.0,113159.4,0.0125566778903157,0.4757063935205184,0.5783072354211664,0.5,0.1787257019438445,0.3960583153347732,0.98208,보류,False,,뚜렷한 강점 신호 부족,주요 자동 리스크 낮음,"최종=0.476, 채널력=0.578, 성장성=0.500, 팬밀도=0.179, 라이브=0.396, 실전성=0.982, 운영제외리스크=0.000, 검증필요리스크=0.224",순위 4단계 하락 / 최종점수 -0.001
1433,1503,UCybDXRGBLb-9xenuxgaAfHw,카논제이의 게임라이프 [game life],,게임기타,1220.0,35.2,0.0071474937195461,0.4754872377833647,0.3667521598272138,0.6955970053676891,0.0691144708423326,0.4203721168874098,0.99272,보류,False,,성장성 상위권 / 성장성 신뢰도 양호,상위 세그먼트 불명확,"최종=0.475, 채널력=0.367, 성장성=0.696, 팬밀도=0.069, 라이브=0.420, 실전성=0.993, 운영제외리스크=0.000, 검증필요리스크=0.091",순위 758단계 하락 / 최종점수 -0.096 / 성장성 +0.000
1434,1504,UCRisJkbQjMb9FQFRmoz242w,럭키부키,버츄얼 퍼포먼스형,버튜버,2080.0,33004.4,0.018650016991917,0.4753946509719222,0.4656182505399568,0.5,0.3245140388768898,0.3960583153347732,0.97536,보류,False,,뚜렷한 강점 신호 부족,성장성 신뢰도 낮음,"최종=0.475, 채널력=0.466, 성장성=0.500, 팬밀도=0.325, 라이브=0.396, 실전성=0.975, 운영제외리스크=0.000, 검증필요리스크=0.308",순위 6단계 하락 / 최종점수 -0.002
1435,1505,UCKsJ7kENUMxpZo22m27l9KA,제노 플래쉬,,게임기타,17600.0,16401.4,0.0132252184567778,0.4752008392659121,0.6986231101511879,0.3349677434610205,0.1949244060475162,0.4203721168874098,0.99272,보류,False,,성장성 신뢰도 양호,상위 세그먼트 불명확,"최종=0.475, 채널력=0.699, 성장성=0.335, 팬밀도=0.195, 라이브=0.420, 실전성=0.993, 운영제외리스크=0.000, 검증필요리스크=0.091",순위 6단계 하락 / 최종점수 -0.002 / 성장성 -0.000
1436,1506,UCm4-DacwOEDMZmd5ZCbq66A,부타타,버츄얼 퍼포먼스형,버튜버,1220.0,2947.6,0.031697092673356,0.4749457119071556,0.2035502159827213,0.5034691707434628,0.5750539956803455,0.4203721168874098,0.97312,보류,False,,뚜렷한 강점 신호 부족,수집 영상 수 부족,"최종=0.475, 채널력=0.204, 성장성=0.503, 팬밀도=0.575, 라이브=0.420, 실전성=0.973, 운영제외리스크=0.000, 검증필요리스크=0.336",순위 5단계 하락 / 최종점수 -0.002 / 성장성 -0.000
1437,1507,UCteGDWGFlEb4VOVUUN1y4-Q,해닝,버츄얼 퍼포먼스형,버튜버,1670.0,2281.8,0.0167675215128332,0.4748254255082388,0.4365550755939524,0.4439743018550136,0.2791576673866091,0.4203721168874098,1.0,보류,False,,실전성 리스크 낮음 / 성장성 신뢰도 양호,주요 자동 리스크 낮음,"최종=0.475, 채널력=0.437, 성장성=0.444, 팬밀도=0.279, 라이브=0.420, 실전성=1.000, 운영제외리스크=0.000, 검증필요리스크=0.000",순위 78단계 하락 / 최종점수 -0.012 / 성장성 +0.001
1438,1509,UCJ--US4Nx8w7qTciN7J55sw,하카세 유우 HAKASE YUU,버츄얼 퍼포먼스형,버튜버,1520.0,96748.88888888888,0.0236250308882151,0.4744562641944577,0.4491495680345572,0.4715042372881355,0.4190064794816415,0.3960583153347732,0.9664,보류,False,,뚜렷한 강점 신호 부족,수집 영상 수 부족 / 성장성 신뢰도 낮음,"최종=0.474, 채널력=0.449, 성장성=0.472, 팬밀도=0.419, 라이브=0.396, 실전성=0.966, 운영제외리스크=0.000, 검증필요리스크=0.420",순위 4단계 하락 / 최종점수 -0.001 / 성장성 -0.000
1439,1510,UCG6Zjn3K5pVqVP34tqUa7yQ,나무꾼&잭Jack,음악·보이스형,성우더빙,1230.0,22725.3,0.0158224987599269,0.4744388897027392,0.590523758099352,0.3368914873074484,0.259719222462203,0.4203721168874098,1.0,보류,False,,실전성 리스크 낮음 / 성장성 신뢰도 양호,주요 자동 리스크 낮음,"최종=0.474, 채널력=0.591, 성장성=0.337, 팬밀도=0.260, 라이브=0.420, 실전성=1.000, 운영제외리스크=0.000, 검증필요리스크=0.000",최종점수 -0.000 / 성장성 -0.000
1440,1511,UCU_1N72wfUi9UKKVEbnaktA,서리아,버츄얼 퍼포먼스형,버튜버,1350.0,6016.5,0.0352466919307805,0.4737097841876824,0.2686690064794816,0.3633656769597839,0.6366090712742981,0.4203721168874098,0.98208,보류,False,,성장성 신뢰도 양호,수집 영상 수 부족,"최종=0.474, 채널력=0.269, 성장성=0.363, 팬밀도=0.637, 라이브=0.420, 실전성=0.982, 운영제외리스크=0.000, 검증필요리스크=0.224",순위 28단계 상승 / 최종점수 +0.004 / 성장성 +0.014
1441,1512,UCzqKYHPJDQAj9xmZ1RvU3Yg,신큐브,음악·보이스형,ASMR보이스,2060.0,2079.3,0.0203033040642392,0.4736297548359943,0.3247840172786177,0.50386466654763,0.355291576673866,0.4203721168874098,0.99104,보류,False,,성장성 신뢰도 양호,주요 자동 리스크 낮음,"최종=0.474, 채널력=0.325, 성장성=0.504, 팬밀도=0.355, 라이브=0.420, 실전성=0.991, 운영제외리스크=0.000, 검증필요리스크=0.112",순위 94단계 하락 / 최종점수 -0.014 / 성장성 +0.000
1442,1513,UCzh41g3ZDYi5wNV3-z5wUoA,고냥,음악·보이스형,커버,3620.0,12967.5,0.0217607043251947,0.4736167013434857,0.4322489200863931,0.4715042372881355,0.3860691144708423,0.3960583153347732,0.97536,보류,False,,뚜렷한 강점 신호 부족,성장성 신뢰도 낮음,"최종=0.474, 채널력=0.432, 성장성=0.472, 팬밀도=0.386, 라이브=0.396, 실전성=0.975, 운영제외리스크=0.000, 검증필요리스크=0.308",최종점수 -0.000 / 성장성 -0.000
1443,1514,UCmlNL48ZaUI7F-FdQdPxFTw,라라먹방 Rara mukbang ,음악·보이스형,ASMR,88100.0,8487.1,0.0139855751609517,0.4733038032720756,0.4489875809935205,0.5549715149424592,0.2105831533477321,0.4203721168874098,0.98208,보류,False,,성장성 신뢰도 양호,수집 영상 수 부족,"최종=0.473, 채널력=0.449, 성장성=0.555, 팬밀도=0.211, 라이브=0.420, 실전성=0.982, 운영제외리스크=0.000, 검증필요리스크=0.224",순위 12단계 하락 / 최종점수 -0.003 / 성장성 +0.000
1444,1516,UCDv8Feam2sQSB_TmjhhAs2Q,고인물랭킹,,게임기타,48000.0,384194.0,0.0077181377936621,0.4729071347677576,0.7336663066954644,0.4244948741101604,0.0815334773218142,0.4203721168874098,0.98376,보류,False,,성장성 신뢰도 양호,상위 세그먼트 불명확,"최종=0.473, 채널력=0.734, 성장성=0.424, 팬밀도=0.082, 라이브=0.420, 실전성=0.984, 운영제외리스크=0.000, 검증필요리스크=0.203",순위 1단계 하락 / 최종점수 -0.000 / 성장성 +0.000
1445,1517,UCNeHPUKNUBmBMZy_rzHPzSw,류으미,게임 실황형,블루아카이브,224000.0,37607.4,0.0261370028116428,0.4723974067498604,0.5650782937365011,0.4554551497019036,0.4703023758099352,0.4203721168874098,0.85808,보류,False,,성장성 신뢰도 양호,팬/클립/아카이브 채널 의심 / 수집 영상 수 부족,"최종=0.472, 채널력=0.565, 성장성=0.455, 팬밀도=0.470, 라이브=0.420, 실전성=0.858, 운영제외리스크=0.220, 검증필요리스크=0.224",순위 8단계 하락 / 최종점수 -0.003 / 성장성 -0.001
1446,1518,UCOfVPcFl4KS5q8uFG_ywGRQ,유머동자,음악·보이스형,성우,2760.0,752525.3,0.0103998829642567,0.4723150073434126,0.6433045356371491,0.5,0.132829373650108,0.3960583153347732,0.97536,보류,False,,뚜렷한 강점 신호 부족,성장성 신뢰도 낮음,"최종=0.472, 채널력=0.643, 성장성=0.500, 팬밀도=0.133, 라이브=0.396, 실전성=0.975, 운영제외리스크=0.000, 검증필요리스크=0.308",순위 2단계 하락 / 최종점수 -0.001
1447,1519,UCI3XDFp66hNCZHSAO_xKaPQ,허접 토끼,게임 실황형,발로란트,1950.0,55.3,0.0075145976136075,0.4723058332114503,0.3012958963282937,0.4615951462439901,0.0766738660907127,0.8660389635396776,1.0,보류,False,,라이브친화도 상위권 / 실전성 리스크 낮음 / 성장성 신뢰도 양호,주요 자동 리스크 낮음,"최종=0.472, 채널력=0.301, 성장성=0.462, 팬밀도=0.077, 라이브=0.866, 실전성=1.000, 운영제외리스크=0.000, 검증필요리스크=0.000",순위 5단계 하락 / 최종점수 -0.001 / 성장성 +0.001
1448,1520,UC7hTcMsunb3T2rym2-uyL_w,게임왕 또유,음악·보이스형,애니송커버,6330.0,33707.1,0.0107357323351442,0.4718224316178853,0.5193709503239741,0.5150694208674044,0.1382289416846652,0.4203721168874098,0.99104,보류,False,,성장성 신뢰도 양호,주요 자동 리스크 낮음,"최종=0.472, 채널력=0.519, 성장성=0.515, 팬밀도=0.138, 라이브=0.420, 실전성=0.991, 운영제외리스크=0.000, 검증필요리스크=0.112",순위 1단계 상승 / 최종점수 -0.000 / 성장성 -0.000
1449,1521,UC8xlO4FPUArteqqhbZGxW2w,배우 이강영,창작·비주얼형,일러스트리깅,2220.0,931.2,0.0182644027636877,0.4714502073721586,0.4428455723542115,0.3994010528808919,0.3142548596112311,0.4203721168874098,1.0,보류,False,,실전성 리스크 낮음 / 성장성 신뢰도 양호,주요 자동 리스크 낮음,"최종=0.471, 채널력=0.443, 성장성=0.399, 팬밀도=0.314, 라이브=0.420, 실전성=1.000, 운영제외리스크=0.000, 검증필요리스크=0.000",순위 3단계 하락 / 최종점수 -0.001 / 성장성 +0.000
1450,1522,UCXwxNXzs5c0LCGVCtznX9Aw,스타으앙코 / Staruanko,버츄얼 퍼포먼스형,버튜버,2070.0,2235.4,0.0286013463832581,0.471196383867189,0.262297516198704,0.4928760593220339,0.5178185745140389,0.3960583153347732,0.97536,보류,False,,뚜렷한 강점 신호 부족,성장성 신뢰도 낮음,"최종=0.471, 채널력=0.262, 성장성=0.493, 팬밀도=0.518, 라이브=0.396, 실전성=0.975, 운영제외리스크=0.000, 검증필요리스크=0.308",순위 5단계 하락 / 최종점수 -0.002 / 성장성 -0.000
1451,1523,UCZt6P76l7snfInVnqEzkt8g,크리스찬의 다락방,음악·보이스형,애니송커버,2380.0,3586.9,0.0221101929804696,0.4711686790496761,0.3778347732181425,0.5,0.3930885529157667,0.3960583153347732,0.97536,보류,False,,뚜렷한 강점 신호 부족,성장성 신뢰도 낮음,"최종=0.471, 채널력=0.378, 성장성=0.500, 팬밀도=0.393, 라이브=0.396, 실전성=0.975, 운영제외리스크=0.000, 검증필요리스크=0.308",최종점수 -0.001
1452,1524,UCyPl9S24h40ailMeYV8vRdw,킬링타임zip,음악·보이스형,성우더빙,5870.0,879254.2,0.0139534979789466,0.4710882962733828,0.6086798056155507,0.435884533898305,0.208963282937365,0.3960583153347732,0.98208,보류,False,,뚜렷한 강점 신호 부족,주요 자동 리스크 낮음,"최종=0.471, 채널력=0.609, 성장성=0.436, 팬밀도=0.209, 라이브=0.396, 실전성=0.982, 운영제외리스크=0.000, 검증필요리스크=0.224",순위 1단계 상승 / 최종점수 -0.000 / 성장성 -0.000
1453,1525,UCwBLmucj95pImeUQekcWr0A,피집사다제 Pijipsa_StelLivefan,게임 실황형,명조,25100.0,40267.1,0.0252198008910177,0.4708037225083076,0.5341657667386609,0.3827577892896932,0.4514038876889849,0.4203721168874098,0.78208,보류,False,,성장성 신뢰도 양호,수집 영상 수 부족,"최종=0.471, 채널력=0.534, 성장성=0.383, 팬밀도=0.451, 라이브=0.420, 실전성=0.782, 운영제외리스크=0.000, 검증필요리스크=0.224",순위 31단계 상승 / 최종점수 +0.004 / 성장성 -0.000
1454,1526,UCOT3OBfeTDWSFpLqARhgJdA,난데,,서브컬쳐게임,1120.0,31023.9,0.0217724947243794,0.470737905399568,0.4197489200863931,0.5,0.386609071274298,0.3960583153347732,0.96808,보류,False,,뚜렷한 강점 신호 부족,상위 세그먼트 불명확 / 성장성 신뢰도 낮음,"최종=0.471, 채널력=0.420, 성장성=0.500, 팬밀도=0.387, 라이브=0.396, 실전성=0.968, 운영제외리스크=0.000, 검증필요리스크=0.399",순위 5단계 상승 / 최종점수 +0.000
1455,1527,UCkJThHTYxa9g_NMuduvB59g,보이스멘토소리방송,음악·보이스형,성우더빙,16100.0,2011.5,0.0070565118993489,0.4706791232578101,0.611231101511879,0.4590758296091907,0.066414686825054,0.4203721168874098,1.0,보류,False,,실전성 리스크 낮음,주요 자동 리스크 낮음,"최종=0.471, 채널력=0.611, 성장성=0.459, 팬밀도=0.066, 라이브=0.420, 실전성=1.000, 운영제외리스크=0.000, 검증필요리스크=0.000",순위 1단계 하락 / 최종점수 -0.001 / 성장성 +0.000
1456,1528,UCN5UG5uID0ELu9H0sf4eV4Q,금수저 주식,음악·보이스형,ASMR보이스,3410.0,47.6,0.0383078149305153,0.4705907340370933,0.3287257019438444,0.1992029183997501,0.6792656587473002,0.4203721168874098,1.0,보류,False,,실전성 리스크 낮음 / 성장성 신뢰도 양호,주요 자동 리스크 낮음,"최종=0.471, 채널력=0.329, 성장성=0.199, 팬밀도=0.679, 라이브=0.420, 실전성=1.000, 운영제외리스크=0.000, 검증필요리스크=0.000",순위 24단계 상승 / 최종점수 +0.004 / 성장성 -0.000
1457,1529,UCaSCg5JxoaD6FzFoY4G1j9w,박홍시(가짜),창작·비주얼형,코스프레,2590.0,4701.7,0.0198960594125483,0.4704125673242557,0.4035097192224622,0.4726183273164129,0.3477321814254859,0.4203721168874098,0.98208,보류,False,,뚜렷한 강점 신호 부족,주요 자동 리스크 낮음,"최종=0.470, 채널력=0.404, 성장성=0.473, 팬밀도=0.348, 라이브=0.420, 실전성=0.982, 운영제외리스크=0.000, 검증필요리스크=0.224",순위 3단계 상승 / 최종점수 -0.000 / 성장성 +0.000
1458,1530,UCxPjm3ANPizbdpHbgaYH49A,픽서,음악·보이스형,애니송커버,5030.0,7341.2,0.0174412272519474,0.470224294600432,0.4718142548596112,0.5,0.294816414686825,0.3960583153347732,0.97536,보류,False,,뚜렷한 강점 신호 부족,성장성 신뢰도 낮음,"최종=0.470, 채널력=0.472, 성장성=0.500, 팬밀도=0.295, 라이브=0.396, 실전성=0.975, 운영제외리스크=0.000, 검증필요리스크=0.308",순위 1단계 하락 / 최종점수 -0.001
1459,1532,UCE-fPXcS_zTSblQuAgEjkOg,신기방구,음악·보이스형,ASMR보이스,5910.0,388761.6,0.0082771270697932,0.469749132613391,0.6699784017278618,0.5,0.0944924406047516,0.3960583153347732,0.97536,보류,False,,뚜렷한 강점 신호 부족,성장성 신뢰도 낮음,"최종=0.470, 채널력=0.670, 성장성=0.500, 팬밀도=0.094, 라이브=0.396, 실전성=0.975, 운영제외리스크=0.000, 검증필요리스크=0.308",순위 2단계 하락 / 최종점수 -0.001
1460,1533,UCC37DABYzgBUZOurDSOcjUQ,쩌기,,서브컬쳐게임,1300.0,52.4,0.0187478635594112,0.4696907341237107,0.2726511879049675,0.3068649882863888,0.3277537796976242,0.8660389635396776,0.99272,보류,False,,라이브친화도 상위권 / 성장성 신뢰도 양호,상위 세그먼트 불명확,"최종=0.470, 채널력=0.273, 성장성=0.307, 팬밀도=0.328, 라이브=0.866, 실전성=0.993, 운영제외리스크=0.000, 검증필요리스크=0.091",순위 6단계 하락 / 최종점수 -0.001 / 성장성 +0.000
1461,1535,UCd-mGNWTv9S3MXb-XKqGEyA,믹앨범,,서브컬쳐게임,1270.0,1388.1,0.0129910983200753,0.4692619086830892,0.2269843412526997,0.7255816168037618,0.1884449244060475,0.4203721168874098,0.98376,보류,False,,성장성 상위권 / 성장성 신뢰도 양호,상위 세그먼트 불명확,"최종=0.469, 채널력=0.227, 성장성=0.726, 팬밀도=0.188, 라이브=0.420, 실전성=0.984, 운영제외리스크=0.000, 검증필요리스크=0.203",순위 109단계 하락 / 최종점수 -0.018 / 성장성 +0.000
1462,1537,UCEqnhzixHrUjW8f489cgWCQ,에라센세,게임 실황형,원신,1320.0,14376.4,0.015603244821225,0.4689107598513325,0.3412122030237581,0.5891740827933999,0.2548596112311015,0.4203721168874098,0.98208,보류,False,,성장성 상위권,수집 영상 수 부족,"최종=0.469, 채널력=0.341, 성장성=0.589, 팬밀도=0.255, 라이브=0.420, 실전성=0.982, 운영제외리스크=0.000, 검증필요리스크=0.224",순위 9단계 상승 / 최종점수 +0.000 / 성장성 +0.001
1463,1538,UCCXugF9Lk3EoHulJ4NPcmDw,김로시,게임 실황형,롤,2310.0,140314.8,0.0109142186722429,0.4688662034000684,0.5993790496760261,0.4386781938938681,0.1420086393088553,0.4203721168874098,0.99104,보류,False,,성장성 신뢰도 양호,주요 자동 리스크 낮음,"최종=0.469, 채널력=0.599, 성장성=0.439, 팬밀도=0.142, 라이브=0.420, 실전성=0.991, 운영제외리스크=0.000, 검증필요리스크=0.112",최종점수 -0.001 / 성장성 +0.000
1464,1539,UCZMye1yIUqDaK12YoLwusdQ,도화남,게임 실황형,붕괴스타레일,1370.0,647.4,0.0110853520299621,0.4687108807087721,0.100175485961123,0.6334353087206485,0.1447084233261339,0.8514942281586271,0.98208,보류,False,,성장성 상위권 / 라이브친화도 상위권 / 성장성 신뢰도 양호,수집 영상 수 부족,"최종=0.469, 채널력=0.100, 성장성=0.633, 팬밀도=0.145, 라이브=0.851, 실전성=0.982, 운영제외리스크=0.000, 검증필요리스크=0.224",순위 5단계 하락 / 최종점수 -0.002 / 성장성 +0.000
1465,1540,UC5OtQs20qchqfT_5a3GnHkg,오섭의 20초픽,음악·보이스형,애니송커버,1160.0,1039.0,0.0252697967550228,0.4684534745016945,0.1964767818574513,0.5098254595530236,0.4524838012958963,0.4203721168874098,0.99104,보류,False,,뚜렷한 강점 신호 부족,주요 자동 리스크 낮음,"최종=0.468, 채널력=0.196, 성장성=0.510, 팬밀도=0.452, 라이브=0.420, 실전성=0.991, 운영제외리스크=0.000, 검증필요리스크=0.112",순위 7단계 하락 / 최종점수 -0.002 / 성장성 +0.000
1466,1541,UCLQeUNgm8Hzsb4oufNes_YQ,시크릿모드,창작·비주얼형,코스프레,18700.0,96134.4,0.0078641971480671,0.4682998885529158,0.6741900647948165,0.5,0.0836933045356371,0.3960583153347732,0.97536,보류,False,,뚜렷한 강점 신호 부족,성장성 신뢰도 낮음,"최종=0.468, 채널력=0.674, 성장성=0.500, 팬밀도=0.084, 라이브=0.396, 실전성=0.975, 운영제외리스크=0.000, 검증필요리스크=0.308",순위 4단계 상승 / 최종점수 -0.001
1467,1542,UCZnd9omeADODkeW72jjpKzg,한글님,,서브컬쳐게임,7130.0,81.8,0.0011820330969267,0.4672780568545415,0.3665766738660906,0.4777737967126053,0.0140388768898488,0.8532824840580361,0.99272,보류,False,,라이브친화도 상위권 / 성장성 신뢰도 양호,상위 세그먼트 불명확,"최종=0.467, 채널력=0.367, 성장성=0.478, 팬밀도=0.014, 라이브=0.853, 실전성=0.993, 운영제외리스크=0.000, 검증필요리스크=0.091",순위 8단계 상승 / 최종점수 -0.000 / 성장성 -0.000
1468,1543,UCTOIKPGHNoL5kRi9QdJNWyw,카와잉,음악·보이스형,애니송커버,1730.0,938.9,0.0313977179910108,0.4672515624190064,0.180224082073434,0.5,0.5728941684665226,0.3960583153347732,0.97536,보류,False,,뚜렷한 강점 신호 부족,성장성 신뢰도 낮음,"최종=0.467, 채널력=0.180, 성장성=0.500, 팬밀도=0.573, 라이브=0.396, 실전성=0.975, 운영제외리스크=0.000, 검증필요리스크=0.308",순위 1단계 상승 / 최종점수 -0.002
1469,1544,UCkcCN8n3seLs41bI4U1gIqQ,카나시 Kanashi,,버튜버편집자전향,1290.0,2178.0,0.0259097532821997,0.467068543859135,0.2652672786177105,0.5049148047589394,0.4670626349892008,0.4203721168874098,0.9748,보류,False,,뚜렷한 강점 신호 부족,상위 세그먼트 불명확,"최종=0.467, 채널력=0.265, 성장성=0.505, 팬밀도=0.467, 라이브=0.420, 실전성=0.975, 운영제외리스크=0.000, 검증필요리스크=0.315",순위 4단계 하락 / 최종점수 -0.002 / 성장성 +0.000
1470,1545,UCq9_3s1wW1_c62aB5heYoEQ,카냐 KANYA,버츄얼 퍼포먼스형,버튜버,2080.0,5330.4,0.018524901459301,0.4669571708101638,0.437810475161987,0.3822196202350759,0.3207343412526998,0.4203721168874098,1.0,보류,False,,실전성 리스크 낮음 / 성장성 신뢰도 양호,주요 자동 리스크 낮음,"최종=0.467, 채널력=0.438, 성장성=0.382, 팬밀도=0.321, 라이브=0.420, 실전성=1.000, 운영제외리스크=0.000, 검증필요리스크=0.000",순위 4단계 상승 / 최종점수 -0.001 / 성장성 +0.000
1471,1546,UCTJFOXX3lDC4hFVY5lDJCkA,우남킴,버츄얼 퍼포먼스형,버튜버,3360.0,222901.2,0.013100643559131,0.4669248885529158,0.559408747300216,0.5,0.1922246220302375,0.3960583153347732,0.97536,보류,False,,뚜렷한 강점 신호 부족,성장성 신뢰도 낮음,"최종=0.467, 채널력=0.559, 성장성=0.500, 팬밀도=0.192, 라이브=0.396, 실전성=0.975, 운영제외리스크=0.000, 검증필요리스크=0.308",순위 2단계 상승 / 최종점수 -0.001
1472,1548,UCR82hJoVywdn_svWcAgN00w,아이미,버츄얼 퍼포먼스형,버튜버,2470.0,1358.1,0.0169107083392099,0.4661633369330453,0.3381344492440604,0.5,0.2834773218142548,0.3960583153347732,1.0,보류,False,,실전성 리스크 낮음 / 성장성 신뢰도 양호,주요 자동 리스크 낮음,"최종=0.466, 채널력=0.338, 성장성=0.500, 팬밀도=0.283, 라이브=0.396, 실전성=1.000, 운영제외리스크=0.000, 검증필요리스크=0.000",순위 7단계 상승 / 최종점수 -0.000
1473,1550,UCmWfxQQQCTUhJ3BHBwdy1zg,시리안_레인,버츄얼 퍼포먼스형,버튜버,18500.0,21085.3,0.0032697189723711,0.4659915182979023,0.6382154427645789,0.4516785286493226,0.0275377969762419,0.4203721168874098,1.0,보류,False,,실전성 리스크 낮음 / 성장성 신뢰도 양호,주요 자동 리스크 낮음,"최종=0.466, 채널력=0.638, 성장성=0.452, 팬밀도=0.028, 라이브=0.420, 실전성=1.000, 운영제외리스크=0.000, 검증필요리스크=0.000",순위 7단계 하락 / 최종점수 -0.003 / 성장성 +0.001
1474,1551,UCf4UrLBmXbTm8RZnpJBGqJA,편집새싹몬,,커버기타,3400.0,75570.8,0.0089671553419996,0.4657704641165798,0.6345977321814255,0.4194737701955093,0.1085313174946004,0.4203721168874098,0.99272,보류,False,,성장성 신뢰도 양호,상위 세그먼트 불명확,"최종=0.466, 채널력=0.635, 성장성=0.419, 팬밀도=0.109, 라이브=0.420, 실전성=0.993, 운영제외리스크=0.000, 검증필요리스크=0.091",순위 3단계 상승 / 최종점수 -0.001 / 성장성 -0.001
1475,1552,UCUyfkq9e9ZfPzxOW5WQ9rzQ,MMTG 문명특급,음악·보이스형,애니송커버,2020000.0,418028.0,0.0142199747999288,0.4655859409328952,0.6561960043196544,0.466040101467972,0.2159827213822894,0.3097666191162359,0.88208,보류,False,,성장성 신뢰도 양호,수집 영상 수 부족,"최종=0.466, 채널력=0.656, 성장성=0.466, 팬밀도=0.216, 라이브=0.310, 실전성=0.882, 운영제외리스크=0.000, 검증필요리스크=0.224",순위 20단계 상승 / 최종점수 +0.002 / 성장성 -0.000
1476,1554,UCO8zn4QOcgkutJ1qnIwN9Rw,곽춘배,음악·보이스형,커버,1290.0,13236.9,0.0142887887568661,0.4654676151187904,0.4819249460043196,0.5,0.2170626349892008,0.3960583153347732,0.98432,보류,False,,뚜렷한 강점 신호 부족,성장성 신뢰도 낮음,"최종=0.465, 채널력=0.482, 성장성=0.500, 팬밀도=0.217, 라이브=0.396, 실전성=0.984, 운영제외리스크=0.000, 검증필요리스크=0.196",순위 4단계 상승 / 최종점수 -0.000
1477,1556,UCBIkGYAckDWN31jy15xAsYg,리베쇼츠,버츄얼 퍼포먼스형,버튜버,2090.0,6565.3,0.0301824147071787,0.4649152858442626,0.3833288336933045,0.4341715614629974,0.5518358531317494,0.4203721168874098,0.94704,보류,False,,성장성 신뢰도 양호,리믹스/쇼츠/플레이리스트/재업로드성 채널 의심,"최종=0.465, 채널력=0.383, 성장성=0.434, 팬밀도=0.552, 라이브=0.420, 실전성=0.947, 운영제외리스크=0.220, 검증필요리스크=0.112",순위 3단계 하락 / 최종점수 -0.002 / 성장성 -0.001
1478,1557,UCpa8D5uitbwy5iYKvHuxZPw,희자매,,서브컬쳐게임,12100.0,3428.1,0.0075594142202606,0.4648938483853733,0.3746085313174945,0.5376128778131273,0.0788336933045356,0.6863743545390069,0.98376,보류,False,,라이브친화도 상위권 / 성장성 신뢰도 양호,상위 세그먼트 불명확,"최종=0.465, 채널력=0.375, 성장성=0.538, 팬밀도=0.079, 라이브=0.686, 실전성=0.984, 운영제외리스크=0.000, 검증필요리스크=0.203",순위 519단계 하락 / 최종점수 -0.073 / 성장성 +0.000
1479,1558,UC9T6mWOyYRYLb9J7YmDuGMw,실키아,버츄얼 퍼포먼스형,버튜버,1580.0,39651.2,0.0141193190275612,0.4648846617710583,0.5290766738660907,0.5,0.2132829373650108,0.3960583153347732,0.97536,보류,False,,뚜렷한 강점 신호 부족,성장성 신뢰도 낮음,"최종=0.465, 채널력=0.529, 성장성=0.500, 팬밀도=0.213, 라이브=0.396, 실전성=0.975, 운영제외리스크=0.000, 검증필요리스크=0.308",순위 3단계 상승 / 최종점수 -0.000
1480,1559,UCzwMIXRhvbkg4_hHPrN190w,쇼미더지저스,음악·보이스형,애니송커버,2580.0,4989.2,0.0225315092156541,0.4647925991360692,0.3369735421166306,0.5,0.4049676025917926,0.3960583153347732,0.97536,보류,False,,뚜렷한 강점 신호 부족,성장성 신뢰도 낮음,"최종=0.465, 채널력=0.337, 성장성=0.500, 팬밀도=0.405, 라이브=0.396, 실전성=0.975, 운영제외리스크=0.000, 검증필요리스크=0.308",최종점수 -0.000
1481,1560,UCoKiJXWFhe6x0fxqe-mLgLQ,Seizu Ch. 세이즈,게임 실황형,로블록스,5810.0,2248.4,0.0262533813003401,0.464305358908372,0.3127294816414687,0.435884533898305,0.4740820734341253,0.3960583153347732,0.98208,보류,False,,뚜렷한 강점 신호 부족,주요 자동 리스크 낮음,"최종=0.464, 채널력=0.313, 성장성=0.436, 팬밀도=0.474, 라이브=0.396, 실전성=0.982, 운영제외리스크=0.000, 검증필요리스크=0.224",순위 9단계 상승 / 최종점수 +0.001 / 성장성 -0.000
1482,1561,UCFeI_8FQaA9REMs0Zc_j_iA,담하,버츄얼 퍼포먼스형,버튜버,27100.0,69696.2,0.0106901232063037,0.4641036142548597,0.6022003239740821,0.5,0.136609071274298,0.3960583153347732,0.97536,보류,False,,뚜렷한 강점 신호 부족,성장성 신뢰도 낮음,"최종=0.464, 채널력=0.602, 성장성=0.500, 팬밀도=0.137, 라이브=0.396, 실전성=0.975, 운영제외리스크=0.000, 검증필요리스크=0.308",순위 1단계 상승 / 최종점수 -0.001
1483,1562,UCRL62bgvqmbuxK9QPUYqNwg,마법소녀 메이,버츄얼 퍼포먼스형,버튜버,5360.0,694.5,0.0207950411191674,0.4641021649996559,0.4037257019438444,0.3623184115782942,0.367170626349892,0.4203721168874098,1.0,보류,False,,실전성 리스크 낮음 / 성장성 신뢰도 양호,주요 자동 리스크 낮음,"최종=0.464, 채널력=0.404, 성장성=0.362, 팬밀도=0.367, 라이브=0.420, 실전성=1.000, 운영제외리스크=0.000, 검증필요리스크=0.000",순위 25단계 하락 / 최종점수 -0.006 / 성장성 +0.001
1484,1563,UCbDSE5HXCX6k3Rpdnn9OlRA,고양이설이,,서브컬쳐게임,10800.0,3801.1,0.006923385405847,0.4641013410466502,0.563363930885529,0.504270677158041,0.0642548596112311,0.4203721168874098,0.99272,보류,False,,성장성 신뢰도 양호,상위 세그먼트 불명확,"최종=0.464, 채널력=0.563, 성장성=0.504, 팬밀도=0.064, 라이브=0.420, 실전성=0.993, 운영제외리스크=0.000, 검증필요리스크=0.091",순위 3단계 하락 / 최종점수 -0.001 / 성장성 +0.000
1485,1564,UCRmD8yzvVbtxg2I19SxpiUg,핑크 워로드,창작·비주얼형,코스프레,4630.0,3126.1,0.0082436702612303,0.463998122001397,0.5143088552915767,0.4905799673620507,0.0928725701943844,0.4203721168874098,1.0,보류,False,,실전성 리스크 낮음 / 성장성 신뢰도 양호,주요 자동 리스크 낮음,"최종=0.464, 채널력=0.514, 성장성=0.491, 팬밀도=0.093, 라이브=0.420, 실전성=1.000, 운영제외리스크=0.000, 검증필요리스크=0.000",최종점수 -0.001 / 성장성 -0.000
1486,1565,UCZKUq_SL5xsScdEMTyy1XgQ,트립코코,음악·보이스형,보컬로이드JPOP커버,2180.0,1885.5,0.0156630310799192,0.4639560060475162,0.4356371490280777,0.5,0.2564794816414686,0.3960583153347732,0.98432,보류,False,,뚜렷한 강점 신호 부족,성장성 신뢰도 낮음,"최종=0.464, 채널력=0.436, 성장성=0.500, 팬밀도=0.256, 라이브=0.396, 실전성=0.984, 운영제외리스크=0.000, 검증필요리스크=0.196",순위 2단계 상승 / 최종점수 -0.000
1487,1566,UCj9v_ThF9C97nrraZKlxKfg,ND러너,게임 실황형,마인크래프트,261000.0,2770.6,0.0186201890409501,0.463316836838235,0.4154022678185745,0.2884230001615768,0.3223542116630669,0.6691784753802161,0.99104,보류,False,,라이브친화도 상위권 / 성장성 신뢰도 양호,주요 자동 리스크 낮음,"최종=0.463, 채널력=0.415, 성장성=0.288, 팬밀도=0.322, 라이브=0.669, 실전성=0.991, 운영제외리스크=0.000, 검증필요리스크=0.112",순위 24단계 하락 / 최종점수 -0.006 / 성장성 +0.001
1488,1568,UCw7ej35vkwxRMWvH8DeoCNQ,버블디아,,음악기타,1600000.0,15822.6,0.0083432561825494,0.4628275988309838,0.8265388768898488,0.3134904963044965,0.0971922246220302,0.4203721168874098,0.89272,보류,False,,성장성 신뢰도 양호,상위 세그먼트 불명확,"최종=0.463, 채널력=0.827, 성장성=0.313, 팬밀도=0.097, 라이브=0.420, 실전성=0.893, 운영제외리스크=0.000, 검증필요리스크=0.091",순위 6단계 상승 / 최종점수 +0.000 / 성장성 +0.001
1489,1569,UC5pk-sk0k4-XokBDlTd5H5A,지타_,게임 실황형,니케,10300.0,2370.8,0.0112751336186809,0.4623776644416532,0.2968817494600431,0.5224014088592197,0.1495680345572354,0.7209061165151366,0.98208,보류,False,,라이브친화도 상위권 / 성장성 신뢰도 양호,수집 영상 수 부족,"최종=0.462, 채널력=0.297, 성장성=0.522, 팬밀도=0.150, 라이브=0.721, 실전성=0.982, 운영제외리스크=0.000, 검증필요리스크=0.224",순위 4단계 상승 / 최종점수 -0.001 / 성장성 +0.000
1490,1570,UCqdYOgkjWj4uPwf_vCMowYA,유튜브 홈쇼핑,음악·보이스형,성우,4480.0,1418.9,0.0126304332956334,0.4622641935625625,0.2203968682505399,0.5484976118608131,0.1803455723542116,0.738474168723263,0.98208,보류,False,,라이브친화도 상위권 / 성장성 신뢰도 양호,수집 영상 수 부족,"최종=0.462, 채널력=0.220, 성장성=0.548, 팬밀도=0.180, 라이브=0.738, 실전성=0.982, 운영제외리스크=0.000, 검증필요리스크=0.224",순위 228단계 상승 / 최종점수 +0.082 / 성장성 +0.001
1491,1571,UCMn_l2mazR6DkUWefdEk3JQ,플로라 코튼 flora cotton,버츄얼 퍼포먼스형,버튜버,1230.0,1896.3,0.0224083155893035,0.4621820790729326,0.2131884449244059,0.5150251966440695,0.4006479481641469,0.4203721168874098,0.99104,보류,False,,성장성 신뢰도 양호,주요 자동 리스크 낮음,"최종=0.462, 채널력=0.213, 성장성=0.515, 팬밀도=0.401, 라이브=0.420, 실전성=0.991, 운영제외리스크=0.000, 검증필요리스크=0.112",순위 24단계 하락 / 최종점수 -0.006 / 성장성 +0.001
1492,1573,UC1JBpR8ZlCi8VTcpQF8gNew,비빔나물,음악·보이스형,보컬로이드JPOP커버,1010.0,2101.3,0.0128114656354179,0.462092421939311,0.3915766738660907,0.5080835223701818,0.1846652267818574,0.4203721168874098,1.0,보류,False,,실전성 리스크 낮음 / 성장성 신뢰도 양호,주요 자동 리스크 낮음,"최종=0.462, 채널력=0.392, 성장성=0.508, 팬밀도=0.185, 라이브=0.420, 실전성=1.000, 운영제외리스크=0.000, 검증필요리스크=0.000",순위 2단계 하락 / 최종점수 -0.001 / 성장성 +0.000
1493,1574,UCQVCygdDAhiV6Ur2fSLwSeg,팀 토리,음악·보이스형,JPOP커버,4580.0,306.4,0.0294915283632361,0.4617796310267385,0.1422381209503239,0.5019771324247868,0.5323974082073434,0.4203721168874098,0.98208,보류,False,,뚜렷한 강점 신호 부족,수집 영상 수 부족,"최종=0.462, 채널력=0.142, 성장성=0.502, 팬밀도=0.532, 라이브=0.420, 실전성=0.982, 운영제외리스크=0.000, 검증필요리스크=0.224",순위 4단계 하락 / 최종점수 -0.002 / 성장성 +0.000
1494,1575,UCYmisVOBT-saWcikP4Wsdxw,서현,음악·보이스형,보컬로이드JPOP커버,5230.0,6500.1,0.0181394435041694,0.4610360533553596,0.3896193304535637,0.4418852714108372,0.3120950323974082,0.4203721168874098,0.99104,보류,False,,성장성 신뢰도 양호,주요 자동 리스크 낮음,"최종=0.461, 채널력=0.390, 성장성=0.442, 팬밀도=0.312, 라이브=0.420, 실전성=0.991, 운영제외리스크=0.000, 검증필요리스크=0.112",순위 8단계 상승 / 최종점수 +0.001 / 성장성 +0.001
1495,1577,UC5DQIbb0qo1qyXK6P6toysw,비현실 안내소,창작·비주얼형,코스프레,9260.0,532.5,0.0211986613752146,0.4605068873047456,0.2661582073434125,0.4877873550159413,0.3747300215982721,0.4203721168874098,0.99104,보류,False,,성장성 신뢰도 양호,주요 자동 리스크 낮음,"최종=0.461, 채널력=0.266, 성장성=0.488, 팬밀도=0.375, 라이브=0.420, 실전성=0.991, 운영제외리스크=0.000, 검증필요리스크=0.112",최종점수 -0.001 / 성장성 +0.000
1496,1578,UCkjO_cnrLNPOkoh1z9d8aEA,곤곤 기타연구실 | 기타 레슨 & 커버,,음악기타,1640.0,1124.5,0.019125300688355,0.4604374768898487,0.2992845572354211,0.5,0.3336933045356371,0.3960583153347732,0.99272,보류,False,,성장성 신뢰도 양호,상위 세그먼트 불명확,"최종=0.460, 채널력=0.299, 성장성=0.500, 팬밀도=0.334, 라이브=0.396, 실전성=0.993, 운영제외리스크=0.000, 검증필요리스크=0.091",최종점수 -0.001
1497,1580,UC-62JoYWrTjoqRZX27IIgtQ,바드,게임 실황형,명일방주,3490.0,5680.1,0.0273222533194963,0.4597496988047118,0.3181290496760258,0.3883462421224232,0.4919006479481641,0.4203721168874098,0.98208,보류,False,,성장성 신뢰도 양호,수집 영상 수 부족,"최종=0.460, 채널력=0.318, 성장성=0.388, 팬밀도=0.492, 라이브=0.420, 실전성=0.982, 운영제외리스크=0.000, 검증필요리스크=0.224",순위 4단계 하락 / 최종점수 -0.002 / 성장성 -0.001
1498,1581,UCHOpf6VZWP7L5clp9l-71Rw,유주환 JuHwan Yoo,음악·보이스형,보컬로이드JPOP커버,11900.0,1526.5,0.0194306961070709,0.4593549641468682,0.3786717062634989,0.5,0.3385529157667387,0.3960583153347732,0.97536,보류,False,,뚜렷한 강점 신호 부족,성장성 신뢰도 낮음,"최종=0.459, 채널력=0.379, 성장성=0.500, 팬밀도=0.339, 라이브=0.396, 실전성=0.975, 운영제외리스크=0.000, 검증필요리스크=0.308",순위 1단계 하락 / 최종점수 -0.001
1499,1582,UCHno9XQTNe0MgtB0HYMXvbA,Etoile 에토일,음악·보이스형,ASMR보이스,81000.0,651150.2,0.0039902163007716,0.4584907632829373,0.6781992440604752,0.5,0.035097192224622,0.3960583153347732,0.97536,보류,False,,뚜렷한 강점 신호 부족,성장성 신뢰도 낮음,"최종=0.458, 채널력=0.678, 성장성=0.500, 팬밀도=0.035, 라이브=0.396, 실전성=0.975, 운영제외리스크=0.000, 검증필요리스크=0.308",순위 3단계 상승 / 최종점수 -0.001
1500,1583,UCNsIS0-f8lf_IO87zNX-3Lw,더데이지 Thedaisy,음악·보이스형,보컬로이드JPOP커버,1950.0,2326.9,0.0250584860369828,0.458336335637149,0.2638903887688985,0.5,0.4487041036717062,0.3960583153347732,0.97536,보류,False,,뚜렷한 강점 신호 부족,성장성 신뢰도 낮음,"최종=0.458, 채널력=0.264, 성장성=0.500, 팬밀도=0.449, 라이브=0.396, 실전성=0.975, 운영제외리스크=0.000, 검증필요리스크=0.308",순위 1단계 상승 / 최종점수 -0.002
1501,1584,UCN8mGP_IQ9_sauAM-421dIg,생활과정보 Info and Life,버츄얼 퍼포먼스형,버튜버,1240.0,1177.1,0.0429294965997263,0.4581017090590095,0.17417656587473,0.2740080621451005,0.7278617710583153,0.4203721168874098,0.99104,보류,False,,성장성 신뢰도 양호,주요 자동 리스크 낮음,"최종=0.458, 채널력=0.174, 성장성=0.274, 팬밀도=0.728, 라이브=0.420, 실전성=0.991, 운영제외리스크=0.000, 검증필요리스크=0.112",순위 4단계 상승 / 최종점수 -0.001 / 성장성 -0.000
1502,1585,UC-V_wvGA0hJljbZKqNc2Fmw,요루야,,서브컬쳐게임,4080.0,14410.1,0.0160338581793732,0.4579144712742981,0.4845707343412527,0.5,0.2634989200863931,0.3960583153347732,0.96808,보류,False,,뚜렷한 강점 신호 부족,상위 세그먼트 불명확 / 성장성 신뢰도 낮음,"최종=0.458, 채널력=0.485, 성장성=0.500, 팬밀도=0.263, 라이브=0.396, 실전성=0.968, 운영제외리스크=0.000, 검증필요리스크=0.399",순위 5단계 상승 / 최종점수 -0.001
1503,1586,UC8nUfXDgqvfiDh5yUqif6hg,에냐,,서브컬쳐게임,2510.0,6757.9,0.0207393925498039,0.4578161483840731,0.3962338012958963,0.4500003562480351,0.3639308855291576,0.4203721168874098,0.9748,보류,False,,뚜렷한 강점 신호 부족,상위 세그먼트 불명확,"최종=0.458, 채널력=0.396, 성장성=0.450, 팬밀도=0.364, 라이브=0.420, 실전성=0.975, 운영제외리스크=0.000, 검증필요리스크=0.315",순위 3단계 상승 / 최종점수 -0.001 / 성장성 -0.000
1504,1588,UC7PgOwvDfXYrnQa8_FrckUw,CG5 ACADEMY 3D애니메이션학원 마야학원 CG학원,창작·비주얼형,일러스트리깅,9150.0,922.5,0.0162512755824307,0.457255995903896,0.4401997840172786,0.5347048178469085,0.2683585313174946,0.4203721168874098,0.8200000000000001,보류,False,,성장성 신뢰도 양호,주요 자동 리스크 낮음,"최종=0.457, 채널력=0.440, 성장성=0.535, 팬밀도=0.268, 라이브=0.420, 실전성=0.820, 운영제외리스크=0.100, 검증필요리스크=0.000",순위 3단계 상승 / 최종점수 -0.001 / 성장성 +0.000
1505,1589,UCw55Gv3z7xgtG34fOP1-Aiw,신킹[원신 정보 채널],게임 실황형,원신,12800.0,27850.2,0.0147659625045707,0.4570442768213076,0.494127969762419,0.4436157547858286,0.2332613390928725,0.4203721168874098,0.98208,보류,False,,뚜렷한 강점 신호 부족,수집 영상 수 부족,"최종=0.457, 채널력=0.494, 성장성=0.444, 팬밀도=0.233, 라이브=0.420, 실전성=0.982, 운영제외리스크=0.000, 검증필요리스크=0.224",순위 5단계 상승 / 최종점수 -0.000 / 성장성 -0.000
1506,1590,UChbmQlR9rsULak0p3zNXGGw,스지수,음악·보이스형,보컬로이드JPOP커버,4450.0,289756.8,0.0101099299376004,0.4570415192224623,0.5798191144708423,0.5,0.126889848812095,0.3960583153347732,0.97536,보류,False,,뚜렷한 강점 신호 부족,성장성 신뢰도 낮음,"최종=0.457, 채널력=0.580, 성장성=0.500, 팬밀도=0.127, 라이브=0.396, 실전성=0.975, 운영제외리스크=0.000, 검증필요리스크=0.308",순위 3단계 상승 / 최종점수 -0.001
1507,1593,UCsijOpkTU48SfyF7eAmykeg,거친소리 연구회,,음악기타,1390.0,3262.2,0.0285297696739267,0.4561204334302818,0.4517548596112311,0.2079372906540409,0.5167386609071274,0.4203721168874098,0.99272,보류,False,,성장성 신뢰도 양호,상위 세그먼트 불명확,"최종=0.456, 채널력=0.452, 성장성=0.208, 팬밀도=0.517, 라이브=0.420, 실전성=0.993, 운영제외리스크=0.000, 검증필요리스크=0.091",순위 2단계 상승 / 최종점수 -0.001 / 성장성 +0.001
1508,1594,UCxeYuZu0-NfFaRPNtHf7x9w,먹물맨,버츄얼 퍼포먼스형,버튜버,1300.0,4732.3,0.0146366347567456,0.4559849645239228,0.4745680345572353,0.435884533898305,0.228401727861771,0.3960583153347732,0.99104,보류,False,,뚜렷한 강점 신호 부족,주요 자동 리스크 낮음,"최종=0.456, 채널력=0.475, 성장성=0.436, 팬밀도=0.228, 라이브=0.396, 실전성=0.991, 운영제외리스크=0.000, 검증필요리스크=0.112",순위 7단계 상승 / 최종점수 +0.001 / 성장성 -0.000
1509,1596,UC8Kj5TUOgnG3BzNlFoaHahw,설이엔,,서브컬쳐게임,1960.0,3111.4,0.0208524666389438,0.4547393255711673,0.3568844492440605,0.493655037192378,0.3682505399568034,0.4203721168874098,0.96808,보류,False,,뚜렷한 강점 신호 부족,상위 세그먼트 불명확 / 성장성 신뢰도 낮음,"최종=0.455, 채널력=0.357, 성장성=0.494, 팬밀도=0.368, 라이브=0.420, 실전성=0.968, 운영제외리스크=0.000, 검증필요리스크=0.399",순위 7단계 상승 / 최종점수 +0.000 / 성장성 +0.000
1510,1598,UCFnbIosAAnLaLoqvNXZMLTQ,포헤,버츄얼 퍼포먼스형,버튜버,5510.0,3244.2,0.0185002884923687,0.4546003745140389,0.3764983801295896,0.5,0.3191144708423326,0.3960583153347732,0.97536,보류,False,,뚜렷한 강점 신호 부족,성장성 신뢰도 낮음,"최종=0.455, 채널력=0.376, 성장성=0.500, 팬밀도=0.319, 라이브=0.396, 실전성=0.975, 운영제외리스크=0.000, 검증필요리스크=0.308",순위 2단계 하락 / 최종점수 -0.002
1511,1599,UCBBhayqr0YGQkks2SuC27sg,김뀰빵,게임 실황형,원신,1600.0,3119.9,0.0280125796135412,0.4538600237580993,0.2307100431965442,0.5,0.5075593952483801,0.3960583153347732,0.9664,보류,False,,뚜렷한 강점 신호 부족,수집 영상 수 부족 / 성장성 신뢰도 낮음,"최종=0.454, 채널력=0.231, 성장성=0.500, 팬밀도=0.508, 라이브=0.396, 실전성=0.966, 운영제외리스크=0.000, 검증필요리스크=0.420",순위 2단계 하락 / 최종점수 -0.002
1512,1600,UCAKiaMq_H1Vq8xBFYgGsj_Q,몬트쿠키 | 두바이쫀득쿠키 원조🧆,음악·보이스형,ASMR,16400.0,33829.7,0.0096964621620347,0.4538148562431426,0.5556830453563715,0.4383472872781891,0.1177105831533477,0.4203721168874098,0.99104,보류,False,,뚜렷한 강점 신호 부족,주요 자동 리스크 낮음,"최종=0.454, 채널력=0.556, 성장성=0.438, 팬밀도=0.118, 라이브=0.420, 실전성=0.991, 운영제외리스크=0.000, 검증필요리스크=0.112",순위 1단계 하락 / 최종점수 -0.001 / 성장성 +0.001
1513,1602,UC3T3HGcnvqWQSj85iDk6g7g,선진SUNJIN,음악·보이스형,커버,20400.0,8188.8,0.0126906524711929,0.4533873531318635,0.4614335853131749,0.4969719282800233,0.1814254859611231,0.4203721168874098,0.98208,보류,False,,뚜렷한 강점 신호 부족,주요 자동 리스크 낮음,"최종=0.453, 채널력=0.461, 성장성=0.497, 팬밀도=0.181, 라이브=0.420, 실전성=0.982, 운영제외리스크=0.000, 검증필요리스크=0.224",순위 2단계 상승 / 최종점수 -0.001 / 성장성 +0.000
1514,1603,UCsu9y1lBs0e9weRvDZhfkbQ,P도플,게임 실황형,발로란트,13000.0,1297.9,0.0071313119508281,0.4532760224773535,0.5815604751619871,0.4185375261430428,0.0685745140388768,0.4203721168874098,1.0,보류,False,,실전성 리스크 낮음 / 성장성 신뢰도 양호,주요 자동 리스크 낮음,"최종=0.453, 채널력=0.582, 성장성=0.419, 팬밀도=0.069, 라이브=0.420, 실전성=1.000, 운영제외리스크=0.000, 검증필요리스크=0.000",순위 3단계 상승 / 최종점수 -0.001 / 성장성 +0.001
1515,1604,UCNLkEFKidIP-t8QifUaMWBA,슈테른,음악·보이스형,애니송커버,3100.0,325.2,0.0109390481447698,0.4532359738795283,0.3523218142548595,0.5399638413174255,0.1430885529157667,0.4203721168874098,1.0,보류,False,,실전성 리스크 낮음 / 성장성 신뢰도 양호,주요 자동 리스크 낮음,"최종=0.453, 채널력=0.352, 성장성=0.540, 팬밀도=0.143, 라이브=0.420, 실전성=1.000, 운영제외리스크=0.000, 검증필요리스크=0.000",순위 166단계 하락 / 최종점수 -0.033 / 성장성 +0.000
1516,1605,UCyKIeHu9Sv7_3Gqbg-vo3bg,DramaBox - 스트림 드라마 숏,음악·보이스형,ASMR보이스,255000.0,5619.5,0.0058847970241069,0.4532103100014511,0.65542656587473,0.3712957421539746,0.054535637149028,0.4203721168874098,1.0,보류,False,,실전성 리스크 낮음 / 성장성 신뢰도 양호,주요 자동 리스크 낮음,"최종=0.453, 채널력=0.655, 성장성=0.371, 팬밀도=0.055, 라이브=0.420, 실전성=1.000, 운영제외리스크=0.000, 검증필요리스크=0.000",순위 3단계 상승 / 최종점수 -0.000 / 성장성 +0.000
1517,1606,UCVBZv5nQIybkBzJGCL7lXLg,도미녀,,서브컬쳐게임,1200.0,2495.4,0.0199476225418238,0.4530964037375993,0.3409422246220301,0.4928760593220339,0.3482721382289417,0.3960583153347732,0.97704,보류,False,,뚜렷한 강점 신호 부족,상위 세그먼트 불명확 / 성장성 신뢰도 낮음,"최종=0.453, 채널력=0.341, 성장성=0.493, 팬밀도=0.348, 라이브=0.396, 실전성=0.977, 운영제외리스크=0.000, 검증필요리스크=0.287",순위 6단계 하락 / 최종점수 -0.002 / 성장성 -0.000
1518,1607,UCYumHfbBE9_d8UINWzCZiBg,전태호의 M-LOG,음악·보이스형,ASMR보이스,1750.0,948.1,0.0276212342710177,0.4515949749460044,0.1824919006479481,0.5,0.4994600431965443,0.3960583153347732,0.97536,보류,False,,뚜렷한 강점 신호 부족,성장성 신뢰도 낮음,"최종=0.452, 채널력=0.182, 성장성=0.500, 팬밀도=0.499, 라이브=0.396, 실전성=0.975, 운영제외리스크=0.000, 검증필요리스크=0.308",최종점수 -0.002
1519,1608,UCHh0xIzNhlCLpeaud9r_LOg,신주아 ASMR,음악·보이스형,ASMR,10300.0,2555.1,0.0127226482779095,0.4512246345572354,0.4512014038876889,0.5,0.1830453563714902,0.3960583153347732,0.98432,보류,False,,뚜렷한 강점 신호 부족,성장성 신뢰도 낮음,"최종=0.451, 채널력=0.451, 성장성=0.500, 팬밀도=0.183, 라이브=0.396, 실전성=0.984, 운영제외리스크=0.000, 검증필요리스크=0.196",순위 2단계 상승 / 최종점수 -0.002
1520,1609,UCexG800Wr89WsVqjhqTdmJQ,초호링,음악·보이스형,커버,7620.0,1064.0,0.0075530354140727,0.4511884246154454,0.5202213822894168,0.4878002891015169,0.0782937365010799,0.4203721168874098,0.99104,보류,False,,뚜렷한 강점 신호 부족,주요 자동 리스크 낮음,"최종=0.451, 채널력=0.520, 성장성=0.488, 팬밀도=0.078, 라이브=0.420, 실전성=0.991, 운영제외리스크=0.000, 검증필요리스크=0.112",순위 4단계 상승 / 최종점수 -0.001 / 성장성 +0.000
1521,1610,UCyEblQ3Yb2hBdqUyrhH_WBg,조은준의 voicemixcode 파워 믹스보이스 강남,,음악기타,105000.0,6345.4,0.0083653658399688,0.4510731458799662,0.7523623110151187,0.4443719625470052,0.0982721382289416,0.4203721168874098,0.94872,보류,False,,성장성 신뢰도 양호,리믹스/쇼츠/플레이리스트/재업로드성 채널 의심 / 상위 세그먼트 불명확,"최종=0.451, 채널력=0.752, 성장성=0.444, 팬밀도=0.098, 라이브=0.420, 실전성=0.949, 운영제외리스크=0.220, 검증필요리스크=0.091",순위 1단계 하락 / 최종점수 -0.002 / 성장성 +0.000
1522,1611,UCH4rsjs1ksmp0ootTwdHfdQ,존재하지 않는 기억,음악·보이스형,보컬로이드JPOP커버,1850.0,1119.5,0.0187435986022278,0.4507494725701944,0.3054130669546435,0.5,0.3266738660907127,0.3960583153347732,0.98432,보류,False,,뚜렷한 강점 신호 부족,성장성 신뢰도 낮음,"최종=0.451, 채널력=0.305, 성장성=0.500, 팬밀도=0.327, 라이브=0.396, 실전성=0.984, 운영제외리스크=0.000, 검증필요리스크=0.196",최종점수 -0.002
1523,1612,UC19qxOAIXP2_iMXBJF9kcAg,찹츄리버스,음악·보이스형,애니송커버,1860.0,1788072.5,0.008816097014699,0.4492023088552915,0.5537392008639308,0.5,0.1058315334773218,0.3960583153347732,0.9776,보류,False,,뚜렷한 강점 신호 부족,성장성 신뢰도 낮음,"최종=0.449, 채널력=0.554, 성장성=0.500, 팬밀도=0.106, 라이브=0.396, 실전성=0.978, 운영제외리스크=0.000, 검증필요리스크=0.280",순위 2단계 상승 / 최종점수 -0.001
1524,1613,UCeGa9umZ6BtaJk-3YnN8QYA,쿠랑,버츄얼 퍼포먼스형,버튜버,5260.0,31823.4,0.011765402564481,0.44870836587473,0.5090037796976242,0.5,0.1598272138228941,0.3960583153347732,0.97536,보류,False,,뚜렷한 강점 신호 부족,성장성 신뢰도 낮음,"최종=0.449, 채널력=0.509, 성장성=0.500, 팬밀도=0.160, 라이브=0.396, 실전성=0.975, 운영제외리스크=0.000, 검증필요리스크=0.308",순위 3단계 상승 / 최종점수 -0.001
1525,1614,UCsQv92ctfaDKDgg5BwzQG1Q,키팩(Key Pac),,서브컬쳐게임,5900.0,7.3,0.0297619047619047,0.4485537801295896,0.1644843412526997,0.5,0.541036717062635,0.3960583153347732,0.96808,보류,False,,뚜렷한 강점 신호 부족,상위 세그먼트 불명확 / 성장성 신뢰도 낮음,"최종=0.449, 채널력=0.164, 성장성=0.500, 팬밀도=0.541, 라이브=0.396, 실전성=0.968, 운영제외리스크=0.000, 검증필요리스크=0.399",순위 3단계 상승 / 최종점수 -0.001
1526,1615,UCY5SJ4hCY2lSluHeXYbqG1A,꼬꼬스토이 한국어,음악·보이스형,ASMR보이스,1870000.0,7577.7,0.0119051943903678,0.4484092856668609,0.6928995680345572,0.285435866599244,0.1636069114470842,0.4203721168874098,0.9,보류,False,,성장성 신뢰도 양호,주요 자동 리스크 낮음,"최종=0.448, 채널력=0.693, 성장성=0.285, 팬밀도=0.164, 라이브=0.420, 실전성=0.900, 운영제외리스크=0.000, 검증필요리스크=0.000",순위 48단계 상승 / 최종점수 +0.011 / 성장성 +0.001
1527,1616,UCV-otQlScbHesJzyq3KzFUw,아이돌돌돌돌,음악·보이스형,커버,66300.0,6199.4,0.0100866157722862,0.4482689963048862,0.6441954643628509,0.306471395952883,0.1258099352051835,0.4203721168874098,1.0,보류,False,,실전성 리스크 낮음 / 성장성 신뢰도 양호,주요 자동 리스크 낮음,"최종=0.448, 채널력=0.644, 성장성=0.306, 팬밀도=0.126, 라이브=0.420, 실전성=1.000, 운영제외리스크=0.000, 검증필요리스크=0.000",순위 122단계 하락 / 최종점수 -0.029 / 성장성 +0.000
1528,1617,UCOAOudX476tI9w1HCCFqbNg,노콩 NOKONG,버츄얼 퍼포먼스형,버튜버,1750.0,135300.6,0.0115613279466251,0.4478530742980562,0.5105156587473002,0.5,0.1544276457883369,0.3960583153347732,0.97536,보류,False,,뚜렷한 강점 신호 부족,성장성 신뢰도 낮음,"최종=0.448, 채널력=0.511, 성장성=0.500, 팬밀도=0.154, 라이브=0.396, 실전성=0.975, 운영제외리스크=0.000, 검증필요리스크=0.308",순위 1단계 상승 / 최종점수 -0.001
1529,1618,UCJ-WDvNyJYnt-9lIIX7uKGA,밈박스,음악·보이스형,음악,406000.0,31933.7,0.0104898377755276,0.4475764613912962,0.6046571274298056,0.4112886879538688,0.1339092872570194,0.4203721168874098,0.89104,보류,False,,성장성 신뢰도 양호,주요 자동 리스크 낮음,"최종=0.448, 채널력=0.605, 성장성=0.411, 팬밀도=0.134, 라이브=0.420, 실전성=0.891, 운영제외리스크=0.000, 검증필요리스크=0.112",순위 5단계 상승 / 최종점수 +0.000 / 성장성 +0.000
1530,1620,UC3H-HID5QRW8re-5WU4cy8g,Ouvir 오비르,음악·보이스형,ASMR,756000.0,57583.3,0.0009330873317444,0.4471869320421501,0.7452888768898489,0.3582735345393774,0.0129589632829373,0.4203721168874098,0.9,보류,False,,성장성 신뢰도 양호,주요 자동 리스크 낮음,"최종=0.447, 채널력=0.745, 성장성=0.358, 팬밀도=0.013, 라이브=0.420, 실전성=0.900, 운영제외리스크=0.000, 검증필요리스크=0.000",순위 4단계 상승 / 최종점수 +0.000 / 성장성 -0.000
1531,1622,UC8Kvr7yw8Wt71UieDBapeIw,유니K,음악·보이스형,보컬로이드JPOP커버,3410.0,15730.3,0.0110325903184434,0.4465255904967603,0.5147408207343412,0.5,0.1441684665226781,0.3960583153347732,0.97536,보류,False,,뚜렷한 강점 신호 부족,성장성 신뢰도 낮음,"최종=0.447, 채널력=0.515, 성장성=0.500, 팬밀도=0.144, 라이브=0.396, 실전성=0.975, 운영제외리스크=0.000, 검증필요리스크=0.308",최종점수 -0.001
1532,1623,UCOLqgo1BCwoqm79piRrtH8w,위젤 wijel,버츄얼 퍼포먼스형,버튜버,1500.0,3919.3,0.0155981506300246,0.4459565806162767,0.286541576673866,0.5144146151458309,0.2543196544276458,0.4203721168874098,0.99104,보류,False,,성장성 신뢰도 양호,주요 자동 리스크 낮음,"최종=0.446, 채널력=0.287, 성장성=0.514, 팬밀도=0.254, 라이브=0.420, 실전성=0.991, 운영제외리스크=0.000, 검증필요리스크=0.112",순위 4단계 상승 / 최종점수 +0.001 / 성장성 +0.000
1533,1624,UC8wfUuL62qC-UeFebBQeFBw,유 진(Yu jin),창작·비주얼형,코스프레,3890.0,2406.6,0.0145960059270362,0.4454504814762025,0.3718142548596112,0.5042525008149583,0.2257019438444924,0.4203721168874098,0.98208,보류,False,,뚜렷한 강점 신호 부족,주요 자동 리스크 낮음,"최종=0.445, 채널력=0.372, 성장성=0.504, 팬밀도=0.226, 라이브=0.420, 실전성=0.982, 운영제외리스크=0.000, 검증필요리스크=0.224",순위 1단계 상승 / 최종점수 -0.000 / 성장성 +0.000
1534,1625,UCTk6xTJ50iFJnL3z6Dd3F0g,잉시아,버츄얼 퍼포먼스형,버튜버,1180.0,1641.5,0.0101637535262331,0.4447267943844493,0.4751214902807776,0.5,0.1295896328293736,0.3960583153347732,0.98432,보류,False,,뚜렷한 강점 신호 부족,성장성 신뢰도 낮음,"최종=0.445, 채널력=0.475, 성장성=0.500, 팬밀도=0.130, 라이브=0.396, 실전성=0.984, 운영제외리스크=0.000, 검증필요리스크=0.196",순위 1단계 상승 / 최종점수 -0.001
1535,1626,UCizHMXKT6D3PcirnpzH1D7A,알파곤16,음악·보이스형,ASMR보이스,5100.0,1319.2,0.0050096034562747,0.4440869085836633,0.4469492440604751,0.5088795522709466,0.0464362850971922,0.4203721168874098,1.0,보류,False,,실전성 리스크 낮음 / 성장성 신뢰도 양호,주요 자동 리스크 낮음,"최종=0.444, 채널력=0.447, 성장성=0.509, 팬밀도=0.046, 라이브=0.420, 실전성=1.000, 운영제외리스크=0.000, 검증필요리스크=0.000",순위 11단계 하락 / 최종점수 -0.006 / 성장성 +0.000
1536,1628,UCFCkIGQEiswhsVOh6StHzjg,시각연금술사 AVA (AI Visual Alchemist),창작·비주얼형,코스프레,321000.0,139330.9,0.0080180462609155,0.4440369506058499,0.7695329373650107,0.4928760593220339,0.0874730021598272,0.3960583153347732,0.84432,보류,False,,뚜렷한 강점 신호 부족,AI/뉴스/자동생성성 채널 의심 / 성장성 신뢰도 낮음,"최종=0.444, 채널력=0.770, 성장성=0.493, 팬밀도=0.087, 라이브=0.396, 실전성=0.844, 운영제외리스크=0.200, 검증필요리스크=0.196",최종점수 -0.001 / 성장성 -0.000
1537,1630,UCdX9RuxmVMoNC_VJDvOmBVw,만나몽,게임 실황형,니케,1980.0,1370.4,0.0305600218124989,0.4430502316997715,0.1780102591792655,0.3883126624434093,0.5561555075593952,0.4203721168874098,0.98208,보류,False,,성장성 신뢰도 양호,수집 영상 수 부족,"최종=0.443, 채널력=0.178, 성장성=0.388, 팬밀도=0.556, 라이브=0.420, 실전성=0.982, 운영제외리스크=0.000, 검증필요리스크=0.224",순위 1단계 상승 / 최종점수 -0.001 / 성장성 +0.000
1538,1633,UCsB1r3D7zEJ08bybJC7F7XQ,썰버스,,게임기타,2120.0,29384.3,0.0097281985611305,0.4426094094113393,0.5317494600431966,0.4456642906480985,0.1187904967602591,0.4203721168874098,0.98376,보류,False,,성장성 신뢰도 양호,상위 세그먼트 불명확,"최종=0.443, 채널력=0.532, 성장성=0.446, 팬밀도=0.119, 라이브=0.420, 실전성=0.984, 운영제외리스크=0.000, 검증필요리스크=0.203",순위 14단계 하락 / 최종점수 -0.006 / 성장성 +0.001
1539,1634,UCq8vROevIV1_Wt5i0bDcL4w,단짠단짠당충전,음악·보이스형,성우,11600.0,39447.4,0.0051485910321245,0.4423426547120629,0.5503374730021598,0.4558794586073325,0.0485961123110151,0.4203721168874098,0.99104,보류,False,,성장성 신뢰도 양호,주요 자동 리스크 낮음,"최종=0.442, 채널력=0.550, 성장성=0.456, 팬밀도=0.049, 라이브=0.420, 실전성=0.991, 운영제외리스크=0.000, 검증필요리스크=0.112",순위 1단계 하락 / 최종점수 -0.001 / 성장성 +0.000
1540,1635,UCadHe4msXdXvpcd2xtvsxyw,원,창작·비주얼형,코스프레,4250.0,7351.6,0.0024593026027317,0.4416897043855474,0.5783747300215982,0.4928760593220339,0.0215982721382289,0.3960583153347732,0.98432,보류,False,,뚜렷한 강점 신호 부족,성장성 신뢰도 낮음,"최종=0.442, 채널력=0.578, 성장성=0.493, 팬밀도=0.022, 라이브=0.396, 실전성=0.984, 운영제외리스크=0.000, 검증필요리스크=0.196",순위 1단계 하락 / 최종점수 -0.001 / 성장성 -0.000
1541,1636,UCrUAD5vp_qj6tRh1pDp6AiQ,한다소 Handaso,,배그,1050.0,2146.5,0.012096470393778,0.4415222626349891,0.4606911447084232,0.5,0.1668466522678185,0.3960583153347732,0.97704,보류,False,,뚜렷한 강점 신호 부족,상위 세그먼트 불명확 / 성장성 신뢰도 낮음,"최종=0.442, 채널력=0.461, 성장성=0.500, 팬밀도=0.167, 라이브=0.396, 실전성=0.977, 운영제외리스크=0.000, 검증필요리스크=0.287",순위 1단계 하락 / 최종점수 -0.001
1542,1637,UCxbrd3a0AzwWM-JMSXBsSlQ,KPOPRADIS 케이팝 프라디스,음악·보이스형,애니송커버,24900.0,3110.4,0.0108115944761941,0.4412304215982721,0.4599352051835853,0.5,0.1403887688984881,0.3960583153347732,0.98208,보류,False,,뚜렷한 강점 신호 부족,주요 자동 리스크 낮음,"최종=0.441, 채널력=0.460, 성장성=0.500, 팬밀도=0.140, 라이브=0.396, 실전성=0.982, 운영제외리스크=0.000, 검증필요리스크=0.224",순위 1단계 하락 / 최종점수 -0.001
1543,1638,UCQ4HiDSW7EVINCg7dWTXS6Q,졍또술,음악·보이스형,ASMR보이스,1700.0,2712.9,0.0209076323213138,0.4410820159827213,0.2642953563714902,0.5,0.3698704103671706,0.3960583153347732,0.97536,보류,False,,뚜렷한 강점 신호 부족,성장성 신뢰도 낮음,"최종=0.441, 채널력=0.264, 성장성=0.500, 팬밀도=0.370, 라이브=0.396, 실전성=0.975, 운영제외리스크=0.000, 검증필요리스크=0.308",순위 1단계 하락 / 최종점수 -0.001
1544,1639,UCxArqj-S9sPaev-iq5R8rcA,FUNSCHOOL 성우학원 펀스쿨,음악·보이스형,성우,11200.0,6882.9,0.0083169850425108,0.4410455451001384,0.4260934125269978,0.6589659924678608,0.0966522678185745,0.4203721168874098,0.81104,보류,False,,성장성 상위권 / 성장성 신뢰도 양호,주요 자동 리스크 낮음,"최종=0.441, 채널력=0.426, 성장성=0.659, 팬밀도=0.097, 라이브=0.420, 실전성=0.811, 운영제외리스크=0.100, 검증필요리스크=0.112",최종점수 -0.001 / 성장성 +0.000
1545,1640,UCvkbbX4Ehgcl2p5n9aSvtjA,필더윈드 Where Animation Beats!,음악·보이스형,애니송커버,43200.0,46145.9,0.0121525053690896,0.4409237336701639,0.6668466522678186,0.2642365594836107,0.1695464362850972,0.4203721168874098,0.99104,보류,False,,성장성 신뢰도 양호,주요 자동 리스크 낮음,"최종=0.441, 채널력=0.667, 성장성=0.264, 팬밀도=0.170, 라이브=0.420, 실전성=0.991, 운영제외리스크=0.000, 검증필요리스크=0.112",순위 4단계 상승 / 최종점수 +0.001 / 성장성 +0.000
1546,1641,UCrRoh3UhqJMK3PW2xe3MB4Q,김가을,,서브컬쳐게임,2670.0,2886.0,0.0144886820082575,0.4407471546436285,0.4015523758099352,0.5,0.2224622030237581,0.3960583153347732,0.97704,보류,False,,뚜렷한 강점 신호 부족,상위 세그먼트 불명확 / 성장성 신뢰도 낮음,"최종=0.441, 채널력=0.402, 성장성=0.500, 팬밀도=0.222, 라이브=0.396, 실전성=0.977, 운영제외리스크=0.000, 검증필요리스크=0.287",최종점수 -0.001
1547,1642,UCVSncChEI-F9VjNDhaMNqYg,망나아니,,게임기타,1340.0,735.1,0.0086642135802257,0.4405432154518879,0.4099487041036717,0.5097046701357104,0.1036717062634989,0.4203721168874098,0.99272,보류,False,,성장성 신뢰도 양호,상위 세그먼트 불명확,"최종=0.441, 채널력=0.410, 성장성=0.510, 팬밀도=0.104, 라이브=0.420, 실전성=0.993, 운영제외리스크=0.000, 검증필요리스크=0.091",최종점수 -0.000 / 성장성 -0.000
1548,1644,UCahffuuzo6OqRUaDcbHkfsA,스미코,음악·보이스형,커버,2870.0,152738.6,0.0007518556891948,0.4398832712966892,0.5418601511879049,0.4830300716795471,0.0113390928725701,0.4203721168874098,0.99104,보류,False,,성장성 신뢰도 양호,주요 자동 리스크 낮음,"최종=0.440, 채널력=0.542, 성장성=0.483, 팬밀도=0.011, 라이브=0.420, 실전성=0.991, 운영제외리스크=0.000, 검증필요리스크=0.112",순위 1단계 상승 / 최종점수 -0.000 / 성장성 -0.000
1549,1645,UCxltHWu7pAu-fNE0unE8TRA,곰돌뮤직,음악·보이스형,커버,1150.0,8609.5,0.0159693451926567,0.4398050181425486,0.3664821814254859,0.5,0.2618790496760259,0.3960583153347732,0.97536,보류,False,,뚜렷한 강점 신호 부족,성장성 신뢰도 낮음,"최종=0.440, 채널력=0.366, 성장성=0.500, 팬밀도=0.262, 라이브=0.396, 실전성=0.975, 운영제외리스크=0.000, 검증필요리스크=0.308",순위 2단계 하락 / 최종점수 -0.000
1550,1646,UCzps05UZ7XpX3SFoFyYIDow,장지,창작·비주얼형,일러스트리깅,98900.0,51004.8,0.0063201852263956,0.4397360954971867,0.568507019438445,0.4616662179679637,0.0572354211663066,0.4203721168874098,0.98208,보류,False,,성장성 신뢰도 양호,수집 영상 수 부족,"최종=0.440, 채널력=0.569, 성장성=0.462, 팬밀도=0.057, 라이브=0.420, 실전성=0.982, 운영제외리스크=0.000, 검증필요리스크=0.224",순위 1단계 상승 / 최종점수 -0.000 / 성장성 +0.002
1551,1647,UCJ-P3NrcCkTWQpSekUzG7Tg,나거든 geodeun,음악·보이스형,보컬로이드JPOP커버,3610.0,301.7,0.0189569594458687,0.4396781291779673,0.210164686825054,0.4917582358189468,0.3309935205183585,0.4203721168874098,0.99104,보류,False,,뚜렷한 강점 신호 부족,주요 자동 리스크 낮음,"최종=0.440, 채널력=0.210, 성장성=0.492, 팬밀도=0.331, 라이브=0.420, 실전성=0.991, 운영제외리스크=0.000, 검증필요리스크=0.112",순위 7단계 하락 / 최종점수 -0.002 / 성장성 -0.000
1552,1648,UCnmNL6WtzTPq5UzD3rzg7zw,차트밖뮤직,음악·보이스형,음악,1730.0,116.5,0.0239667364283311,0.4396098112311015,0.1187499999999999,0.5,0.4281857451403887,0.3960583153347732,0.99104,보류,False,,뚜렷한 강점 신호 부족,주요 자동 리스크 낮음,"최종=0.440, 채널력=0.119, 성장성=0.500, 팬밀도=0.428, 라이브=0.396, 실전성=0.991, 운영제외리스크=0.000, 검증필요리스크=0.112",순위 10단계 하락 / 최종점수 -0.002
1553,1649,UCh8-fh05ZfUxqs850Z17-qw,하꼬 주대표,음악·보이스형,성우더빙,2710.0,3582.4,0.0166231152903686,0.4394664652267819,0.3509044276457883,0.5,0.2759179265658747,0.3960583153347732,0.97536,보류,False,,뚜렷한 강점 신호 부족,성장성 신뢰도 낮음,"최종=0.439, 채널력=0.351, 성장성=0.500, 팬밀도=0.276, 라이브=0.396, 실전성=0.975, 운영제외리스크=0.000, 검증필요리스크=0.308",순위 3단계 하락 / 최종점수 -0.000
1554,1650,UCDNuqoifL5K8X7AfHsavh3w,DOMA (도마),,커버기타,1800.0,22529.5,0.0019871249753682,0.4394171791418247,0.616792656587473,0.4106188955942164,0.0178185745140388,0.4203721168874098,0.99272,보류,False,,성장성 신뢰도 양호,상위 세그먼트 불명확,"최종=0.439, 채널력=0.617, 성장성=0.411, 팬밀도=0.018, 라이브=0.420, 실전성=0.993, 운영제외리스크=0.000, 검증필요리스크=0.091",순위 3단계 상승 / 최종점수 +0.000 / 성장성 -0.001
1555,1651,UClyFWgkS6yjwIufVtJwp7lA,도엽장군,음악·보이스형,보컬로이드JPOP커버,10900.0,2251.9,0.0175445445038786,0.439134828791595,0.3374055075593952,0.4928760593220339,0.296976241900648,0.3960583153347732,0.97536,보류,False,,뚜렷한 강점 신호 부족,성장성 신뢰도 낮음,"최종=0.439, 채널력=0.337, 성장성=0.493, 팬밀도=0.297, 라이브=0.396, 실전성=0.975, 운영제외리스크=0.000, 검증필요리스크=0.308",순위 1단계 하락 / 최종점수 -0.001 / 성장성 -0.000
1556,1653,UCIvQkscWCtwe8l6OBAKFZ8Q,쩡니예,창작·비주얼형,코스프레,1620.0,6451.6,0.0096486323329357,0.4390599207502753,0.3995950323974082,0.5091401742482788,0.1166306695464362,0.4203721168874098,0.99104,보류,False,,성장성 신뢰도 양호,주요 자동 리스크 낮음,"최종=0.439, 채널력=0.400, 성장성=0.509, 팬밀도=0.117, 라이브=0.420, 실전성=0.991, 운영제외리스크=0.000, 검증필요리스크=0.112",순위 5단계 하락 / 최종점수 -0.001 / 성장성 +0.001
1557,1654,UCmpNyeOAZjZKsIwgatOk-Ug,짜잔!,창작·비주얼형,코스프레,46000.0,38820.8,0.0122706500573184,0.4388338829407803,0.6947219222462203,0.1970138019419212,0.1717062634989201,0.4203721168874098,1.0,보류,False,,실전성 리스크 낮음 / 성장성 신뢰도 양호,주요 자동 리스크 낮음,"최종=0.439, 채널력=0.695, 성장성=0.197, 팬밀도=0.172, 라이브=0.420, 실전성=1.000, 운영제외리스크=0.000, 검증필요리스크=0.000",순위 5단계 하락 / 최종점수 -0.001 / 성장성 +0.001
1558,1655,UCb_XJWxWQF2LV_jeIn8X1dA,머라냥,게임 실황형,발로란트,1170.0,2590.6,0.0111093356118369,0.4387915468558267,0.1904022678185744,0.4047305241229082,0.1457883369330453,0.9450311137070402,0.98208,보류,False,,라이브친화도 상위권 / 성장성 신뢰도 양호,수집 영상 수 부족,"최종=0.439, 채널력=0.190, 성장성=0.405, 팬밀도=0.146, 라이브=0.945, 실전성=0.982, 운영제외리스크=0.000, 검증필요리스크=0.224",순위 4단계 상승 / 최종점수 +0.001 / 성장성 -0.000
1559,1656,UCv0TKALmRVnlMMpziL29QcQ,케이팝도사,음악·보이스형,커버,2750.0,806.6,0.0097142074099743,0.4387138228941685,0.3785907127429805,0.5,0.1182505399568034,0.3960583153347732,1.0,보류,False,,실전성 리스크 낮음 / 성장성 신뢰도 양호,주요 자동 리스크 낮음,"최종=0.439, 채널력=0.379, 성장성=0.500, 팬밀도=0.118, 라이브=0.396, 실전성=1.000, 운영제외리스크=0.000, 검증필요리스크=0.000",순위 5단계 상승 / 최종점수 +0.001
1560,1657,UCc78E5yMJH1LzZE-Yt26J_Q,전설의 용사 김한샘,버츄얼 퍼포먼스형,버튜버,5930.0,23046.1,0.0101537554161192,0.4385755365010799,0.4937230021598272,0.5,0.1290496760259179,0.3960583153347732,0.97536,보류,False,,뚜렷한 강점 신호 부족,성장성 신뢰도 낮음,"최종=0.439, 채널력=0.494, 성장성=0.500, 팬밀도=0.129, 라이브=0.396, 실전성=0.975, 운영제외리스크=0.000, 검증필요리스크=0.308",순위 5단계 하락 / 최종점수 -0.001
1561,1661,UCho9-I2l9hc3M6vxNo37Lqg,무야호,음악·보이스형,애니송커버,1090.0,8893.2,0.0107233575249995,0.4372666686825054,0.3991360691144708,0.5,0.1371490280777537,0.3960583153347732,0.99104,보류,False,,뚜렷한 강점 신호 부족,주요 자동 리스크 낮음,"최종=0.437, 채널력=0.399, 성장성=0.500, 팬밀도=0.137, 라이브=0.396, 실전성=0.991, 운영제외리스크=0.000, 검증필요리스크=0.112",순위 3단계 하락 / 최종점수 -0.001
1562,1662,UCy5maVtAPvgKwJNrY1_s2qw,Onsu 온수,음악·보이스형,애니송커버,1110.0,23595.1,0.014108399828461,0.436805558099352,0.4019843412526998,0.5,0.212742980561555,0.3960583153347732,0.97536,보류,False,,뚜렷한 강점 신호 부족,성장성 신뢰도 낮음,"최종=0.437, 채널력=0.402, 성장성=0.500, 팬밀도=0.213, 라이브=0.396, 실전성=0.975, 운영제외리스크=0.000, 검증필요리스크=0.308",순위 4단계 상승 / 최종점수 -0.000
1563,1663,UCNE05IvY2VGAmc54AHw0r7w,연못여우 PondFox,,서브컬쳐게임,15500.0,7834.3,0.0117192433382416,0.4366473987211004,0.6328023758099353,0.2769937927340239,0.1592872570194384,0.4203721168874098,0.99272,보류,False,,성장성 신뢰도 양호,상위 세그먼트 불명확,"최종=0.437, 채널력=0.633, 성장성=0.277, 팬밀도=0.159, 라이브=0.420, 실전성=0.993, 운영제외리스크=0.000, 검증필요리스크=0.091",순위 3단계 하락 / 최종점수 -0.001 / 성장성 -0.000
1564,1664,UC07WifQ_9jVkINSz5vNNhrw,까리땅,음악·보이스형,성우더빙,1840.0,1686.4,0.0149791210084453,0.4365191574594192,0.49127969762419,0.2972599227544008,0.2370410367170626,0.4203721168874098,1.0,보류,False,,실전성 리스크 낮음 / 성장성 신뢰도 양호,주요 자동 리스크 낮음,"최종=0.437, 채널력=0.491, 성장성=0.297, 팬밀도=0.237, 라이브=0.420, 실전성=1.000, 운영제외리스크=0.000, 검증필요리스크=0.000",순위 83단계 하락 / 최종점수 -0.024 / 성장성 -0.000
1565,1665,UCr44O2EP26Ta7Rr51BsIDgw,꿈나,창작·비주얼형,코스프레,5090.0,71831.9,0.0037621846675531,0.4364907632829374,0.580359071274298,0.5,0.0329373650107991,0.3960583153347732,0.97536,보류,False,,뚜렷한 강점 신호 부족,성장성 신뢰도 낮음,"최종=0.436, 채널력=0.580, 성장성=0.500, 팬밀도=0.033, 라이브=0.396, 실전성=0.975, 운영제외리스크=0.000, 검증필요리스크=0.308",최종점수 -0.000
1566,1666,UCCws51oB0Txk1Ed_3pEufeg,밥플리,음악·보이스형,애니송커버,1820.0,1082.3,0.0215513490358648,0.4363838518358531,0.2316009719222462,0.5,0.3812095032397408,0.3960583153347732,0.97536,보류,False,,뚜렷한 강점 신호 부족,성장성 신뢰도 낮음,"최종=0.436, 채널력=0.232, 성장성=0.500, 팬밀도=0.381, 라이브=0.396, 실전성=0.975, 운영제외리스크=0.000, 검증필요리스크=0.308",순위 2단계 하락 / 최종점수 -0.001
1567,1667,UCp-la0q5VUAU0jBHjt05mMQ,VOCAL설연 ,음악·보이스형,JPOP커버,1400.0,1040.9,0.0270264252383852,0.4362561623544201,0.1325188984881209,0.4523985610325975,0.4892008639308855,0.4203721168874098,0.98208,보류,False,,성장성 신뢰도 양호,수집 영상 수 부족,"최종=0.436, 채널력=0.133, 성장성=0.452, 팬밀도=0.489, 라이브=0.420, 실전성=0.982, 운영제외리스크=0.000, 검증필요리스크=0.224",순위 26단계 상승 / 최종점수 +0.007 / 성장성 +0.011
1568,1668,UCGpTPUpGLThDkfOvc6dOg5A,박재박,버츄얼 퍼포먼스형,버튜버,14700.0,3234.9,0.0119606612825582,0.4361195429805615,0.4469222462203024,0.5,0.1646868250539956,0.3960583153347732,0.97536,보류,False,,뚜렷한 강점 신호 부족,성장성 신뢰도 낮음,"최종=0.436, 채널력=0.447, 성장성=0.500, 팬밀도=0.165, 라이브=0.396, 실전성=0.975, 운영제외리스크=0.000, 검증필요리스크=0.308",순위 6단계 하락 / 최종점수 -0.001
1569,1669,UC-FLwVhCtqoDGCaTtgFqrkQ,똥꼬맘,음악·보이스형,애니송커버,7970.0,10863.1,0.0110134140114754,0.4358848176738663,0.5597867170626349,0.3145630366026651,0.1436285097192224,0.4203721168874098,1.0,보류,False,,실전성 리스크 낮음 / 성장성 신뢰도 양호,주요 자동 리스크 낮음,"최종=0.436, 채널력=0.560, 성장성=0.315, 팬밀도=0.144, 라이브=0.420, 실전성=1.000, 운영제외리스크=0.000, 검증필요리스크=0.000",순위 2단계 하락 / 최종점수 -0.001 / 성장성 -0.000
1570,1670,UC08Ucv1vkmDiwYns_DAlmdQ,오재우 Oh Jae Woo,,커버기타,1660.0,5166.2,0.0146134450381984,0.4355121485041303,0.3509044276457883,0.4775591008915587,0.2267818574514039,0.4203721168874098,0.98376,보류,False,,뚜렷한 강점 신호 부족,상위 세그먼트 불명확,"최종=0.436, 채널력=0.351, 성장성=0.478, 팬밀도=0.227, 라이브=0.420, 실전성=0.984, 운영제외리스크=0.000, 검증필요리스크=0.203",순위 1단계 하락 / 최종점수 +0.000 / 성장성 -0.000
1571,1671,UC912WTCWKwwPzw6XayfVXTQ,내츄럴본덕후,음악·보이스형,애니송커버,14200.0,3306.5,0.0028009951640358,0.4353740912415029,0.4136744060475162,0.5570369340248784,0.0248380129589632,0.4203721168874098,0.99104,보류,False,,성장성 신뢰도 양호,주요 자동 리스크 낮음,"최종=0.435, 채널력=0.414, 성장성=0.557, 팬밀도=0.025, 라이브=0.420, 실전성=0.991, 운영제외리스크=0.000, 검증필요리스크=0.112",순위 1단계 하락 / 최종점수 +0.000 / 성장성 +0.000
1572,1672,UCE21NJhiEhIbDJP_23MTnag,Mr. Kevin (미스터케빈),음악·보이스형,애니송커버,11700.0,1977.4,0.0055390276551019,0.4349643652317459,0.4350836933045355,0.4822279588434722,0.050755939524838,0.4203721168874098,1.0,보류,False,,실전성 리스크 낮음,주요 자동 리스크 낮음,"최종=0.435, 채널력=0.435, 성장성=0.482, 팬밀도=0.051, 라이브=0.420, 실전성=1.000, 운영제외리스크=0.000, 검증필요리스크=0.000",순위 1단계 하락 / 최종점수 -0.000 / 성장성 +0.000
1573,1673,UC6dTW0no0jAuBdsrGEB5D6w,유르💦,음악·보이스형,보컬로이드JPOP커버,2440.0,932.7,0.0193109568629968,0.4346227827213823,0.2694924406047516,0.5,0.3353131749460043,0.3960583153347732,0.97536,보류,False,,뚜렷한 강점 신호 부족,성장성 신뢰도 낮음,"최종=0.435, 채널력=0.269, 성장성=0.500, 팬밀도=0.335, 라이브=0.396, 실전성=0.975, 운영제외리스크=0.000, 검증필요리스크=0.308",순위 7단계 상승 / 최종점수 +0.003
1574,1674,UCoqoNbI5qOY6FkPQFMRdbAQ,범냥희 範,버츄얼 퍼포먼스형,버튜버,4140.0,1204.7,0.0060706248446595,0.4334437140645926,0.2031722462203023,0.4371743944336083,0.0556155507559395,0.9623411219227276,0.98208,보류,False,,라이브친화도 상위권 / 성장성 신뢰도 양호,수집 영상 수 부족,"최종=0.433, 채널력=0.203, 성장성=0.437, 팬밀도=0.056, 라이브=0.962, 실전성=0.982, 운영제외리스크=0.000, 검증필요리스크=0.224",순위 6단계 하락 / 최종점수 -0.003 / 성장성 -0.000
1575,1677,UCtoAoC-3SwFLn_y0NZ4xKGQ,비버의 직캠,창작·비주얼형,코스프레,2700.0,325.9,0.0224223291451891,0.4329755026393821,0.2323974082073434,0.4715042372881355,0.4011879049676026,0.3960583153347732,0.97536,보류,False,,뚜렷한 강점 신호 부족,성장성 신뢰도 낮음,"최종=0.433, 채널력=0.232, 성장성=0.472, 팬밀도=0.401, 라이브=0.396, 실전성=0.975, 운영제외리스크=0.000, 검증필요리스크=0.308",순위 4단계 하락 / 최종점수 -0.000 / 성장성 -0.000
1576,1678,UCdx6CRSIb4AjxY7X9QtDgAw,샌라플,게임 실황형,원신,1260.0,2654.1,0.010639784759854,0.4324286882688596,0.4242710583153347,0.4150600829269625,0.1355291576673866,0.4203721168874098,1.0,보류,False,,실전성 리스크 낮음,주요 자동 리스크 낮음,"최종=0.432, 채널력=0.424, 성장성=0.415, 팬밀도=0.136, 라이브=0.420, 실전성=1.000, 운영제외리스크=0.000, 검증필요리스크=0.000",순위 4단계 하락 / 최종점수 -0.001 / 성장성 -0.000
1577,1679,UCe2agLU4CWTUv45FDk2_7tQ,리크리,게임 실황형,니케,15200.0,913.9,0.0069265185813509,0.4321459026864677,0.2306290496760258,0.5175325425879399,0.0647948164146868,0.7499542681459183,0.98208,보류,False,,라이브친화도 상위권 / 성장성 신뢰도 양호,수집 영상 수 부족,"최종=0.432, 채널력=0.231, 성장성=0.518, 팬밀도=0.065, 라이브=0.750, 실전성=0.982, 운영제외리스크=0.000, 검증필요리스크=0.224",순위 1단계 하락 / 최종점수 +0.000 / 성장성 -0.000
1578,1680,UCpHzbiynHyxo9b18QsXB_7A,저무콩,창작·비주얼형,코스프레,11100.0,13098.3,0.0021774019753078,0.4319456898508541,0.5163201943844493,0.469233402368982,0.0183585313174946,0.4203721168874098,0.99104,보류,False,,성장성 신뢰도 양호,주요 자동 리스크 낮음,"최종=0.432, 채널력=0.516, 성장성=0.469, 팬밀도=0.018, 라이브=0.420, 실전성=0.991, 운영제외리스크=0.000, 검증필요리스크=0.112",순위 3단계 하락 / 최종점수 -0.000 / 성장성 -0.001
1579,1682,UCQjaQ2Nta3i9ZpuHWOhLhHg,꾸,음악·보이스형,애니송커버,3860.0,1793.3,0.0167007920224621,0.4317629015118791,0.3137284017278617,0.5,0.2780777537796976,0.3960583153347732,0.97536,보류,False,,뚜렷한 강점 신호 부족,성장성 신뢰도 낮음,"최종=0.432, 채널력=0.314, 성장성=0.500, 팬밀도=0.278, 라이브=0.396, 실전성=0.975, 운영제외리스크=0.000, 검증필요리스크=0.308",순위 6단계 하락 / 최종점수 -0.001
1580,1683,UCDY--iSN5L4E-jHbltt1WFA,Heniverse 심혜린의 언어와 마음,음악·보이스형,성우더빙,1470.0,1605.1,0.0041982491763016,0.4315989450993908,0.3979751619870409,0.5099715987595443,0.0372570194384449,0.4203721168874098,1.0,보류,False,,실전성 리스크 낮음 / 성장성 신뢰도 양호,주요 자동 리스크 낮음,"최종=0.432, 채널력=0.398, 성장성=0.510, 팬밀도=0.037, 라이브=0.420, 실전성=1.000, 운영제외리스크=0.000, 검증필요리스크=0.000",순위 2단계 하락 / 최종점수 -0.000 / 성장성 +0.000
1581,1684,UCK2iJxQhGfqAsmrKl43LWVw,누워버린 새우,음악·보이스형,애니송커버,10900.0,64515.8,0.0008121457127571,0.4315711561045515,0.5272813174946005,0.5005344921210791,0.0118790496760259,0.4203721168874098,0.98208,보류,False,,성장성 신뢰도 양호,수집 영상 수 부족,"최종=0.432, 채널력=0.527, 성장성=0.501, 팬밀도=0.012, 라이브=0.420, 실전성=0.982, 운영제외리스크=0.000, 검증필요리스크=0.224",최종점수 +0.000 / 성장성 +0.001
1582,1685,UCG4JaOXQXiguQquKr2DThKw,신촌뉴실용음악학원,,음악기타,9810.0,871.8,0.0081237403826858,0.4308248217621412,0.5262419006479482,0.3946534415152792,0.0896328293736501,0.4203721168874098,0.99272,보류,False,,성장성 신뢰도 양호,상위 세그먼트 불명확,"최종=0.431, 채널력=0.526, 성장성=0.395, 팬밀도=0.090, 라이브=0.420, 실전성=0.993, 운영제외리스크=0.000, 검증필요리스크=0.091",순위 6단계 상승 / 최종점수 +0.002 / 성장성 +0.000
1583,1686,UCTZlyPMzrN1pxHINfU3yzug,버TMI박스,음악·보이스형,성우더빙,1670.0,5287.6,0.0084080268017196,0.4305221046695238,0.4235826133909286,0.4367923938920005,0.0998920086393088,0.4203721168874098,1.0,보류,False,,실전성 리스크 낮음 / 성장성 신뢰도 양호,주요 자동 리스크 낮음,"최종=0.431, 채널력=0.424, 성장성=0.437, 팬밀도=0.100, 라이브=0.420, 실전성=1.000, 운영제외리스크=0.000, 검증필요리스크=0.000",순위 1단계 하락 / 최종점수 -0.000 / 성장성 +0.000
1584,1687,UCHb8k5pbVqBt1Mq-RABlJJA,이것만보고,음악·보이스형,ASMR보이스,1110.0,40583.9,0.0095850277335583,0.4304383874730022,0.4702348812095032,0.5,0.1155507559395248,0.3960583153347732,0.97536,보류,False,,뚜렷한 강점 신호 부족,성장성 신뢰도 낮음,"최종=0.430, 채널력=0.470, 성장성=0.500, 팬밀도=0.116, 라이브=0.396, 실전성=0.975, 운영제외리스크=0.000, 검증필요리스크=0.308",순위 8단계 하락 / 최종점수 -0.001
1585,1688,UCzkk3MGFFeiN0E0T3AEeg_g,단지니,,게임기타,3560.0,160844.1,0.0046963885343574,0.4296160452638292,0.5546841252699785,0.4406345729660776,0.0431965442764578,0.4203721168874098,0.98376,보류,False,,성장성 신뢰도 양호,상위 세그먼트 불명확,"최종=0.430, 채널력=0.555, 성장성=0.441, 팬밀도=0.043, 라이브=0.420, 실전성=0.984, 운영제외리스크=0.000, 검증필요리스크=0.203",순위 2단계 하락 / 최종점수 -0.000 / 성장성 +0.000
1586,1689,UCwbV9AjllwtxQIHfuApectA,「악션」,음악·보이스형,애니송커버,1490.0,1026.9,0.0432992920398517,0.4295783084123439,0.2145113390928725,0.150926906779661,0.7311015118790497,0.3960583153347732,0.99104,보류,False,,성장성 신뢰도 양호,주요 자동 리스크 낮음,"최종=0.430, 채널력=0.215, 성장성=0.151, 팬밀도=0.731, 라이브=0.396, 실전성=0.991, 운영제외리스크=0.000, 검증필요리스크=0.112",순위 1단계 상승 / 최종점수 +0.000 / 성장성 -0.000
1587,1690,UC5_ozsFf9NM1XcvOXtMKH4g,고팽쓰,창작·비주얼형,코스프레,7970.0,1035.7,0.0109114214753498,0.4290855563490894,0.3316144708423326,0.5074151609981317,0.1414686825053995,0.4203721168874098,0.99104,보류,False,,성장성 신뢰도 양호,주요 자동 리스크 낮음,"최종=0.429, 채널력=0.332, 성장성=0.507, 팬밀도=0.141, 라이브=0.420, 실전성=0.991, 운영제외리스크=0.000, 검증필요리스크=0.112",순위 2단계 하락 / 최종점수 -0.001 / 성장성 +0.000
1588,1691,UC0L1oZK9zCemeIg1HwBbzQQ,들썩이지,음악·보이스형,보컬로이드JPOP커버,4260.0,22898.88888888889,0.0068762515548931,0.4289059900647948,0.5156452483801295,0.5,0.0631749460043196,0.3960583153347732,0.97536,보류,False,,뚜렷한 강점 신호 부족,성장성 신뢰도 낮음,"최종=0.429, 채널력=0.516, 성장성=0.500, 팬밀도=0.063, 라이브=0.396, 실전성=0.975, 운영제외리스크=0.000, 검증필요리스크=0.308",순위 4단계 하락 / 최종점수 -0.001
1589,1692,UCB2Utf9dshQshn-dM9ha2Ag,민지의 연습실 Minzii 🎶,,커버기타,1380.0,1754.9,0.0192259880111686,0.4287487809530365,0.2180210583153347,0.4729622235685384,0.3347732181425486,0.4203721168874098,0.98376,보류,False,,성장성 신뢰도 양호,상위 세그먼트 불명확,"최종=0.429, 채널력=0.218, 성장성=0.473, 팬밀도=0.335, 라이브=0.420, 실전성=0.984, 운영제외리스크=0.000, 검증필요리스크=0.203",순위 3단계 상승 / 최종점수 +0.000 / 성장성 +0.000
1590,1693,UClNtvK2gCT59xnPPnxetUEw,황요추이(성우 샘플을 만드는 채널),음악·보이스형,성우,1630.0,78.2,0.0363976071273532,0.4287123741074465,0.0668331533477321,0.3489426526837173,0.652267818574514,0.4203721168874098,0.98208,보류,False,,성장성 신뢰도 양호,수집 영상 수 부족,"최종=0.429, 채널력=0.067, 성장성=0.349, 팬밀도=0.652, 라이브=0.420, 실전성=0.982, 운영제외리스크=0.000, 검증필요리스크=0.224",순위 35단계 상승 / 최종점수 +0.012 / 성장성 +0.000
1591,1694,UCmH7B9Ce3CC9ZEjF3qjklYA,나즈 NaZ,버츄얼 퍼포먼스형,버튜버,1100.0,698.8,0.0202402341658358,0.4285703731673285,0.1295221382289416,0.4972068548182855,0.3542116630669546,0.4203721168874098,0.99104,보류,False,,성장성 신뢰도 양호,주요 자동 리스크 낮음,"최종=0.429, 채널력=0.130, 성장성=0.497, 팬밀도=0.354, 라이브=0.420, 실전성=0.991, 운영제외리스크=0.000, 검증필요리스크=0.112",순위 24단계 상승 / 최종점수 +0.008 / 성장성 -0.000
1592,1695,UCsrrgICM6nhu0WJU5_PvwVQ,모니의 게임일기,게임 실황형,원신,1470.0,1443.8,0.0082992201118073,0.4284078887200823,0.3884989200863931,0.4959371440879937,0.0961123110151187,0.4203721168874098,0.99104,보류,False,,뚜렷한 강점 신호 부족,주요 자동 리스크 낮음,"최종=0.428, 채널력=0.388, 성장성=0.496, 팬밀도=0.096, 라이브=0.420, 실전성=0.991, 운영제외리스크=0.000, 검증필요리스크=0.112",순위 1단계 하락 / 최종점수 -0.001 / 성장성 -0.000
1593,1696,UCESjRD3UmSnKQ0APxLy0ABg,찰나,음악·보이스형,애니송커버,10200.0,3588.5,0.0112296547767769,0.4282107764832493,0.5559665226781857,0.2867633137450929,0.1479481641468682,0.4203721168874098,1.0,보류,False,,실전성 리스크 낮음 / 성장성 신뢰도 양호,주요 자동 리스크 낮음,"최종=0.428, 채널력=0.556, 성장성=0.287, 팬밀도=0.148, 라이브=0.420, 실전성=1.000, 운영제외리스크=0.000, 검증필요리스크=0.000",순위 17단계 상승 / 최종점수 +0.006 / 성장성 +0.001
1594,1698,UCQQihYlzuWwWNFCp4UIdo0Q,젤리,창작·비주얼형,코스프레,1360.0,1392.1,0.0196040128939224,0.4280803961123111,0.2332748380129589,0.5,0.341792656587473,0.3960583153347732,0.97536,보류,False,,뚜렷한 강점 신호 부족,성장성 신뢰도 낮음,"최종=0.428, 채널력=0.233, 성장성=0.500, 팬밀도=0.342, 라이브=0.396, 실전성=0.975, 운영제외리스크=0.000, 검증필요리스크=0.308",순위 6단계 하락 / 최종점수 -0.001
1595,1700,UCSJE9nY6XlcU7-ykk5MicYw,광,음악·보이스형,보컬로이드JPOP커버,2290.0,1330.6,0.0198716582168851,0.4272013464362851,0.2238795896328293,0.5,0.3471922246220302,0.3960583153347732,0.97536,보류,False,,뚜렷한 강점 신호 부족,성장성 신뢰도 낮음,"최종=0.427, 채널력=0.224, 성장성=0.500, 팬밀도=0.347, 라이브=0.396, 실전성=0.975, 운영제외리스크=0.000, 검증필요리스크=0.308",순위 4단계 하락 / 최종점수 -0.001
1596,1702,UCNxRn3cEy0SolmZ3kiMtJYw,South korean 엘리베이터,음악·보이스형,ASMR보이스,1230.0,75.3,0.0120523579619706,0.4254330453563715,0.2712473002159826,0.5,0.1652267818574514,0.3960583153347732,1.0,보류,False,,실전성 리스크 낮음 / 성장성 신뢰도 양호,주요 자동 리스크 낮음,"최종=0.425, 채널력=0.271, 성장성=0.500, 팬밀도=0.165, 라이브=0.396, 실전성=1.000, 운영제외리스크=0.000, 검증필요리스크=0.000",순위 3단계 하락 / 최종점수 -0.002
1597,1703,UC216I8IdHBXPlfxV1xV9zzQ,하낌방송,음악·보이스형,ASMR보이스,1590.0,2085.7,0.0089476123845326,0.4253220472607379,0.3093682505399567,0.5377568402028002,0.1079913606911447,0.4203721168874098,0.99104,보류,False,,성장성 신뢰도 양호,주요 자동 리스크 낮음,"최종=0.425, 채널력=0.309, 성장성=0.538, 팬밀도=0.108, 라이브=0.420, 실전성=0.991, 운영제외리스크=0.000, 검증필요리스크=0.112",순위 5단계 상승 / 최종점수 +0.001 / 성장성 +0.000
1598,1705,UClEYsZQqoPRU7ZLxff7rkZg,올빽씨[olppaekssi],음악·보이스형,보컬로이드JPOP커버,2240.0,34450.7,0.0057210396675624,0.4248374155507559,0.5084908207343413,0.5,0.0518358531317494,0.3960583153347732,0.97536,보류,False,,뚜렷한 강점 신호 부족,성장성 신뢰도 낮음,"최종=0.425, 채널력=0.508, 성장성=0.500, 팬밀도=0.052, 라이브=0.396, 실전성=0.975, 운영제외리스크=0.000, 검증필요리스크=0.308",순위 4단계 하락 / 최종점수 -0.000
1599,1708,UCgUVNxy5LnwzwSrEszg14cw,loah 로하,음악·보이스형,애니송커버,2800.0,1387.0,0.0119148295774981,0.424036459611231,0.3465172786177105,0.5,0.1641468682505399,0.3960583153347732,0.98432,보류,False,,뚜렷한 강점 신호 부족,성장성 신뢰도 낮음,"최종=0.424, 채널력=0.347, 성장성=0.500, 팬밀도=0.164, 라이브=0.396, 실전성=0.984, 운영제외리스크=0.000, 검증필요리스크=0.196",순위 1단계 하락 / 최종점수 +0.000
1600,1709,UCQK696vIIL8c0f2RG6Dxbdg,와와 WAWA,음악·보이스형,ASMR보이스,4960.0,22344.625,0.0073068562693231,0.4239880634989201,0.4841117710583154,0.5,0.0723542116630669,0.3960583153347732,0.97536,보류,False,,뚜렷한 강점 신호 부족,성장성 신뢰도 낮음,"최종=0.424, 채널력=0.484, 성장성=0.500, 팬밀도=0.072, 라이브=0.396, 실전성=0.975, 운영제외리스크=0.000, 검증필요리스크=0.308",순위 4단계 하락 / 최종점수 -0.001
1601,1710,UCjU9tex3hIJKBNa-I2zICRw,DJ 겨울감성 [AI 윈터 WINTER],음악·보이스형,애니송커버,21600.0,8782.1,0.0149186751374813,0.4234500505399569,0.505872030237581,0.5,0.2354211663066954,0.3960583153347732,0.93536,보류,False,,뚜렷한 강점 신호 부족,AI/뉴스/자동생성성 채널 의심 / 성장성 신뢰도 낮음,"최종=0.423, 채널력=0.506, 성장성=0.500, 팬밀도=0.235, 라이브=0.396, 실전성=0.935, 운영제외리스크=0.200, 검증필요리스크=0.308",순위 1단계 하락 / 최종점수 -0.000
1602,1711,UCNMbPQdOSej2TG905WHrYfQ,도랄팤카이브,게임 실황형,마인크래프트,8880.0,12290.7,0.0043859254171465,0.4218135518090921,0.4222597192224622,0.5269902867153585,0.038876889848812,0.4203721168874098,0.98208,보류,False,,성장성 신뢰도 양호,수집 영상 수 부족,"최종=0.422, 채널력=0.422, 성장성=0.527, 팬밀도=0.039, 라이브=0.420, 실전성=0.982, 운영제외리스크=0.000, 검증필요리스크=0.224",순위 14단계 하락 / 최종점수 -0.006 / 성장성 +0.000
1603,1712,UCAJyhp84tWsK8hujdbvxssg,네피,,서브컬쳐게임,1040.0,1918.0,0.0112949109693587,0.4214823058315334,0.3857991360691144,0.5,0.1506479481641468,0.3960583153347732,0.97704,보류,False,,뚜렷한 강점 신호 부족,상위 세그먼트 불명확 / 성장성 신뢰도 낮음,"최종=0.421, 채널력=0.386, 성장성=0.500, 팬밀도=0.151, 라이브=0.396, 실전성=0.977, 운영제외리스크=0.000, 검증필요리스크=0.287",순위 1단계 하락 / 최종점수 -0.001
1604,1713,UChwNQRIwUdgiEiXtgxPqQSA,핫뜨거방,음악·보이스형,보컬로이드JPOP커버,1490.0,27665.6,0.0089194175469042,0.4210479987041037,0.4356506479481642,0.5,0.1074514038876889,0.3960583153347732,0.97536,보류,False,,뚜렷한 강점 신호 부족,성장성 신뢰도 낮음,"최종=0.421, 채널력=0.436, 성장성=0.500, 팬밀도=0.107, 라이브=0.396, 실전성=0.975, 운영제외리스크=0.000, 검증필요리스크=0.308",순위 1단계 상승 / 최종점수 -0.001
1605,1714,UC8OxbMnTL3bE9HS8XTv0TUg,예능인턴,창작·비주얼형,코스프레,9630.0,44361.8,0.0050769712268626,0.4210281640379256,0.6211663066954645,0.3253778064773908,0.0469762419006479,0.4203721168874098,0.99104,보류,False,,성장성 신뢰도 양호,주요 자동 리스크 낮음,"최종=0.421, 채널력=0.621, 성장성=0.325, 팬밀도=0.047, 라이브=0.420, 실전성=0.991, 운영제외리스크=0.000, 검증필요리스크=0.112",순위 6단계 상승 / 최종점수 +0.001 / 성장성 -0.000
1606,1716,UCKfEM0lo313xo657_Jb128Q,서초랭튜브,게임 실황형,원신,8770.0,1504.5,0.011794312183744,0.4208433160324554,0.2526052915766738,0.5613684171952814,0.1603671706263499,0.4203721168874098,0.98208,보류,False,,성장성 신뢰도 양호,수집 영상 수 부족,"최종=0.421, 채널력=0.253, 성장성=0.561, 팬밀도=0.160, 라이브=0.420, 실전성=0.982, 운영제외리스크=0.000, 검증필요리스크=0.224",순위 4단계 하락 / 최종점수 -0.001 / 성장성 +0.000
1607,1717,UCP3DyOVLFCTm9ki_2qm8aXw,마 주보규 The Weird ASMR Player,음악·보이스형,ASMR보이스,16100.0,1541.0,0.0030942324933328,0.4207736287732914,0.5051025917926566,0.4715042372881355,0.0269978401727861,0.3960583153347732,0.98432,보류,False,,뚜렷한 강점 신호 부족,성장성 신뢰도 낮음,"최종=0.421, 채널력=0.505, 성장성=0.472, 팬밀도=0.027, 라이브=0.396, 실전성=0.984, 운영제외리스크=0.000, 검증필요리스크=0.196",최종점수 +0.000 / 성장성 -0.000
1608,1718,UCK3yi_Ix-87hVi5yKo8p7XQ,릴리여우 LilyFox ,게임 실황형,마인크래프트,1200.0,656.3,0.0095851508440766,0.4202553414056989,0.0896733261339092,0.7220751261416846,0.1160907127429805,0.4203721168874098,0.98208,보류,False,,성장성 상위권 / 성장성 신뢰도 양호,수집 영상 수 부족,"최종=0.420, 채널력=0.090, 성장성=0.722, 팬밀도=0.116, 라이브=0.420, 실전성=0.982, 운영제외리스크=0.000, 검증필요리스크=0.224",순위 9단계 상승 / 최종점수 +0.002 / 성장성 +0.000
1609,1719,UCY1AODHaM_e7bbMVD7YIraA,정네짱,음악·보이스형,ASMR보이스,3010.0,2059.2,0.0091042067917155,0.4198027653532668,0.2732856371490281,0.5442744850411286,0.1106911447084233,0.4203721168874098,0.99104,보류,False,,성장성 신뢰도 양호,주요 자동 리스크 낮음,"최종=0.420, 채널력=0.273, 성장성=0.544, 팬밀도=0.111, 라이브=0.420, 실전성=0.991, 운영제외리스크=0.000, 검증필요리스크=0.112",순위 3단계 하락 / 최종점수 -0.001 / 성장성 +0.000
1610,1721,UCN0MGLXmqLNN9BEGp9Ojk7A,LIKERSTAR 라이커스타,음악·보이스형,애니송커버,1870.0,1387.0,0.0203060128657109,0.4189329630873882,0.2171166306695464,0.3926905337213063,0.3558315334773218,0.4203721168874098,0.99104,보류,False,,성장성 신뢰도 양호,주요 자동 리스크 낮음,"최종=0.419, 채널력=0.217, 성장성=0.393, 팬밀도=0.356, 라이브=0.420, 실전성=0.991, 운영제외리스크=0.000, 검증필요리스크=0.112",순위 17단계 상승 / 최종점수 +0.008 / 성장성 +0.000
1611,1722,UCHRk2BAzHdGFwoXVhyfFuAA,이 리,음악·보이스형,ASMR보이스,1200.0,4760.7,0.0118873068267464,0.4189094009020342,0.2841927645788337,0.4917858415597906,0.1625269978401728,0.4203721168874098,0.99104,보류,False,,성장성 신뢰도 양호,주요 자동 리스크 낮음,"최종=0.419, 채널력=0.284, 성장성=0.492, 팬밀도=0.163, 라이브=0.420, 실전성=0.991, 운영제외리스크=0.000, 검증필요리스크=0.112",순위 2단계 상승 / 최종점수 -0.000 / 성장성 +0.000
1612,1723,UCFdS1LVjZXXtmbx-L9V47Og,연예부 찐기자,게임 실황형,롤,1870.0,30634.6,0.0068584621999509,0.4187854711242083,0.639767818574514,0.4928760593220339,0.0620950323974082,0.3960583153347732,0.94032,보류,False,,뚜렷한 강점 신호 부족,기관/대학/방송사/공식 채널 의심 / 성장성 신뢰도 낮음,"최종=0.419, 채널력=0.640, 성장성=0.493, 팬밀도=0.062, 라이브=0.396, 실전성=0.940, 운영제외리스크=0.220, 검증필요리스크=0.196",순위 2단계 상승 / 최종점수 -0.000 / 성장성 -0.000
1613,1724,UCYoLImO_UtuPL_C7sGME7ng,자작가수이원Leewon,,커버기타,2190.0,1341.6,0.0118945459437041,0.4185130499827738,0.4076673866090712,0.3861502763359586,0.1630669546436285,0.4203721168874098,0.99272,보류,False,,성장성 신뢰도 양호,상위 세그먼트 불명확,"최종=0.419, 채널력=0.408, 성장성=0.386, 팬밀도=0.163, 라이브=0.420, 실전성=0.993, 운영제외리스크=0.000, 검증필요리스크=0.091",순위 2단계 하락 / 최종점수 -0.001 / 성장성 +0.000
1614,1726,UCoUIdGoAPCzOqjVwW04WUhA,숏필름 프로덕션 (ShortFilm Production),음악·보이스형,커버,1540.0,679.4,0.0024224204362833,0.4172296863266374,0.3376349892008639,0.5196390099614508,0.0199784017278617,0.4203721168874098,1.0,보류,False,,실전성 리스크 낮음 / 성장성 신뢰도 양호,주요 자동 리스크 낮음,"최종=0.417, 채널력=0.338, 성장성=0.520, 팬밀도=0.020, 라이브=0.420, 실전성=1.000, 운영제외리스크=0.000, 검증필요리스크=0.000",순위 23단계 하락 / 최종점수 -0.008 / 성장성 +0.000
1615,1727,UCsO3HHjGun1KaOdHx-Ex8uw,김쇼츠 music,음악·보이스형,음악,27000.0,9767.3,0.0064377604105294,0.4170893647828264,0.5930210583153348,0.4493641420596884,0.0593952483801295,0.4203721168874098,0.956,보류,False,,성장성 신뢰도 양호,리믹스/쇼츠/플레이리스트/재업로드성 채널 의심,"최종=0.417, 채널력=0.593, 성장성=0.449, 팬밀도=0.059, 라이브=0.420, 실전성=0.956, 운영제외리스크=0.220, 검증필요리스크=0.000",순위 12단계 하락 / 최종점수 -0.004 / 성장성 -0.000
1616,1728,UC9PoxOK6uvDR1Zz5lXqu7Eg,순정남,음악·보이스형,커버,1690.0,122290.0,0.0145551622208423,0.4161231948054325,0.6132694384449244,0.150926906779661,0.2251619870410367,0.3960583153347732,1.0,보류,False,,실전성 리스크 낮음 / 성장성 신뢰도 양호,주요 자동 리스크 낮음,"최종=0.416, 채널력=0.613, 성장성=0.151, 팬밀도=0.225, 라이브=0.396, 실전성=1.000, 운영제외리스크=0.000, 검증필요리스크=0.000",순위 1단계 상승 / 최종점수 -0.000 / 성장성 -0.000
1617,1730,UCRNWmeShukC6OIBKOBS_Rwg,퀴즈탐구생활,창작·비주얼형,일러스트리깅,16000.0,1521.4,0.0043035880656641,0.4146782895586096,0.389389848812095,0.4920220375486393,0.0377969762419006,0.4203721168874098,0.99104,보류,False,,성장성 신뢰도 양호,주요 자동 리스크 낮음,"최종=0.415, 채널력=0.389, 성장성=0.492, 팬밀도=0.038, 라이브=0.420, 실전성=0.991, 운영제외리스크=0.000, 검증필요리스크=0.112",순위 2단계 상승 / 최종점수 -0.000 / 성장성 -0.000
1618,1732,UCj00x6ERyIpyPAk4jSzQ5Zw,유튜브 금지,버츄얼 퍼포먼스형,버튜버,4290.0,5023.1,0.0111970252794245,0.4138077179265659,0.3633234341252699,0.5,0.1468682505399568,0.3960583153347732,0.97536,보류,False,,뚜렷한 강점 신호 부족,성장성 신뢰도 낮음,"최종=0.414, 채널력=0.363, 성장성=0.500, 팬밀도=0.147, 라이브=0.396, 실전성=0.975, 운영제외리스크=0.000, 검증필요리스크=0.308",순위 1단계 상승 / 최종점수 -0.001
1619,1733,UC2jq7LmqXpNrfDxY8QxeaxQ,도치몬,게임 실황형,명일방주,1260.0,6979.2,0.0007294161754366,0.4126284187100366,0.3185880129589633,0.561967924598244,0.0102591792656587,0.4203721168874098,0.99104,보류,False,,성장성 신뢰도 양호,주요 자동 리스크 낮음,"최종=0.413, 채널력=0.319, 성장성=0.562, 팬밀도=0.010, 라이브=0.420, 실전성=0.991, 운영제외리스크=0.000, 검증필요리스크=0.112",순위 3단계 상승 / 최종점수 +0.001 / 성장성 -0.000
1620,1734,UCHDjfapW8XUTbIG0HRhm3Yw,스톰Youtube,게임 실황형,명조,8810.0,7744.4,0.0174976687166193,0.4117090131267588,0.3833018358531317,0.3191443178020574,0.2964362850971922,0.4203721168874098,0.98208,보류,False,,성장성 신뢰도 양호,수집 영상 수 부족,"최종=0.412, 채널력=0.383, 성장성=0.319, 팬밀도=0.296, 라이브=0.420, 실전성=0.982, 운영제외리스크=0.000, 검증필요리스크=0.224",순위 5단계 상승 / 최종점수 +0.001 / 성장성 +0.001
1621,1735,UCV5iV1Zhe6bRrVwBzXgUnPg,동치미,창작·비주얼형,코스프레,551000.0,5845.0,0.0146951281450692,0.4111529779733956,0.4368655507559394,0.3728357380735234,0.2311015118790496,0.4203721168874098,0.88208,보류,False,,성장성 신뢰도 양호,수집 영상 수 부족,"최종=0.411, 채널력=0.437, 성장성=0.373, 팬밀도=0.231, 라이브=0.420, 실전성=0.882, 운영제외리스크=0.000, 검증필요리스크=0.224",순위 4단계 하락 / 최종점수 -0.004 / 성장성 -0.000
1622,1736,UCN3TF3sFGX6wo2HxLIz95Ag,율오YURO,음악·보이스형,애니송커버,6360.0,2274.6,0.0129827306310696,0.4109102067613575,0.3181830453563715,0.4928760593220339,0.1879049676025918,0.3960583153347732,0.97536,보류,False,,뚜렷한 강점 신호 부족,성장성 신뢰도 낮음,"최종=0.411, 채널력=0.318, 성장성=0.493, 팬밀도=0.188, 라이브=0.396, 실전성=0.975, 운영제외리스크=0.000, 검증필요리스크=0.308",순위 1단계 하락 / 최종점수 -0.001 / 성장성 -0.000
1623,1737,UC9kKBMa3nwswcGeuH36EvQA,터킹,게임 실황형,발로란트,13300.0,3774.2,0.0084057593707353,0.4108537078733595,0.384651727861771,0.4337209243098958,0.0993520518358531,0.4203721168874098,0.99104,보류,False,,성장성 신뢰도 양호,주요 자동 리스크 낮음,"최종=0.411, 채널력=0.385, 성장성=0.434, 팬밀도=0.099, 라이브=0.420, 실전성=0.991, 운영제외리스크=0.000, 검증필요리스크=0.112",순위 14단계 하락 / 최종점수 -0.009 / 성장성 -0.000
1624,1741,UCmWBYwVZIlYx8tqGfDL0iwQ,큼이별이네집,음악·보이스형,애니송커버,11800.0,748.3,0.0035120862851161,0.4088548152087416,0.3226511879049676,0.4237418997244705,0.0296976241900647,0.6187676308332184,0.99104,보류,False,,성장성 신뢰도 양호,주요 자동 리스크 낮음,"최종=0.409, 채널력=0.323, 성장성=0.424, 팬밀도=0.030, 라이브=0.619, 실전성=0.991, 운영제외리스크=0.000, 검증필요리스크=0.112",순위 1단계 상승 / 최종점수 +0.000 / 성장성 +0.000
1625,1742,UCPP2Yb90SrcEPCsHAShj_NA,𝑇. 타비아,,서브컬쳐게임,1060.0,5213.0,0.0157908245416105,0.4084596977131753,0.4656857451403888,0.2295670296464793,0.2586393088552915,0.4203721168874098,0.99272,보류,False,,성장성 신뢰도 양호,상위 세그먼트 불명확,"최종=0.408, 채널력=0.466, 성장성=0.230, 팬밀도=0.259, 라이브=0.420, 실전성=0.993, 운영제외리스크=0.000, 검증필요리스크=0.091",순위 2단계 상승 / 최종점수 -0.000 / 성장성 +0.000
1626,1743,UCQE6jR999Jf9lPbKHGe8J9A,은뿌,게임 실황형,니케,8060.0,2758.9,0.0136237833765943,0.4081516477993186,0.2967197624190064,0.4495607776400335,0.2008639308855291,0.4203721168874098,0.98208,보류,False,,성장성 신뢰도 양호,수집 영상 수 부족,"최종=0.408, 채널력=0.297, 성장성=0.450, 팬밀도=0.201, 라이브=0.420, 실전성=0.982, 운영제외리스크=0.000, 검증필요리스크=0.224",순위 2단계 상승 / 최종점수 -0.000 / 성장성 +0.000
1627,1744,UCOMtU1NQTBAEzP23vXviDQA,임파랑ASMR,음악·보이스형,ASMR보이스,2160.0,1357.9,0.0075015267831417,0.4076847485412014,0.4078293736501079,0.435884533898305,0.0755939524838013,0.3960583153347732,0.99104,보류,False,,뚜렷한 강점 신호 부족,주요 자동 리스크 낮음,"최종=0.408, 채널력=0.408, 성장성=0.436, 팬밀도=0.076, 라이브=0.396, 실전성=0.991, 운영제외리스크=0.000, 검증필요리스크=0.112",순위 1단계 하락 / 최종점수 -0.001 / 성장성 -0.000
1628,1745,UCpa9MB-I7MoyYnG63lgIuMw,유키 YUKI,음악·보이스형,JPOP커버,1210.0,1486.0,0.0185746732247341,0.4065832240216716,0.1923461123110151,0.4715042372881355,0.3212742980561555,0.3960583153347732,0.97536,보류,False,,뚜렷한 강점 신호 부족,성장성 신뢰도 낮음,"최종=0.407, 채널력=0.192, 성장성=0.472, 팬밀도=0.321, 라이브=0.396, 실전성=0.975, 운영제외리스크=0.000, 검증필요리스크=0.308",순위 2단계 상승 / 최종점수 -0.001 / 성장성 -0.000
1629,1746,UCZbQy4d6nGzTGFNFSrBoH_Q,퀸유랑,버츄얼 퍼포먼스형,버튜버,1580.0,3026.6,0.0122018207979769,0.4058675112786909,0.340280777537797,0.4715042372881355,0.1700863930885529,0.3960583153347732,0.97536,보류,False,,뚜렷한 강점 신호 부족,성장성 신뢰도 낮음,"최종=0.406, 채널력=0.340, 성장성=0.472, 팬밀도=0.170, 라이브=0.396, 실전성=0.975, 운영제외리스크=0.000, 검증필요리스크=0.308",순위 2단계 상승 / 최종점수 -0.001 / 성장성 -0.000
1630,1748,UCvdPUVgdGvkbOoHMVPCvGsg,부산대UCDC,음악·보이스형,애니송커버,1810.0,775.3,0.0160199248138232,0.4048789597272108,0.2773083153347732,0.4938726460650105,0.2629589632829374,0.4203721168874098,0.956,보류,False,,성장성 신뢰도 양호,기관/대학/방송사/공식 채널 의심,"최종=0.405, 채널력=0.277, 성장성=0.494, 팬밀도=0.263, 라이브=0.420, 실전성=0.956, 운영제외리스크=0.220, 검증필요리스크=0.000",순위 14단계 하락 / 최종점수 -0.009 / 성장성 -0.000
1631,1749,UCY5wgWNLntytp8MC2Wowilg,휘나 Hwina,음악·보이스형,애니송커버,79900.0,2866.0,0.0036667583422426,0.4044895415162719,0.4722462203023758,0.4715042372881355,0.0318574514038876,0.3960583153347732,0.97536,보류,False,,뚜렷한 강점 신호 부족,성장성 신뢰도 낮음,"최종=0.404, 채널력=0.472, 성장성=0.472, 팬밀도=0.032, 라이브=0.396, 실전성=0.975, 운영제외리스크=0.000, 검증필요리스크=0.308",순위 2단계 상승 / 최종점수 -0.000 / 성장성 -0.000
1632,1751,UCp-An_wCZYY_OdIm4I684oQ,새바,음악·보이스형,보컬로이드JPOP커버,4590.0,1561.3,0.0127752290183331,0.4020177611231101,0.2730156587473001,0.5,0.183585313174946,0.3960583153347732,0.97536,보류,False,,뚜렷한 강점 신호 부족,성장성 신뢰도 낮음,"최종=0.402, 채널력=0.273, 성장성=0.500, 팬밀도=0.184, 라이브=0.396, 실전성=0.975, 운영제외리스크=0.000, 검증필요리스크=0.308",순위 1단계 상승 / 최종점수 -0.001
1633,1752,UCxtUtbmL79P4nvskhfD9kmA,꽃집ASMR flowershop,음악·보이스형,ASMR,9290.0,2305.6,0.0028233083764041,0.4019268263427313,0.441725161987041,0.4672439993740668,0.025377969762419,0.4203721168874098,0.976,보류,False,,성장성 신뢰도 양호,상업/판매/브랜드 채널 의심,"최종=0.402, 채널력=0.442, 성장성=0.467, 팬밀도=0.025, 라이브=0.420, 실전성=0.976, 운영제외리스크=0.120, 검증필요리스크=0.000",순위 2단계 상승 / 최종점수 +0.000 / 성장성 -0.000
1634,1753,UCrwySf6H887MztPot7epjkw,이슈뭐있슈,음악·보이스형,애니송커버,1250.0,8568.9,0.0101320752685394,0.4017972840875355,0.3712607991360692,0.3889884018412399,0.1285097192224622,0.4203721168874098,0.99104,보류,False,,성장성 신뢰도 양호,주요 자동 리스크 낮음,"최종=0.402, 채널력=0.371, 성장성=0.389, 팬밀도=0.129, 라이브=0.420, 실전성=0.991, 운영제외리스크=0.000, 검증필요리스크=0.112",순위 4단계 하락 / 최종점수 -0.004 / 성장성 -0.000
1635,1754,UCZc9-ZVbUgKrur1qAZfSsPQ,DAILY BALLAD 데일리 발라드,음악·보이스형,JPOP커버,208000.0,996.9,0.0099058866251999,0.4006719294488003,0.2890253779697623,0.4921065999457261,0.1204103671706263,0.4203721168874098,0.98208,보류,False,,성장성 신뢰도 양호,수집 영상 수 부족,"최종=0.401, 채널력=0.289, 성장성=0.492, 팬밀도=0.120, 라이브=0.420, 실전성=0.982, 운영제외리스크=0.000, 검증필요리스크=0.224",순위 27단계 상승 / 최종점수 +0.013 / 성장성 +0.001
1636,1757,UCrhTqv3LmsJt8ve2X5-I1TQ,예윤(yeyoon),음악·보이스형,일렉기타연주,1460.0,1090.1,0.0146502087786832,0.4003780179253767,0.138188444924406,0.5238727906635205,0.2294816414686825,0.4203721168874098,0.98208,보류,False,,성장성 신뢰도 양호,수집 영상 수 부족,"최종=0.400, 채널력=0.138, 성장성=0.524, 팬밀도=0.229, 라이브=0.420, 실전성=0.982, 운영제외리스크=0.000, 검증필요리스크=0.224",최종점수 +0.001 / 성장성 +0.001
1637,1759,UCtevbc2OVYpyX09ZkkMHJ9A,최재헌의 피싱스토리,창작·비주얼형,일러스트리깅,7820.0,2094.3,0.0099849746922679,0.3994233447651427,0.500755939524838,0.2476948866741013,0.1220302375809935,0.4203721168874098,1.0,보류,False,,실전성 리스크 낮음 / 성장성 신뢰도 양호,주요 자동 리스크 낮음,"최종=0.399, 채널력=0.501, 성장성=0.248, 팬밀도=0.122, 라이브=0.420, 실전성=1.000, 운영제외리스크=0.000, 검증필요리스크=0.000",순위 3단계 하락 / 최종점수 -0.001 / 성장성 +0.000
1638,1760,UC7vqM9SK4lsqp1ZUXVf0rvA,하린 ha lyn,음악·보이스형,애니송커버,997.0,1483.2,0.0131645703328827,0.3993241866090713,0.2505129589632829,0.5,0.1938444924406047,0.3960583153347732,0.97536,보류,False,,뚜렷한 강점 신호 부족,성장성 신뢰도 낮음,"최종=0.399, 채널력=0.251, 성장성=0.500, 팬밀도=0.194, 라이브=0.396, 실전성=0.975, 운영제외리스크=0.000, 검증필요리스크=0.308",순위 2단계 하락 / 최종점수 -0.000
1639,1762,UCxQWSUHiII2glZb52io-u5w,컨트리유코,,서브컬쳐게임,3640.0,79.7,0.0004417936823503,0.3984640216678204,0.3372840172786176,0.3585414669147936,0.0086393088552915,0.667971194548121,0.99272,보류,False,,라이브친화도 상위권 / 성장성 신뢰도 양호,상위 세그먼트 불명확,"최종=0.398, 채널력=0.337, 성장성=0.359, 팬밀도=0.009, 라이브=0.668, 실전성=0.993, 운영제외리스크=0.000, 검증필요리스크=0.091",순위 2단계 상승 / 최종점수 +0.000 / 성장성 +0.000
1640,1764,UCooKvU_dlY-MtNMq1pYo8bA,백상하리,버츄얼 퍼포먼스형,버튜버,3930.0,1723.8,0.0152579661744553,0.3980134327414117,0.3119735421166306,0.3321161157161602,0.2429805615550755,0.4203721168874098,0.99104,보류,False,,성장성 신뢰도 양호,주요 자동 리스크 낮음,"최종=0.398, 채널력=0.312, 성장성=0.332, 팬밀도=0.243, 라이브=0.420, 실전성=0.991, 운영제외리스크=0.000, 검증필요리스크=0.112",순위 1단계 하락 / 최종점수 -0.000 / 성장성 +0.000
1641,1765,UCVF2BDqI5JOUUN5cnwXru3A,달달 손글씨,음악·보이스형,ASMR보이스,2170.0,863.3,0.0083459958113582,0.3980124315334773,0.2946409287257019,0.5,0.0977321814254859,0.3960583153347732,0.98432,보류,False,,뚜렷한 강점 신호 부족,성장성 신뢰도 낮음,"최종=0.398, 채널력=0.295, 성장성=0.500, 팬밀도=0.098, 라이브=0.396, 실전성=0.984, 운영제외리스크=0.000, 검증필요리스크=0.196",순위 6단계 하락 / 최종점수 -0.001
1642,1766,UCUN44wQgbMg-EBYBaKrv7jw,Reyun(리윤),창작·비주얼형,코스프레,2080.0,1357.3,0.0123853231340427,0.3968325559395248,0.2580858531317494,0.5,0.1749460043196544,0.3960583153347732,0.97536,보류,False,,뚜렷한 강점 신호 부족,성장성 신뢰도 낮음,"최종=0.397, 채널력=0.258, 성장성=0.500, 팬밀도=0.175, 라이브=0.396, 실전성=0.975, 운영제외리스크=0.000, 검증필요리스크=0.308",순위 1단계 하락 / 최종점수 -0.001
1643,1770,UC0qEEUCOF9Swq2LMzL_GyXQ,트리플 뷰 / Triple View,음악·보이스형,음악,71000.0,3411.6,0.0180408548165624,0.3951114216680089,0.416482181425486,0.1874548913487928,0.3093952483801296,0.4203721168874098,0.99104,보류,False,,성장성 신뢰도 양호,주요 자동 리스크 낮음,"최종=0.395, 채널력=0.416, 성장성=0.187, 팬밀도=0.309, 라이브=0.420, 실전성=0.991, 운영제외리스크=0.000, 검증필요리스크=0.112",최종점수 +0.000 / 성장성 +0.001
1644,1771,UC3F9Z33neMELIP0o_CP56ng,먹숏2디아,창작·비주얼형,코스프레,44700.0,1028.8,0.0024444935628083,0.3949470715931883,0.3129994600431965,0.4947262267032983,0.0210583153347732,0.4203721168874098,0.99104,보류,False,,뚜렷한 강점 신호 부족,주요 자동 리스크 낮음,"최종=0.395, 채널력=0.313, 성장성=0.495, 팬밀도=0.021, 라이브=0.420, 실전성=0.991, 운영제외리스크=0.000, 검증필요리스크=0.112",순위 13단계 상승 / 최종점수 +0.008 / 성장성 -0.000
1645,1772,UCXWFH170tNVxNjdCCW4sWrQ,정선가을이네,음악·보이스형,ASMR보이스,1400.0,1470.8,0.007119410665309,0.3945199084233261,0.2739470842332613,0.5,0.0680345572354211,0.3960583153347732,0.99104,보류,False,,성장성 신뢰도 양호,주요 자동 리스크 낮음,"최종=0.395, 채널력=0.274, 성장성=0.500, 팬밀도=0.068, 라이브=0.396, 실전성=0.991, 운영제외리스크=0.000, 검증필요리스크=0.112",순위 1단계 하락 / 최종점수 -0.000
1646,1774,UC2yVsnLtuPvrUNiYn3jBj9w,김해수족관 물롬 (금붕어 파는 여인),음악·보이스형,보컬로이드JPOP커버,1930.0,702.3,0.0091061176017708,0.3941477888570046,0.3539956803455723,0.3526502832687639,0.111231101511879,0.4203721168874098,1.0,보류,False,,실전성 리스크 낮음 / 성장성 신뢰도 양호,주요 자동 리스크 낮음,"최종=0.394, 채널력=0.354, 성장성=0.353, 팬밀도=0.111, 라이브=0.420, 실전성=1.000, 운영제외리스크=0.000, 검증필요리스크=0.000",순위 6단계 하락 / 최종점수 -0.002 / 성장성 +0.000
1647,1775,UCrIjJqTlPoq9h9fU2qYOrgw,무브 트렌드 매거진 | MOVETREND MAGAZINE,음악·보이스형,애니송커버,2730.0,6938.5,0.0084144898594604,0.3940110824504886,0.3668601511879049,0.435884533898305,0.1004319654427645,0.3960583153347732,0.98208,보류,False,,뚜렷한 강점 신호 부족,주요 자동 리스크 낮음,"최종=0.394, 채널력=0.367, 성장성=0.436, 팬밀도=0.100, 라이브=0.396, 실전성=0.982, 운영제외리스크=0.000, 검증필요리스크=0.224",순위 2단계 하락 / 최종점수 -0.000 / 성장성 -0.000
1648,1776,UCKT__0xOwsViVzcYW7VUaBQ,쓸모 연구소,음악·보이스형,성우더빙,15500.0,56730.6,0.0146384833140036,0.393930503807153,0.6851916846652268,0.3219014830508474,0.2289416846652267,0.3960583153347732,0.776,보류,False,,뚜렷한 강점 신호 부족,기관/대학/방송사/공식 채널 의심,"최종=0.394, 채널력=0.685, 성장성=0.322, 팬밀도=0.229, 라이브=0.396, 실전성=0.776, 운영제외리스크=0.320, 검증필요리스크=0.000",순위 1단계 하락 / 최종점수 +0.001 / 성장성 -0.000
1649,1777,UCR0fOnBnUAxIzUS82jHeB4A,산천초목,음악·보이스형,성우더빙,1560.0,0.5,0.0,0.3936171831533477,0.3696949244060474,0.5,0.0026997840172786,0.3960583153347732,0.98432,보류,False,,뚜렷한 강점 신호 부족,성장성 신뢰도 낮음,"최종=0.394, 채널력=0.370, 성장성=0.500, 팬밀도=0.003, 라이브=0.396, 실전성=0.984, 운영제외리스크=0.000, 검증필요리스크=0.196",순위 1365단계 하락 / 최종점수 -0.219 / 버킷 변경: 성장관찰 → 보류
1650,1778,UCLli2f-FAfdfPxELm29rzPw,애니커스텀 anycustom,음악·보이스형,애니송커버,1610.0,864.3,0.0037744064833888,0.3926448786213654,0.3535367170626349,0.4087356161976365,0.0334773218142548,0.4203721168874098,1.0,보류,False,,실전성 리스크 낮음 / 성장성 신뢰도 양호,주요 자동 리스크 낮음,"최종=0.393, 채널력=0.354, 성장성=0.409, 팬밀도=0.033, 라이브=0.420, 실전성=1.000, 운영제외리스크=0.000, 검증필요리스크=0.000",순위 6단계 하락 / 최종점수 -0.002 / 성장성 -0.000
1651,1779,UCuXBoGY4L2b3V0zPCH3Lc_g,코메 Comet,음악·보이스형,성우더빙,1470.0,2113.6,0.0115641000527322,0.3920651355364962,0.2356776457883369,0.5032520119991296,0.1549676025917926,0.4203721168874098,0.97536,보류,False,,뚜렷한 강점 신호 부족,성장성 신뢰도 낮음,"최종=0.392, 채널력=0.236, 성장성=0.503, 팬밀도=0.155, 라이브=0.420, 실전성=0.975, 운영제외리스크=0.000, 검증필요리스크=0.308",순위 3단계 하락 / 최종점수 -0.001 / 성장성 +0.000
1652,1780,UC3mcJ4Y8arlCRUAfWegrLDA,앵쥐의 해씨창고,서브컬쳐 토크·팬덤형,저스트채팅,1260.0,34.1,0.022875181442805,0.3910792462203023,0.041455183585313,0.5,0.4114470842332613,0.3960583153347732,0.9664,보류,False,,뚜렷한 강점 신호 부족,수집 영상 수 부족 / 성장성 신뢰도 낮음,"최종=0.391, 채널력=0.041, 성장성=0.500, 팬밀도=0.411, 라이브=0.396, 실전성=0.966, 운영제외리스크=0.000, 검증필요리스크=0.420",순위 19단계 하락 / 최종점수 -0.008
1653,1782,UCOi3bpSEcb2yrYecH4exAxA,라이브캐스트24,음악·보이스형,성우,2500.0,7106.1,0.0065995260255143,0.3902360260270613,0.3218547516198703,0.4761329553586765,0.060475161987041,0.4203721168874098,0.98208,보류,False,,성장성 신뢰도 양호,수집 영상 수 부족,"최종=0.390, 채널력=0.322, 성장성=0.476, 팬밀도=0.060, 라이브=0.420, 실전성=0.982, 운영제외리스크=0.000, 검증필요리스크=0.224",순위 5단계 하락 / 최종점수 -0.000 / 성장성 -0.000
1654,1783,UCmwCrBCVU_yrbAEGpOegECA,새싹저금통,창작·비주얼형,코스프레,6960.0,1710.8,0.021047885559288,0.3898584214957718,0.4830183585313174,0.0440677966101694,0.3720302375809935,0.3960583153347732,1.0,보류,False,,실전성 리스크 낮음 / 성장성 신뢰도 양호,주요 자동 리스크 낮음,"최종=0.390, 채널력=0.483, 성장성=0.044, 팬밀도=0.372, 라이브=0.396, 실전성=1.000, 운영제외리스크=0.000, 검증필요리스크=0.000",순위 5단계 상승 / 최종점수 +0.004 / 성장성 -0.000
1655,1784,UC2PkqKo7GNK0jKt1YfYIH6w,CME 먹방 ASMR,음악·보이스형,ASMR,112000.0,2879.4,0.018747508705015,0.3895988875023837,0.3649703023758098,0.2304005800352752,0.3272138228941684,0.4203721168874098,0.98208,보류,False,,성장성 신뢰도 양호,수집 영상 수 부족,"최종=0.390, 채널력=0.365, 성장성=0.230, 팬밀도=0.327, 라이브=0.420, 실전성=0.982, 운영제외리스크=0.000, 검증필요리스크=0.224",순위 13단계 상승 / 최종점수 +0.008 / 성장성 +0.000
1656,1785,UCNE5oBi4eFq0y-I_lrmKyug,+ 기억 프로젝트,음악·보이스형,JPOP커버,17800.0,1299.1,0.0057349725230274,0.3890645175260363,0.4918466522678185,0.2724277082437846,0.0523758099352051,0.4203721168874098,1.0,보류,False,,실전성 리스크 낮음 / 성장성 신뢰도 양호,주요 자동 리스크 낮음,"최종=0.389, 채널력=0.492, 성장성=0.272, 팬밀도=0.052, 라이브=0.420, 실전성=1.000, 운영제외리스크=0.000, 검증필요리스크=0.000",순위 6단계 하락 / 최종점수 -0.000 / 성장성 -0.001
1657,1786,UCytBYTjlE45XxrJ7SxO2igg,OBS 라이프,음악·보이스형,성우,70300.0,188.0,0.0157624809741983,0.3885379656108522,0.3639173866090712,0.2012926724775837,0.2575593952483801,0.738474168723263,0.956,보류,False,,라이브친화도 상위권 / 성장성 신뢰도 양호,기관/대학/방송사/공식 채널 의심,"최종=0.389, 채널력=0.364, 성장성=0.201, 팬밀도=0.258, 라이브=0.738, 실전성=0.956, 운영제외리스크=0.220, 검증필요리스크=0.000",순위 65단계 하락 / 최종점수 -0.031 / 성장성 -0.000
1658,1787,UC8cPSOKu-6ngMEz8zHAGD1w,라이프리슈,버츄얼 퍼포먼스형,버튜버,13900.0,58600.8,0.0023207815532292,0.3878185930525761,0.5745275377969763,0.2650537832884305,0.019438444924406,0.4203721168874098,0.99104,보류,False,,성장성 신뢰도 양호,주요 자동 리스크 낮음,"최종=0.388, 채널력=0.575, 성장성=0.265, 팬밀도=0.019, 라이브=0.420, 실전성=0.991, 운영제외리스크=0.000, 검증필요리스크=0.112",순위 7단계 하락 / 최종점수 -0.000 / 성장성 +0.000
1659,1788,UCj8mwTtnsZG40M1K3IPfWcQ,정베르,음악·보이스형,성우더빙,1690.0,5744.0,0.0025790834378403,0.3876020534206241,0.3599217062634989,0.4303537844486142,0.0226781857451403,0.4203721168874098,0.99104,보류,False,,성장성 신뢰도 양호,주요 자동 리스크 낮음,"최종=0.388, 채널력=0.360, 성장성=0.430, 팬밀도=0.023, 라이브=0.420, 실전성=0.991, 운영제외리스크=0.000, 검증필요리스크=0.112",순위 5단계 하락 / 최종점수 +0.000 / 성장성 -0.000
1660,1789,UCWCqMQHaZgh_4EfXsY_1rAQ,따뜻한 태양 애니극장,음악·보이스형,ASMR보이스,7730.0,907.7,0.0048854487994295,0.3874609642339937,0.4321274298056154,0.318713999710803,0.0458963282937365,0.4203721168874098,1.0,보류,False,,실전성 리스크 낮음 / 성장성 신뢰도 양호,주요 자동 리스크 낮음,"최종=0.387, 채널력=0.432, 성장성=0.319, 팬밀도=0.046, 라이브=0.420, 실전성=1.000, 운영제외리스크=0.000, 검증필요리스크=0.000",순위 3단계 하락 / 최종점수 +0.001 / 성장성 +0.001
1661,1790,UCZIqtmBZrzTdjJXp0pwPB4g,물음표,음악·보이스형,애니송커버,1110.0,828.1,0.0154249715795402,0.3866581498920086,0.1378644708423325,0.5,0.2489200863930885,0.3960583153347732,0.97536,보류,False,,뚜렷한 강점 신호 부족,성장성 신뢰도 낮음,"최종=0.387, 채널력=0.138, 성장성=0.500, 팬밀도=0.249, 라이브=0.396, 실전성=0.975, 운영제외리스크=0.000, 검증필요리스크=0.308",순위 5단계 하락 / 최종점수 -0.000
1662,1791,UCfk0jkY2XMY-31mfSTJ12sQ,선드 SEOND,음악·보이스형,성우,2060.0,5859.1,0.0080175833139221,0.384678091205113,0.2936690064794816,0.4576407938146927,0.0869330453563714,0.4203721168874098,0.98208,보류,False,,성장성 신뢰도 양호,수집 영상 수 부족,"최종=0.385, 채널력=0.294, 성장성=0.458, 팬밀도=0.087, 라이브=0.420, 실전성=0.982, 운영제외리스크=0.000, 검증필요리스크=0.224",순위 1단계 하락 / 최종점수 -0.001 / 성장성 -0.001
1663,1792,UCyQcJJlovS6vh9CVyn0TnUQ,기유일주,음악·보이스형,ASMR보이스,1320.0,620.9,0.012123331524478,0.3843803421166307,0.2090442764578833,0.5,0.1673866090712743,0.3960583153347732,0.97536,보류,False,,뚜렷한 강점 신호 부족,성장성 신뢰도 낮음,"최종=0.384, 채널력=0.209, 성장성=0.500, 팬밀도=0.167, 라이브=0.396, 실전성=0.975, 운영제외리스크=0.000, 검증필요리스크=0.308",순위 10단계 하락 / 최종점수 -0.003
1664,1793,UC21qeyfnviQ-WGAbocrpTlg,공쌤뮤직,음악·보이스형,애니송커버,2900.0,475.5,0.0037747541636247,0.3842544586645364,0.3587742980561554,0.3742303366541943,0.0340172786177105,0.4203721168874098,1.0,보류,False,,실전성 리스크 낮음 / 성장성 신뢰도 양호,주요 자동 리스크 낮음,"최종=0.384, 채널력=0.359, 성장성=0.374, 팬밀도=0.034, 라이브=0.420, 실전성=1.000, 운영제외리스크=0.000, 검증필요리스크=0.000",순위 1단계 상승 / 최종점수 +0.002 / 성장성 +0.000
1665,1794,UCX5kb4U0an1a1122FCkk1RQ,해야 일러스트,창작·비주얼형,일러스트리깅,53100.0,913.6,0.003891915464593,0.3841635494600433,0.3408882289416847,0.5,0.0345572354211663,0.3960583153347732,0.97536,보류,False,,뚜렷한 강점 신호 부족,성장성 신뢰도 낮음,"최종=0.384, 채널력=0.341, 성장성=0.500, 팬밀도=0.035, 라이브=0.396, 실전성=0.975, 운영제외리스크=0.000, 검증필요리스크=0.308",순위 3단계 하락 / 최종점수 -0.000
1666,1795,UClyujSkDmncThlzEmaA5CUg,소나기온다,버츄얼 퍼포먼스형,버튜버,1120.0,5553.1,0.0078759220952028,0.3840031822894169,0.2904832613390928,0.5,0.0842332613390928,0.3960583153347732,0.97536,보류,False,,뚜렷한 강점 신호 부족,성장성 신뢰도 낮음,"최종=0.384, 채널력=0.290, 성장성=0.500, 팬밀도=0.084, 라이브=0.396, 실전성=0.975, 운영제외리스크=0.000, 검증필요리스크=0.308",순위 3단계 하락 / 최종점수 -0.001
1667,1798,UCPDyH2gBCrg1YUdqnYptNiA,커피한잔,음악·보이스형,ASMR보이스,1100.0,16478.9,0.0077100694581679,0.3814403485171645,0.3800350971922246,0.3471493770874464,0.0804535637149028,0.4203721168874098,0.99104,보류,False,,성장성 신뢰도 양호,주요 자동 리스크 낮음,"최종=0.381, 채널력=0.380, 성장성=0.347, 팬밀도=0.080, 라이브=0.420, 실전성=0.991, 운영제외리스크=0.000, 검증필요리스크=0.112",순위 3단계 하락 / 최종점수 -0.001 / 성장성 -0.000
1668,1799,UCMYGbvSBB4l2PRsuqYkaqUw,즐기는 인생,음악·보이스형,ASMR보이스,1060.0,771.0,0.008390393895847,0.3806464644993761,0.1675350971922246,0.4968538024173137,0.0988120950323974,0.4203721168874098,0.99104,보류,False,,성장성 신뢰도 양호,주요 자동 리스크 낮음,"최종=0.381, 채널력=0.168, 성장성=0.497, 팬밀도=0.099, 라이브=0.420, 실전성=0.991, 운영제외리스크=0.000, 검증필요리스크=0.112",순위 12단계 하락 / 최종점수 -0.006 / 성장성 -0.000
1669,1801,UCMCUUKahqQ3Dd51BvvBk3vA,마음을 치유하는  감성공감창고 mongblock99,음악·보이스형,보컬로이드JPOP커버,37300.0,599.3,0.0072707108525248,0.3782596617710583,0.277335313174946,0.5,0.0712742980561555,0.3960583153347732,0.97536,보류,False,,뚜렷한 강점 신호 부족,성장성 신뢰도 낮음,"최종=0.378, 채널력=0.277, 성장성=0.500, 팬밀도=0.071, 라이브=0.396, 실전성=0.975, 운영제외리스크=0.000, 검증필요리스크=0.308",순위 1단계 하락 / 최종점수 -0.001
1670,1802,UC6W3FebZmtQFnJmVlMPbf2A,겨울,창작·비주얼형,코스프레,1260.0,550.4,0.010921266371627,0.3770093917926566,0.2003779697624189,0.5,0.142548596112311,0.3960583153347732,0.97536,보류,False,,뚜렷한 강점 신호 부족,성장성 신뢰도 낮음,"최종=0.377, 채널력=0.200, 성장성=0.500, 팬밀도=0.143, 라이브=0.396, 실전성=0.975, 운영제외리스크=0.000, 검증필요리스크=0.308",순위 14단계 상승 / 최종점수 +0.014
1671,1804,UCb5jRWg_DQDmgreTNyiztfQ,CJ온스타일 라이브쇼,창작·비주얼형,코스프레,115000.0,420.8,0.0013234391807294,0.376306991784092,0.2809260259179265,0.456749082676674,0.0167386609071274,0.4203721168874098,0.99104,보류,False,,성장성 신뢰도 양호,주요 자동 리스크 낮음,"최종=0.376, 채널력=0.281, 성장성=0.457, 팬밀도=0.017, 라이브=0.420, 실전성=0.991, 운영제외리스크=0.000, 검증필요리스크=0.112",순위 15단계 하락 / 최종점수 -0.009 / 성장성 +0.000
1672,1806,UCWhtpiisXtnuEtK_qGoKmPA,그림 쀼,음악·보이스형,보컬로이드JPOP커버,2230.0,13749.0,0.0168239265872961,0.3740140535527327,0.4122705183585313,0.150926906779661,0.2807775377969762,0.3960583153347732,0.99104,보류,False,,성장성 신뢰도 양호,주요 자동 리스크 낮음,"최종=0.374, 채널력=0.412, 성장성=0.151, 팬밀도=0.281, 라이브=0.396, 실전성=0.991, 운영제외리스크=0.000, 검증필요리스크=0.112",순위 2단계 하락 / 최종점수 -0.001 / 성장성 -0.000
1673,1807,UCKG6Lb7WWef13duRgC8ocmQ,알잘딱깔센뮤직,음악·보이스형,애니송커버,3960.0,853.7,0.0045762281927753,0.3737630084271432,0.2530372570194384,0.4504847021284844,0.0410367170626349,0.4203721168874098,0.99104,보류,False,,성장성 신뢰도 양호,주요 자동 리스크 낮음,"최종=0.374, 채널력=0.253, 성장성=0.450, 팬밀도=0.041, 라이브=0.420, 실전성=0.991, 운영제외리스크=0.000, 검증필요리스크=0.112",순위 1단계 상승 / 최종점수 +0.003 / 성장성 +0.000
1674,1808,UCLLcwo6DeGCFKASFSQd0c6g,뮤묘,버츄얼 퍼포먼스형,버튜버,1120.0,1783.9,0.0345793419747919,0.373434755405059,0.2027672786177105,0.0440677966101694,0.6236501079913607,0.3960583153347732,0.99104,보류,False,,성장성 신뢰도 양호,주요 자동 리스크 낮음,"최종=0.373, 채널력=0.203, 성장성=0.044, 팬밀도=0.624, 라이브=0.396, 실전성=0.991, 운영제외리스크=0.000, 검증필요리스크=0.112",순위 3단계 하락 / 최종점수 -0.001 / 성장성 -0.000
1675,1809,UCY-g0BKhYANN-aBgPRs1B1g,메유_MEYU,음악·보이스형,ASMR보이스,1120.0,10120.8,0.0067039993319922,0.3715729983573009,0.3439389848812095,0.3555431357729074,0.0610151187904967,0.4203721168874098,0.99104,보류,False,,성장성 신뢰도 양호,주요 자동 리스크 낮음,"최종=0.372, 채널력=0.344, 성장성=0.356, 팬밀도=0.061, 라이브=0.420, 실전성=0.991, 운영제외리스크=0.000, 검증필요리스크=0.112",순위 2단계 하락 / 최종점수 +0.000 / 성장성 +0.001
1676,1810,UCRv369Cg_qg57Gy89uuLopg,일터뷰 쇼츠,음악·보이스형,ASMR보이스,1440.0,1039.6,0.0017544053995806,0.3713840546449454,0.3610151187904967,0.5015129110057012,0.0172786177105831,0.4203721168874098,0.956,보류,False,,성장성 신뢰도 양호,리믹스/쇼츠/플레이리스트/재업로드성 채널 의심,"최종=0.371, 채널력=0.361, 성장성=0.502, 팬밀도=0.017, 라이브=0.420, 실전성=0.956, 운영제외리스크=0.220, 검증필요리스크=0.000",순위 4단계 하락 / 최종점수 -0.001 / 성장성 -0.000
1677,1811,UCp1yyNR5mKReUDawZadeZNA,정주행,음악·보이스형,성우더빙,3480.0,87.4,0.0,0.3710770373714075,0.1522138228941684,0.5502322368492062,0.0026997840172786,0.4203721168874098,0.99104,보류,False,,성장성 신뢰도 양호,주요 자동 리스크 낮음,"최종=0.371, 채널력=0.152, 성장성=0.550, 팬밀도=0.003, 라이브=0.420, 실전성=0.991, 운영제외리스크=0.000, 검증필요리스크=0.112",최종점수 +0.001 / 성장성 +0.000
1678,1812,UCh3YMjHmDX-R7Zi7pWSNtbw,도쿄하이볼,음악·보이스형,일렉기타연주,7020.0,2770.7,0.0081883988769838,0.3699924864365241,0.2924001079913606,0.4032194346056776,0.0907127429805615,0.4203721168874098,0.98208,보류,False,,성장성 신뢰도 양호,수집 영상 수 부족,"최종=0.370, 채널력=0.292, 성장성=0.403, 팬밀도=0.091, 라이브=0.420, 실전성=0.982, 운영제외리스크=0.000, 검증필요리스크=0.224",순위 3단계 하락 / 최종점수 -0.001 / 성장성 -0.000
1679,1813,UCkDHmxrOkPYYKgQde3VKRTA,토성커피,창작·비주얼형,코스프레,2350.0,2139.6,0.0024262199602284,0.3643492946004319,0.2648623110151187,0.5,0.0205183585313174,0.3960583153347732,0.97536,보류,False,,뚜렷한 강점 신호 부족,성장성 신뢰도 낮음,"최종=0.364, 채널력=0.265, 성장성=0.500, 팬밀도=0.021, 라이브=0.396, 실전성=0.975, 운영제외리스크=0.000, 검증필요리스크=0.308",최종점수 -0.000
1680,1814,UCJvVdQufdewo3BH2szSmNBw,JAMMER LINEN 잼머 린넨,창작·비주얼형,코스프레,8770.0,865.9,0.0064385399105997,0.3642307288895458,0.3575998920086393,0.3425286237136463,0.0599352051835853,0.3097666191162359,1.0,보류,False,,실전성 리스크 낮음 / 성장성 신뢰도 양호,주요 자동 리스크 낮음,"최종=0.364, 채널력=0.358, 성장성=0.343, 팬밀도=0.060, 라이브=0.310, 실전성=1.000, 운영제외리스크=0.000, 검증필요리스크=0.000",순위 2단계 하락 / 최종점수 -0.004 / 성장성 -0.000
1681,1815,UCdeqtG-f7N-2QG7u_R8LUaw,눈사람임,음악·보이스형,애니송커버,6890.0,8876.4,0.0075518773454738,0.3639312502382957,0.499622030237581,0.1927769804265684,0.0777537796976241,0.4203721168874098,0.99104,보류,False,,성장성 신뢰도 양호,주요 자동 리스크 낮음,"최종=0.364, 채널력=0.500, 성장성=0.193, 팬밀도=0.078, 라이브=0.420, 실전성=0.991, 운영제외리스크=0.000, 검증필요리스크=0.112",최종점수 -0.000 / 성장성 -0.000
1682,1817,UCry1IYKjW0SOIMD_hUAGsrA,다솔 AI 뮤직스,,커버기타,3530.0,13863.0,0.000239131598382,0.3618925296253046,0.6200863930885528,0.2872093558985298,0.0064794816414686,0.4203721168874098,0.95272,보류,False,,성장성 신뢰도 양호,AI/뉴스/자동생성성 채널 의심 / 상위 세그먼트 불명확,"최종=0.362, 채널력=0.620, 성장성=0.287, 팬밀도=0.006, 라이브=0.420, 실전성=0.953, 운영제외리스크=0.200, 검증필요리스크=0.091",순위 1단계 상승 / 최종점수 +0.000 / 성장성 -0.000
1683,1818,UCvHTL66g3Id0CPAyeX8Sv6g,bottle-cloud KR(보틀클라우드),음악·보이스형,애니송커버,1650.0,772.3,0.0072812106678699,0.3615398993520519,0.2007964362850971,0.5,0.0718142548596112,0.3960583153347732,0.97536,보류,False,,뚜렷한 강점 신호 부족,성장성 신뢰도 낮음,"최종=0.362, 채널력=0.201, 성장성=0.500, 팬밀도=0.072, 라이브=0.396, 실전성=0.975, 운영제외리스크=0.000, 검증필요리스크=0.308",순위 1단계 하락 / 최종점수 -0.001
1684,1819,UClL7qBJJxOjFMZCXzjKQ76A,산수살롱,음악·보이스형,ASMR보이스,1060.0,3367.8,0.0027593428990525,0.3614448669546436,0.2489605831533477,0.5,0.0232181425485961,0.3960583153347732,0.97536,보류,False,,뚜렷한 강점 신호 부족,성장성 신뢰도 낮음,"최종=0.361, 채널력=0.249, 성장성=0.500, 팬밀도=0.023, 라이브=0.396, 실전성=0.975, 운영제외리스크=0.000, 검증필요리스크=0.308",최종점수 -0.000
1685,1820,UC6dD2TzW6FT2pFE5NFrQZdw,노래하는 법무사,,커버기타,1310.0,119.6,0.000212314225053,0.361344466008284,0.3813444924406047,0.3261163024067022,0.0059395248380129,0.4203721168874098,0.99272,보류,False,,성장성 신뢰도 양호,상위 세그먼트 불명확,"최종=0.361, 채널력=0.381, 성장성=0.326, 팬밀도=0.006, 라이브=0.420, 실전성=0.993, 운영제외리스크=0.000, 검증필요리스크=0.091",순위 3단계 상승 / 최종점수 +0.004 / 성장성 -0.000
1686,1823,UC20fjxnNqX_lgCfbPMsmTng,가디언 사육사의 슬롯이야기,창작·비주얼형,코스프레,9940.0,3.7,0.0,0.3581870375809936,0.254670626349892,0.5,0.0026997840172786,0.3960583153347732,0.97536,보류,False,,뚜렷한 강점 신호 부족,성장성 신뢰도 낮음,"최종=0.358, 채널력=0.255, 성장성=0.500, 팬밀도=0.003, 라이브=0.396, 실전성=0.975, 운영제외리스크=0.000, 검증필요리스크=0.308",순위 1단계 하락 / 최종점수 -0.000
1687,1824,UCGFSV2rylvq1cIgsPhp96Yg,카톡해,창작·비주얼형,코스프레,9310.0,683.4,0.0126423799035379,0.3571302854889071,0.2406722462203023,0.2909162763308652,0.1808855291576674,0.4203721168874098,0.99104,보류,False,,성장성 신뢰도 양호,주요 자동 리스크 낮음,"최종=0.357, 채널력=0.241, 성장성=0.291, 팬밀도=0.181, 라이브=0.420, 실전성=0.991, 운영제외리스크=0.000, 검증필요리스크=0.112",순위 7단계 상승 / 최종점수 +0.012 / 성장성 -0.000
1688,1825,UCwsKk7dwj7OWZ3NVRwbkalA,JPOP마당,음악·보이스형,JPOP커버,1560.0,11630.8,0.0086111080178884,0.3568719548341437,0.4494600431965442,0.1870383675592253,0.1031317494600431,0.4203721168874098,0.99104,보류,False,,성장성 신뢰도 양호,주요 자동 리스크 낮음,"최종=0.357, 채널력=0.449, 성장성=0.187, 팬밀도=0.103, 라이브=0.420, 실전성=0.991, 운영제외리스크=0.000, 검증필요리스크=0.112",순위 1단계 하락 / 최종점수 +0.000 / 성장성 -0.000
1689,1828,UCd0miJuNLuASFJkjIuLcO9g,보니샵,창작·비주얼형,일러스트리깅,1610.0,1408.2,0.0082330360733269,0.3512529447084233,0.24588282937365,0.5,0.0923326133909287,0.3960583153347732,0.95136,보류,False,,뚜렷한 강점 신호 부족,상업/판매/브랜드 채널 의심 / 성장성 신뢰도 낮음,"최종=0.351, 채널력=0.246, 성장성=0.500, 팬밀도=0.092, 라이브=0.396, 실전성=0.951, 운영제외리스크=0.120, 검증필요리스크=0.308",순위 1단계 하락 / 최종점수 -0.000
1690,1831,UChE_wYvWjjdmmDsCvZoiQMg,문자예술 서예 방송 재완서예연구소,창작·비주얼형,일러스트리깅,4810.0,1137.3,0.0129200140850879,0.3455977335531092,0.355359071274298,0.4289292819905811,0.1862850971922246,0.4203721168874098,0.776,보류,False,,성장성 신뢰도 양호,기관/대학/방송사/공식 채널 의심,"최종=0.346, 채널력=0.355, 성장성=0.429, 팬밀도=0.186, 라이브=0.420, 실전성=0.776, 운영제외리스크=0.320, 검증필요리스크=0.000",순위 2단계 상승 / 최종점수 +0.004 / 성장성 +0.001
1691,1832,UC_qPm65NNMegGBHtiDFAPlA,코스프레가발ㅡ위그매냐^^,창작·비주얼형,코스프레,1280.0,516.3,0.0071602207654499,0.3425861288106469,0.1641603671706263,0.4747709157783008,0.0696544276457883,0.4203721168874098,0.96704,보류,False,,성장성 신뢰도 양호,상업/판매/브랜드 채널 의심,"최종=0.343, 채널력=0.164, 성장성=0.475, 팬밀도=0.070, 라이브=0.420, 실전성=0.967, 운영제외리스크=0.120, 검증필요리스크=0.112",최종점수 -0.000 / 성장성 +0.000
1692,1833,UCFg9I5j58_7fktN2xxFcfiw,안이상한 고양이,,서브컬쳐게임,2020.0,431.2,0.0056042170854534,0.3379835857451403,0.1516333693304535,0.5,0.0512958963282937,0.3960583153347732,0.96808,보류,False,,뚜렷한 강점 신호 부족,상위 세그먼트 불명확 / 성장성 신뢰도 낮음,"최종=0.338, 채널력=0.152, 성장성=0.500, 팬밀도=0.051, 라이브=0.396, 실전성=0.968, 운영제외리스크=0.000, 검증필요리스크=0.399",순위 1단계 상승 / 최종점수 -0.001
1693,1834,UC8gF2atfvul_kt3LoGqparw,상여자루다,버츄얼 퍼포먼스형,버튜버,3700.0,17.4,0.0,0.3353116112147125,0.1455318574514038,0.4277486877088962,0.0026997840172786,0.4203721168874098,0.99104,보류,False,,성장성 신뢰도 양호,주요 자동 리스크 낮음,"최종=0.335, 채널력=0.146, 성장성=0.428, 팬밀도=0.003, 라이브=0.420, 실전성=0.991, 운영제외리스크=0.000, 검증필요리스크=0.112",순위 1단계 상승 / 최종점수 -0.001 / 성장성 -0.000
1694,1836,UCWUpVFn50QilQ1wYaBnQ94Q,"bj한강철교[게임,대중교통,엘리베이터 채널]",음악·보이스형,성우,2680.0,70.5,0.0,0.3325865724033946,0.3196544276457883,0.2450458153728873,0.0026997840172786,0.4203721168874098,1.0,보류,False,,실전성 리스크 낮음 / 성장성 신뢰도 양호,주요 자동 리스크 낮음,"최종=0.333, 채널력=0.320, 성장성=0.245, 팬밀도=0.003, 라이브=0.420, 실전성=1.000, 운영제외리스크=0.000, 검증필요리스크=0.000",순위 1단계 상승 / 최종점수 -0.000 / 성장성 +0.000
1695,1839,UCM1R84I8A0E4LsfgXyaNNoQ,계란말이♡,음악·보이스형,애니송커버,1380.0,480.2,0.0113451114193893,0.323424024380153,0.2023488120950323,0.2227091342963613,0.1528077753779697,0.4203721168874098,0.99104,보류,False,,성장성 신뢰도 양호,주요 자동 리스크 낮음,"최종=0.323, 채널력=0.202, 성장성=0.223, 팬밀도=0.153, 라이브=0.420, 실전성=0.991, 운영제외리스크=0.000, 검증필요리스크=0.112",순위 2단계 상승 / 최종점수 +0.001 / 성장성 +0.000
1696,1841,UCiJR8a7HA8n5MBWBeBnYgVw,성한준,,커버기타,6460.0,1027.0,0.0052988592326037,0.3206895268953398,0.5283612311015119,0.0440677966101694,0.0496760259179265,0.3960583153347732,0.99272,보류,False,,성장성 신뢰도 양호,상위 세그먼트 불명확,"최종=0.321, 채널력=0.528, 성장성=0.044, 팬밀도=0.050, 라이브=0.396, 실전성=0.993, 운영제외리스크=0.000, 검증필요리스크=0.091",순위 1단계 상승 / 최종점수 +0.000 / 성장성 -0.000
1697,1842,UCwQEagePAkPD2LliWp9vuKg,데끼,게임 실황형,블루아카이브,1360.0,2166.5,0.0141713404236658,0.3166833484277189,0.1899163066954643,0.4715042372881355,0.2143628509719222,0.3960583153347732,0.8424,보류,False,,뚜렷한 강점 신호 부족,팬/클립/아카이브 채널 의심 / 수집 영상 수 부족 / 성장성 신뢰도 낮음,"최종=0.317, 채널력=0.190, 성장성=0.472, 팬밀도=0.214, 라이브=0.396, 실전성=0.842, 운영제외리스크=0.220, 검증필요리스크=0.420",순위 2단계 상승 / 최종점수 +0.000 / 성장성 -0.000
1698,1845,UC0MBWtkFSmkyvmliUuPDUxQ,이사오상(Isaosan),,커버기타,1350.0,3319.3,0.0069986683079619,0.3134614645959387,0.3372030237580993,0.1792804704573359,0.0653347732181425,0.4203721168874098,0.98376,보류,False,,성장성 신뢰도 양호,상위 세그먼트 불명확,"최종=0.313, 채널력=0.337, 성장성=0.179, 팬밀도=0.065, 라이브=0.420, 실전성=0.984, 운영제외리스크=0.000, 검증필요리스크=0.203",순위 1단계 상승 / 최종점수 -0.001 / 성장성 -0.000
1699,1846,UC8AEcWvvhIml3HnsA7SxO-w,승교덕,음악·보이스형,성우,1120.0,38.6,0.011338100102145,0.3109661844290625,0.033760799136069,0.3472631107129386,0.152267818574514,0.4203721168874098,0.98208,보류,False,,성장성 신뢰도 양호,수집 영상 수 부족,"최종=0.311, 채널력=0.034, 성장성=0.347, 팬밀도=0.152, 라이브=0.420, 실전성=0.982, 운영제외리스크=0.000, 검증필요리스크=0.224",순위 17단계 하락 / 최종점수 -0.036 / 성장성 +0.000
1700,1847,UChoZfdApgh_Y3l7Y6N9hNfw,수인씽 Sooin's Notes,음악·보이스형,보컬로이드JPOP커버,9140.0,413.8,0.0002885410921125,0.2948755883271464,0.2890928725701944,0.1667181138355306,0.0075593952483801,0.4203721168874098,0.99104,보류,False,,성장성 신뢰도 양호,주요 자동 리스크 낮음,"최종=0.295, 채널력=0.289, 성장성=0.167, 팬밀도=0.008, 라이브=0.420, 실전성=0.991, 운영제외리스크=0.000, 검증필요리스크=0.112",최종점수 -0.000 / 성장성 -0.000
1701,1849,UCMfYouxtt6_8KNpEz4WWqLA,예송이비인후과음성센터 (예송음성센터),음악·보이스형,ASMR보이스,2700.0,924.9,0.0035899727936472,0.2896604828824541,0.3108936285097192,0.435884533898305,0.0302375809935205,0.3960583153347732,0.7670399999999999,보류,False,,뚜렷한 강점 신호 부족,기관/대학/방송사/공식 채널 의심,"최종=0.290, 채널력=0.311, 성장성=0.436, 팬밀도=0.030, 라이브=0.396, 실전성=0.767, 운영제외리스크=0.320, 검증필요리스크=0.112",최종점수 +0.003 / 성장성 -0.000
1702,327,UCaLrC_zuUOoy8VWC4driisg,Haru,음악·보이스형,커버,20200.0,52554.7,0.0322759532258486,0.6246005513801869,0.8411447084233261,0.5369372089725073,0.5863930885529157,0.4203721168874098,0.9688,제외,False,,최종점수 상위 20%,한국 타깃 적합성 낮음,"최종=0.625, 채널력=0.841, 성장성=0.537, 팬밀도=0.586, 라이브=0.420, 실전성=0.969, 운영제외리스크=0.120, 검증필요리스크=0.090",순위 3단계 하락 / 최종점수 -0.001 / 성장성 +0.001
1703,337,UCSi3eBG6jQfAqOHbfYAhroA,Zunbird ASMR,음악·보이스형,ASMR,62900.0,13721.0,0.0501382848812247,0.6232614583412698,0.5257424406047516,0.5010240176692446,0.7861771058315334,0.7155548878526568,0.95984,제외,False,,최종점수 상위 20% / 라이브친화도 상위권 / 성장성 신뢰도 양호,한국 타깃 적합성 낮음,"최종=0.623, 채널력=0.526, 성장성=0.501, 팬밀도=0.786, 라이브=0.716, 실전성=0.960, 운영제외리스크=0.120, 검증필요리스크=0.202",순위 12단계 하락 / 최종점수 -0.002 / 성장성 +0.001
1704,366,UCyd4b8decPS_CjWHkARdeLg,Walking Dream,음악·보이스형,성우더빙,9900.0,3543.9,0.0575796484463254,0.6190320087474881,0.6426700863930885,0.4752925758427673,0.838012958963283,0.4203721168874098,0.9688,제외,False,,최종점수 상위 20% / 팬밀도 상위권 / 성장성 신뢰도 양호,한국 타깃 적합성 낮음,"최종=0.619, 채널력=0.643, 성장성=0.475, 팬밀도=0.838, 라이브=0.420, 실전성=0.969, 운영제외리스크=0.120, 검증필요리스크=0.090",순위 3단계 하락 / 최종점수 -0.000 / 성장성 -0.000
1705,392,UCXTRHT-NIoCmzi7-0LsAHDQ,Dylan Emily,음악·보이스형,보컬로이드JPOP커버,138000.0,78180.9,0.057116389743794,0.6161110107591616,0.7048056155507559,0.4892081708088646,0.8369330453563715,0.4203721168874098,0.95088,제외,False,,팬밀도 상위권,한국 타깃 적합성 낮음,"최종=0.616, 채널력=0.705, 성장성=0.489, 팬밀도=0.837, 라이브=0.420, 실전성=0.951, 운영제외리스크=0.120, 검증필요리스크=0.314",순위 7단계 하락 / 최종점수 +0.000 / 성장성 +0.000
1706,420,UCAxwzlxHVF55_zzz0iyhBHQ,listener0221,음악·보이스형,애니송커버,8370.0,5767.3,0.0593821795986288,0.6112406522678187,0.5837473002159828,0.5,0.8466522678185745,0.3960583153347732,0.9688,제외,False,,팬밀도 상위권,한국 타깃 적합성 낮음,"최종=0.611, 채널력=0.584, 성장성=0.500, 팬밀도=0.847, 라이브=0.396, 실전성=0.969, 운영제외리스크=0.120, 검증필요리스크=0.090",순위 29단계 하락 / 최종점수 -0.004 / 버킷 변경: 검증필요 → 제외
1707,440,UC_xzTYuctGZ5zHUWxOfY4Kw,zino asmr,음악·보이스형,ASMR보이스,49600.0,10631.8,0.0474614417692212,0.6076351874530568,0.6876619870410368,0.4905515942065305,0.7678185745140389,0.4203721168874098,0.95984,제외,False,,뚜렷한 강점 신호 부족,한국 타깃 적합성 낮음,"최종=0.608, 채널력=0.688, 성장성=0.491, 팬밀도=0.768, 라이브=0.420, 실전성=0.960, 운영제외리스크=0.120, 검증필요리스크=0.202",순위 10단계 하락 / 최종점수 -0.001 / 성장성 -0.000
1708,450,UCofeVpB7pRjurJ6Aeejf3CQ,Eraing ASMR,음악·보이스형,ASMR,237000.0,28065.4,0.0363713767265318,0.6060781617763551,0.7794276457883369,0.468791834191775,0.6506479481641468,0.4203721168874098,0.9688,제외,False,,성장성 신뢰도 양호,한국 타깃 적합성 낮음,"최종=0.606, 채널력=0.779, 성장성=0.469, 팬밀도=0.651, 라이브=0.420, 실전성=0.969, 운영제외리스크=0.120, 검증필요리스크=0.090",순위 2단계 하락 / 최종점수 -0.000 / 성장성 -0.000
1709,477,UC2-djNIV0vfmyafSgMDHe2Q,Linghe,음악·보이스형,ASMR보이스,5880.0,27033.8,0.04021113649452,0.6030500475161988,0.6879859611231102,0.5,0.7051835853131749,0.3960583153347732,0.9688,제외,False,,성장성 신뢰도 양호,한국 타깃 적합성 낮음,"최종=0.603, 채널력=0.688, 성장성=0.500, 팬밀도=0.705, 라이브=0.396, 실전성=0.969, 운영제외리스크=0.120, 검증필요리스크=0.090",최종점수 +0.000
1710,506,UC_SescfJ3NPoiFkYbnKnoqQ,わんこそばOne-Co Soba Noodles,음악·보이스형,ASMR보이스,904000.0,109546.9,0.0362318915528252,0.6002232730659265,0.8455993520518359,0.4588122517100684,0.6495680345572354,0.4203721168874098,0.86464,제외,False,,성장성 신뢰도 양호,한국 타깃 적합성 낮음,"최종=0.600, 채널력=0.846, 성장성=0.459, 팬밀도=0.650, 라이브=0.420, 실전성=0.865, 운영제외리스크=0.136, 검증필요리스크=0.102",순위 12단계 하락 / 최종점수 -0.001 / 성장성 +0.001
1711,541,UCM8GJueHmsGCVEiS72BqooQ,niesuroseter,창작·비주얼형,코스프레,6500.0,91051.5,0.0491324705014024,0.5972907982721384,0.633855291576674,0.5,0.7791576673866091,0.3960583153347732,0.95984,제외,False,,성장성 신뢰도 양호,한국 타깃 적합성 낮음,"최종=0.597, 채널력=0.634, 성장성=0.500, 팬밀도=0.779, 라이브=0.396, 실전성=0.960, 운영제외리스크=0.120, 검증필요리스크=0.202",순위 9단계 하락 / 최종점수 -0.001
1712,551,UCbwccxERsA8vUT6UGM5WZFA,Stoney Choi,음악·보이스형,ASMR,3980000.0,1735681.7,0.0310605614608255,0.5956644178593201,0.9812365010799136,0.3847991356914115,0.5674946004319654,0.4203721168874098,0.8688,제외,False,,성장성 신뢰도 양호,한국 타깃 적합성 낮음,"최종=0.596, 채널력=0.981, 성장성=0.385, 팬밀도=0.567, 라이브=0.420, 실전성=0.869, 운영제외리스크=0.120, 검증필요리스크=0.090",순위 22단계 하락 / 최종점수 -0.003 / 성장성 +0.001
1713,576,UCmlg6LzWthydMnUVktQi4GQ,멜 メル,창작·비주얼형,코스프레,1940.0,12471.0,0.0563182843814064,0.5927436915766737,0.5818034557235421,0.5,0.8304535637149028,0.3960583153347732,0.95568,제외,False,,팬밀도 상위권,한국 타깃 적합성 낮음,"최종=0.593, 채널력=0.582, 성장성=0.500, 팬밀도=0.830, 라이브=0.396, 실전성=0.956, 운영제외리스크=0.136, 검증필요리스크=0.214",순위 8단계 하락 / 최종점수 -0.000
1714,614,UCimq5qQtbclDlYGdEngt6CQ,Cracker ASMR,음악·보이스형,ASMR보이스,102000.0,136930.5,0.0526704364252023,0.5869230228485309,0.6476106911447084,0.4208963395637086,0.8023758099352052,0.4203721168874098,0.95984,제외,False,,팬밀도 상위권,한국 타깃 적합성 낮음,"최종=0.587, 채널력=0.648, 성장성=0.421, 팬밀도=0.802, 라이브=0.420, 실전성=0.960, 운영제외리스크=0.120, 검증필요리스크=0.202",순위 1단계 상승 / 최종점수 -0.000 / 성장성 -0.000
1715,626,UCF0iu2lxxyNW4ZMAmA5oJiA,두간 ドゥガン,음악·보이스형,성우더빙,53000.0,2908.4,0.0537075084028037,0.586159611608156,0.6550755939524838,0.435884533898305,0.8088552915766739,0.3960583153347732,0.95568,제외,False,,팬밀도 상위권,한국 타깃 적합성 낮음,"최종=0.586, 채널력=0.655, 성장성=0.436, 팬밀도=0.809, 라이브=0.396, 실전성=0.956, 운영제외리스크=0.136, 검증필요리스크=0.214",순위 3단계 하락 / 최종점수 -0.000 / 성장성 -0.000
1716,678,UC5ScPjbt-a97AJO7SBj6nAg,Wall Su,게임 실황형,롤,735000.0,96250.7,0.0331085217997331,0.5803097952104198,0.840658747300216,0.4166570477059065,0.597732181425486,0.4203721168874098,0.8688,제외,False,,성장성 신뢰도 양호,한국 타깃 적합성 낮음,"최종=0.580, 채널력=0.841, 성장성=0.417, 팬밀도=0.598, 라이브=0.420, 실전성=0.869, 운영제외리스크=0.120, 검증필요리스크=0.090",순위 57단계 상승 / 최종점수 +0.008 / 성장성 +0.000
1717,703,UC9qwDE50UcXvdplRNZKEoPA,K tube,,서브컬쳐게임,53100.0,19591.0,0.0291072365416681,0.5766119218862993,0.7335583153347732,0.5282503665190216,0.5242980561555075,0.4203721168874098,0.96152,제외,False,,성장성 신뢰도 양호,한국 타깃 적합성 낮음 / 상위 세그먼트 불명확,"최종=0.577, 채널력=0.734, 성장성=0.528, 팬밀도=0.524, 라이브=0.420, 실전성=0.962, 운영제외리스크=0.120, 검증필요리스크=0.181",순위 231단계 상승 / 최종점수 +0.026 / 성장성 +0.000
1718,706,UCwiCTqm4c2sgf4LG4ZcJIqQ,Sachiro 475,음악·보이스형,JPOP커버,7390.0,4536.3,0.0379412027161825,0.5762676631448939,0.5604211663066955,0.518280719826097,0.6711663066954644,0.4203721168874098,0.9688,제외,False,,뚜렷한 강점 신호 부족,한국 타깃 적합성 낮음,"최종=0.576, 채널력=0.560, 성장성=0.518, 팬밀도=0.671, 라이브=0.420, 실전성=0.969, 운영제외리스크=0.120, 검증필요리스크=0.090",순위 12단계 하락 / 최종점수 -0.001 / 성장성 +0.000
1719,736,UCDsvIHJjQfNfcOiMxaZgdug,Lo285,음악·보이스형,보컬로이드JPOP커버,15300.0,75672.9,0.0360543863737608,0.5726398017050078,0.7719492440604752,0.3573662655938598,0.6479481641468683,0.4203721168874098,0.9688,제외,False,,성장성 신뢰도 양호,한국 타깃 적합성 낮음,"최종=0.573, 채널력=0.772, 성장성=0.357, 팬밀도=0.648, 라이브=0.420, 실전성=0.969, 운영제외리스크=0.120, 검증필요리스크=0.090",순위 28단계 하락 / 최종점수 -0.003 / 성장성 -0.000
1720,738,UCimPYjF6Hg673jFCvOCEpkQ,guide mi,음악·보이스형,ASMR보이스,1890.0,2098.8,0.0543604028652204,0.5724027700097402,0.3584368250539956,0.5503285405482803,0.8147948164146869,0.4203721168874098,0.9688,제외,False,,팬밀도 상위권 / 성장성 신뢰도 양호,한국 타깃 적합성 낮음,"최종=0.572, 채널력=0.358, 성장성=0.550, 팬밀도=0.815, 라이브=0.420, 실전성=0.969, 운영제외리스크=0.120, 검증필요리스크=0.090",순위 12단계 하락 / 최종점수 -0.001 / 성장성 -0.001
1721,747,UC7nBXEUBn6f-FrstEHn8Gog,Maylily ASMR,음악·보이스형,ASMR,102000.0,33607.8,0.0456841648064986,0.5713475168147591,0.5488255939524839,0.5197745646976463,0.7505399568034558,0.4203721168874098,0.95088,제외,False,,성장성 신뢰도 양호,한국 타깃 적합성 낮음 / 수집 영상 수 부족,"최종=0.571, 채널력=0.549, 성장성=0.520, 팬밀도=0.751, 라이브=0.420, 실전성=0.951, 운영제외리스크=0.120, 검증필요리스크=0.314",순위 4단계 하락 / 최종점수 -0.000 / 성장성 +0.002
1722,760,UCPZMRi_hWWgoGMQMGUxUnlQ,pard,,서브컬쳐게임,29700.0,11670.8,0.0248120431710757,0.5701784651432357,0.6870680345572354,0.4358762692339364,0.4422246220302376,0.738474168723263,0.96152,제외,False,,라이브친화도 상위권 / 성장성 신뢰도 양호,한국 타깃 적합성 낮음 / 상위 세그먼트 불명확,"최종=0.570, 채널력=0.687, 성장성=0.436, 팬밀도=0.442, 라이브=0.738, 실전성=0.962, 운영제외리스크=0.120, 검증필요리스크=0.181",순위 42단계 상승 / 최종점수 +0.005 / 성장성 +0.000
1723,766,UCd_lx82qUxx5Lg38Q4O3E4g,TeBsZzz Gaming,음악·보이스형,ASMR보이스,19700.0,7494.5,0.049921908055075,0.5695328742668071,0.4539011879049676,0.5249892985783788,0.7845572354211663,0.4203721168874098,0.95984,제외,False,,성장성 신뢰도 양호,한국 타깃 적합성 낮음,"최종=0.570, 채널력=0.454, 성장성=0.525, 팬밀도=0.785, 라이브=0.420, 실전성=0.960, 운영제외리스크=0.120, 검증필요리스크=0.202",순위 14단계 하락 / 최종점수 -0.001 / 성장성 -0.000
1724,771,UC85sbXEeLx5BnYnfRqo2nKw,KOREAN EXPOSER,음악·보이스형,ASMR보이스,2180.0,28871.2,0.0502668195952272,0.568674056999393,0.4621355291576674,0.5137552473996321,0.7867170626349892,0.4203721168874098,0.95984,제외,False,,뚜렷한 강점 신호 부족,한국 타깃 적합성 낮음,"최종=0.569, 채널력=0.462, 성장성=0.514, 팬밀도=0.787, 라이브=0.420, 실전성=0.960, 운영제외리스크=0.120, 검증필요리스크=0.202",순위 3단계 하락 / 최종점수 -0.001 / 성장성 -0.000
1725,842,UCaJG3-szIqCLYAfacqXmyNQ,Romi Mukbang,음악·보이스형,ASMR보이스,384000.0,5896654.0,0.0166845850627879,0.5614057177136517,0.8882829373650107,0.5637290325793742,0.2769978401727861,0.4203721168874098,0.8688,제외,False,,뚜렷한 강점 신호 부족,한국 타깃 적합성 낮음,"최종=0.561, 채널력=0.888, 성장성=0.564, 팬밀도=0.277, 라이브=0.420, 실전성=0.869, 운영제외리스크=0.120, 검증필요리스크=0.090",순위 4단계 하락 / 최종점수 -0.000 / 성장성 +0.000
1726,859,UCNQb0nE5YXqPO63JjJZKQMQ,ToKKa,음악·보이스형,보컬로이드JPOP커버,1470.0,12481.9,0.055840468564274,0.5596382011275031,0.487054535637149,0.4715042372881355,0.8255939524838013,0.3960583153347732,0.95312,제외,False,,팬밀도 상위권,한국 타깃 적합성 낮음 / 성장성 신뢰도 낮음,"최종=0.560, 채널력=0.487, 성장성=0.472, 팬밀도=0.826, 라이브=0.396, 실전성=0.953, 운영제외리스크=0.120, 검증필요리스크=0.286",순위 3단계 하락 / 최종점수 -0.000 / 성장성 -0.000
1727,864,UCzDrrIchQkUeRKDOOCY-nsQ,Blue Guppy Ch. 青グッピー,버츄얼 퍼포먼스형,버튜버,27900.0,11716.0,0.0443946922947492,0.5588952159403361,0.4587338012958963,0.5697949680850433,0.740280777537797,0.4203721168874098,0.94672,제외,False,,성장성 상위권 / 성장성 신뢰도 양호,한국 타깃 적합성 낮음 / 수집 영상 수 부족,"최종=0.559, 채널력=0.459, 성장성=0.570, 팬밀도=0.740, 라이브=0.420, 실전성=0.947, 운영제외리스크=0.136, 검증필요리스크=0.326",순위 11단계 하락 / 최종점수 -0.001 / 성장성 +0.001
1728,868,UC0zQbWFKPN2NvyiY2BQsWMw,Kozo,창작·비주얼형,일러스트리깅,1630.0,967.9,0.0364641586145846,0.5584793778097124,0.363633909287257,0.4925267389810135,0.6538876889848813,0.6638209285010541,0.9688,제외,False,,라이브친화도 상위권 / 성장성 신뢰도 양호,한국 타깃 적합성 낮음,"최종=0.558, 채널력=0.364, 성장성=0.493, 팬밀도=0.654, 라이브=0.664, 실전성=0.969, 운영제외리스크=0.120, 검증필요리스크=0.090",최종점수 +0.000 / 성장성 -0.000
1729,915,UC1JxMYOS5GAAMp7Go9u3uTQ,바란(バラン),버츄얼 퍼포먼스형,버튜버,2370.0,2809.5,0.0519731077502213,0.5535577589632831,0.4700593952483801,0.5,0.7985961123110151,0.3960583153347732,0.94896,제외,False,,뚜렷한 강점 신호 부족,한국 타깃 적합성 낮음 / 성장성 신뢰도 낮음,"최종=0.554, 채널력=0.470, 성장성=0.500, 팬밀도=0.799, 라이브=0.396, 실전성=0.949, 운영제외리스크=0.136, 검증필요리스크=0.298",순위 11단계 하락 / 최종점수 -0.001
1730,918,UC2Ql5-K5fYM1kiFPyy6DORw,Cn LifeTime Asmr,음악·보이스형,ASMR,117000.0,980.0,0.0255162667369005,0.5531416482023067,0.5726241900647948,0.591557911137283,0.4605831533477322,0.4203721168874098,0.9688,제외,False,,성장성 상위권 / 성장성 신뢰도 양호,한국 타깃 적합성 낮음,"최종=0.553, 채널력=0.573, 성장성=0.592, 팬밀도=0.461, 라이브=0.420, 실전성=0.969, 운영제외리스크=0.120, 검증필요리스크=0.090",순위 135단계 하락 / 최종점수 -0.015 / 성장성 +0.000
1731,920,UCjSo7iF2BHUaOWgdYnT_CmQ,PINKIE kpop,창작·비주얼형,코스프레,796000.0,382645.1,0.0318095432368731,0.552998411663067,0.6941009719222463,0.5,0.5766738660907127,0.3960583153347732,0.8598399999999999,제외,False,,성장성 신뢰도 양호,한국 타깃 적합성 낮음,"최종=0.553, 채널력=0.694, 성장성=0.500, 팬밀도=0.577, 라이브=0.396, 실전성=0.860, 운영제외리스크=0.120, 검증필요리스크=0.202",순위 36단계 하락 / 최종점수 -0.003
1732,930,UCbXPVzsVupmaXBgcLlnE-Iw,Chooey Music,음악·보이스형,애니송커버,5660.0,52395.3,0.0456222746722294,0.551511113174946,0.5354616630669546,0.5,0.75,0.3960583153347732,0.94416,제외,False,,뚜렷한 강점 신호 부족,한국 타깃 적합성 낮음 / 성장성 신뢰도 낮음,"최종=0.552, 채널력=0.535, 성장성=0.500, 팬밀도=0.750, 라이브=0.396, 실전성=0.944, 운영제외리스크=0.120, 검증필요리스크=0.398",순위 12단계 하락 / 최종점수 -0.001
1733,940,UC2zvQmDmTKccmEtDGT5y3BA,TEKOKITO,음악·보이스형,보컬로이드JPOP커버,29600.0,51774.0,0.0389648643382537,0.5508637049676026,0.5924541036717064,0.5,0.6900647948164147,0.3960583153347732,0.94416,제외,False,,뚜렷한 강점 신호 부족,한국 타깃 적합성 낮음 / 성장성 신뢰도 낮음,"최종=0.551, 채널력=0.592, 성장성=0.500, 팬밀도=0.690, 라이브=0.396, 실전성=0.944, 운영제외리스크=0.120, 검증필요리스크=0.398",순위 9단계 하락 / 최종점수 -0.000
1734,947,UCGW11fLQCAzx_a2cqT-USCA,soink,음악·보이스형,애니송커버,2650.0,25269.3,0.0528287096599645,0.550323144121939,0.4994465442764578,0.4057486702455034,0.8034557235421166,0.4203721168874098,0.95984,제외,False,,팬밀도 상위권 / 성장성 신뢰도 양호,한국 타깃 적합성 낮음,"최종=0.550, 채널력=0.499, 성장성=0.406, 팬밀도=0.803, 라이브=0.420, 실전성=0.960, 운영제외리스크=0.120, 검증필요리스크=0.202",순위 110단계 하락 / 최종점수 -0.012 / 성장성 +0.001 / 버킷 변경: 검증필요 → 제외
1735,951,UCHXdo_paDV7diMKXp32xTYg,배주한【 ジュハン 】,음악·보이스형,JPOP커버,5320.0,7087.5,0.0328248350985346,0.5499702859611232,0.6583963282937365,0.5,0.593952483801296,0.3960583153347732,0.94896,제외,False,,뚜렷한 강점 신호 부족,한국 타깃 적합성 낮음 / 성장성 신뢰도 낮음,"최종=0.550, 채널력=0.658, 성장성=0.500, 팬밀도=0.594, 라이브=0.396, 실전성=0.949, 운영제외리스크=0.136, 검증필요리스크=0.298",순위 19단계 하락 / 최종점수 -0.001
1736,955,UCy9UVm-UjHqcktvxg-sS4qQ,ryo (supercell),음악·보이스형,보컬로이드JPOP커버,478000.0,368169.6,0.035966963922298,0.5495942665226782,0.6889713822894168,0.5,0.6468682505399568,0.3960583153347732,0.84416,제외,False,,뚜렷한 강점 신호 부족,한국 타깃 적합성 낮음 / 성장성 신뢰도 낮음,"최종=0.550, 채널력=0.689, 성장성=0.500, 팬밀도=0.647, 라이브=0.396, 실전성=0.844, 운영제외리스크=0.120, 검증필요리스크=0.398",순위 17단계 하락 / 최종점수 -0.001
1737,1006,UCIVJ_P3bgfAICybvbRLzSNQ,Evan Toth,음악·보이스형,보컬로이드JPOP커버,1320.0,1195.0,0.0471026927385949,0.5424517642717682,0.3653887688984881,0.4782023398642245,0.7634989200863931,0.4203721168874098,0.9688,제외,False,,뚜렷한 강점 신호 부족,한국 타깃 적합성 낮음,"최종=0.542, 채널력=0.365, 성장성=0.478, 팬밀도=0.763, 라이브=0.420, 실전성=0.969, 운영제외리스크=0.120, 검증필요리스크=0.090",순위 21단계 하락 / 최종점수 -0.001 / 성장성 -0.000
1738,1026,UCPh3qoTaNWYpbUJToDq9vew,ZNCREW [ZNDANCE - MOKDONG],음악·보이스형,보컬로이드JPOP커버,18800.0,2958.1,0.0269710706604629,0.5399639297802826,0.5610421166306695,0.5323822429068206,0.4875809935205183,0.4203721168874098,0.9688,제외,False,,성장성 신뢰도 양호,한국 타깃 적합성 낮음,"최종=0.540, 채널력=0.561, 성장성=0.532, 팬밀도=0.488, 라이브=0.420, 실전성=0.969, 운영제외리스크=0.120, 검증필요리스크=0.090",순위 30단계 하락 / 최종점수 -0.003 / 성장성 +0.000
1739,1041,UCts0fal5vzWUcRH6xnemDbQ,Chaefims ASMR,음악·보이스형,ASMR,3470.0,16660.5,0.0319501773060836,0.5381282119266392,0.634962203023758,0.4715042372881355,0.5799136069114471,0.3960583153347732,0.95312,제외,False,,뚜렷한 강점 신호 부족,한국 타깃 적합성 낮음 / 성장성 신뢰도 낮음,"최종=0.538, 채널력=0.635, 성장성=0.472, 팬밀도=0.580, 라이브=0.396, 실전성=0.953, 운영제외리스크=0.120, 검증필요리스크=0.286",순위 21단계 하락 / 최종점수 -0.002 / 성장성 -0.000
1740,1045,UC9BmmY3J_Ftk2FN5AacXAkg,zigxc.,버츄얼 퍼포먼스형,버튜버,10500.0,33321.2,0.0345664149911784,0.5373892782332012,0.5746355291576675,0.4787635768600858,0.6225701943844493,0.4203721168874098,0.95088,제외,False,,뚜렷한 강점 신호 부족,한국 타깃 적합성 낮음,"최종=0.537, 채널력=0.575, 성장성=0.479, 팬밀도=0.623, 라이브=0.420, 실전성=0.951, 운영제외리스크=0.120, 검증필요리스크=0.314",순위 10단계 하락 / 최종점수 -0.001 / 성장성 +0.000
1741,1053,UCkCmV2ELzePBuDUDiFug2lg,夢乃しろこ / YUMENO SHIROKO,음악·보이스형,JPOP커버,5470.0,5495.9,0.051081550842666,0.5362046679229309,0.4159422246220302,0.4437940722808265,0.7942764578833693,0.4203721168874098,0.95568,제외,False,,뚜렷한 강점 신호 부족,한국 타깃 적합성 낮음,"최종=0.536, 채널력=0.416, 성장성=0.444, 팬밀도=0.794, 라이브=0.420, 실전성=0.956, 운영제외리스크=0.136, 검증필요리스크=0.214",순위 4단계 상승 / 최종점수 -0.000 / 성장성 -0.000
1742,1075,UCzyIObZqnITVHMh0l3DWQqg,Himikan Live2D,음악·보이스형,성우,3800.0,4070.1,0.0561864288202187,0.5338766639308856,0.3770113390928725,0.5,0.82829373650108,0.3960583153347732,0.94416,제외,False,,팬밀도 상위권,한국 타깃 적합성 낮음 / 성장성 신뢰도 낮음,"최종=0.534, 채널력=0.377, 성장성=0.500, 팬밀도=0.828, 라이브=0.396, 실전성=0.944, 운영제외리스크=0.120, 검증필요리스크=0.398",순위 9단계 상승 / 최종점수 +0.000
1743,1120,UCWeui8_zlYafRTtKtuBwxOQ,Truver Genshin,,서브컬쳐게임,8960.0,10692.7,0.0295445715957448,0.5291554634989202,0.6401187904967602,0.5,0.535097192224622,0.3960583153347732,0.94584,제외,False,,뚜렷한 강점 신호 부족,한국 타깃 적합성 낮음 / 상위 세그먼트 불명확 / 성장성 신뢰도 낮음,"최종=0.529, 채널력=0.640, 성장성=0.500, 팬밀도=0.535, 라이브=0.396, 실전성=0.946, 운영제외리스크=0.120, 검증필요리스크=0.377",순위 16단계 하락 / 최종점수 -0.001
1744,1123,UCukMSPQL4dQBlbeBXar4J3w,Jimmy ASMR,음악·보이스형,ASMR보이스,4370000.0,63093.0,0.0106408165506871,0.528734224839491,0.8303725701943845,0.6032758452858199,0.1360691144708423,0.4203721168874098,0.8688,제외,False,,성장성 상위권 / 성장성 신뢰도 양호,한국 타깃 적합성 낮음,"최종=0.529, 채널력=0.830, 성장성=0.603, 팬밀도=0.136, 라이브=0.420, 실전성=0.869, 운영제외리스크=0.120, 검증필요리스크=0.090",순위 22단계 하락 / 최종점수 -0.002 / 성장성 +0.000
1745,1126,UCFxQ3GE0eC8gFiF2XnSXAhw,lilymain,창작·비주얼형,코스프레,2740.0,4583.2,0.0301024431000818,0.5280924137300216,0.4043196544276458,0.4309307847822378,0.5485961123110151,0.738474168723263,0.95984,제외,False,,라이브친화도 상위권,한국 타깃 적합성 낮음,"최종=0.528, 채널력=0.404, 성장성=0.431, 팬밀도=0.549, 라이브=0.738, 실전성=0.960, 운영제외리스크=0.120, 검증필요리스크=0.202",순위 284단계 상승 / 최종점수 +0.039 / 성장성 -0.000
1746,1131,UCRd88OR1hT4IDdiUcSuWLrQ,HiyamiKuki ch. ASMR,음악·보이스형,ASMR,6130.0,7210.4,0.0540484381858639,0.5277490612651349,0.3638903887688984,0.4967430734952699,0.812634989200864,0.4203721168874098,0.94192,제외,False,,팬밀도 상위권,한국 타깃 적합성 낮음 / 수집 영상 수 부족,"최종=0.528, 채널력=0.364, 성장성=0.497, 팬밀도=0.813, 라이브=0.420, 실전성=0.942, 운영제외리스크=0.120, 검증필요리스크=0.426",순위 2단계 상승 / 최종점수 +0.000 / 성장성 +0.000
1747,1141,UCiInRcyGDys5dXBtdvvfJRA,Team-RA,음악·보이스형,성우,7590.0,16277.3,0.0278653651318318,0.5261322042647436,0.6663066954643628,0.435884533898305,0.5048596112311015,0.3960583153347732,0.95984,제외,False,,뚜렷한 강점 신호 부족,한국 타깃 적합성 낮음,"최종=0.526, 채널력=0.666, 성장성=0.436, 팬밀도=0.505, 라이브=0.396, 실전성=0.960, 운영제외리스크=0.120, 검증필요리스크=0.202",순위 3단계 하락 / 최종점수 -0.001 / 성장성 -0.000
1748,1144,UC8gA9gNwQyx7T3pJUap28Ww,Berlin,게임 실황형,붕괴스타레일,6980.0,5898.1,0.0393056810614153,0.5260061888747924,0.3944519438444924,0.4875212691391409,0.6938444924406048,0.4203721168874098,0.95984,제외,False,,성장성 신뢰도 양호,한국 타깃 적합성 낮음,"최종=0.526, 채널력=0.394, 성장성=0.488, 팬밀도=0.694, 라이브=0.420, 실전성=0.960, 운영제외리스크=0.120, 검증필요리스크=0.202",순위 24단계 하락 / 최종점수 -0.003 / 성장성 -0.000
1749,1151,UC1T4mHm00f-qp-_f5Qs2n5A,ASMR MUKBANG,음악·보이스형,ASMR보이스,3690.0,422.3,0.0454152280055019,0.5248087288386106,0.253023758099352,0.4202444927395489,0.7478401727861771,0.6662067071781359,0.95984,제외,False,,라이브친화도 상위권,한국 타깃 적합성 낮음,"최종=0.525, 채널력=0.253, 성장성=0.420, 팬밀도=0.748, 라이브=0.666, 실전성=0.960, 운영제외리스크=0.120, 검증필요리스크=0.202",순위 1단계 상승 / 최종점수 -0.001 / 성장성 +0.000
1750,1153,UCVL_XOYhX47IysmIbJ_OzFA,phs zip,음악·보이스형,커버,2600.0,52237.6,0.0321043923746398,0.5247500158682208,0.5697354211663067,0.4335565738132948,0.5815334773218143,0.4203721168874098,0.95984,제외,False,,성장성 신뢰도 양호,한국 타깃 적합성 낮음,"최종=0.525, 채널력=0.570, 성장성=0.434, 팬밀도=0.582, 라이브=0.420, 실전성=0.960, 운영제외리스크=0.120, 검증필요리스크=0.202",순위 5단계 하락 / 최종점수 -0.001 / 성장성 +0.001
1751,1168,UCn35g-NCGZILMIGeQrRDiOw,"SMG HOLDINGS CO.,LTD.",음악·보이스형,성우더빙,5150.0,9318.1,0.0525174389162457,0.5234148294641892,0.4586798056155508,0.3433755625122563,0.8012958963282938,0.4203721168874098,0.95984,제외,False,,팬밀도 상위권 / 성장성 신뢰도 양호,한국 타깃 적합성 낮음,"최종=0.523, 채널력=0.459, 성장성=0.343, 팬밀도=0.801, 라이브=0.420, 실전성=0.960, 운영제외리스크=0.120, 검증필요리스크=0.202",순위 1단계 상승 / 최종점수 -0.001 / 성장성 -0.000
1752,1171,UCz3DxNWHJnvejduva4T2DTA,HANATAME,음악·보이스형,보컬로이드JPOP커버,6750.0,3959.0,0.0239126297709342,0.5232879539811385,0.5479481641468682,0.5319022460308276,0.4254859611231101,0.4203721168874098,0.9688,제외,False,,성장성 신뢰도 양호,한국 타깃 적합성 낮음,"최종=0.523, 채널력=0.548, 성장성=0.532, 팬밀도=0.425, 라이브=0.420, 실전성=0.969, 운영제외리스크=0.120, 검증필요리스크=0.090",순위 1단계 하락 / 최종점수 -0.001 / 성장성 +0.000
1753,1183,UC2a7RXZiAtAovPe2wv7E6fQ,FLUFFY Eats,음악·보이스형,ASMR보이스,1530.0,1578.9,0.04014880956452,0.5216599412526998,0.399109071274298,0.5,0.7046436285097192,0.3960583153347732,0.95312,제외,False,,뚜렷한 강점 신호 부족,한국 타깃 적합성 낮음 / 성장성 신뢰도 낮음,"최종=0.522, 채널력=0.399, 성장성=0.500, 팬밀도=0.705, 라이브=0.396, 실전성=0.953, 운영제외리스크=0.120, 검증필요리스크=0.286",순위 2단계 상승 / 최종점수 -0.000
1754,1202,UCGFYIXr5S7CMjsxo0I_OZiQ,pitaolap,음악·보이스형,보컬로이드JPOP커버,2880.0,2140.2,0.0558131692060008,0.518938758963283,0.3123515118790496,0.5,0.8250539956803455,0.3960583153347732,0.94416,제외,False,,팬밀도 상위권,한국 타깃 적합성 낮음 / 성장성 신뢰도 낮음,"최종=0.519, 채널력=0.312, 성장성=0.500, 팬밀도=0.825, 라이브=0.396, 실전성=0.944, 운영제외리스크=0.120, 검증필요리스크=0.398",순위 1단계 하락 / 최종점수 -0.001
1755,1208,UC85bABgZmeYlnM9R6kfXOFg,Heeroひいろ,음악·보이스형,커버,3330.0,1334.5,0.027881260696975,0.5182398804842279,0.4272138228941684,0.5615925605242743,0.5053995680345572,0.4203721168874098,0.96464,제외,False,,성장성 신뢰도 양호,한국 타깃 적합성 낮음,"최종=0.518, 채널력=0.427, 성장성=0.562, 팬밀도=0.505, 라이브=0.420, 실전성=0.965, 운영제외리스크=0.136, 검증필요리스크=0.102",순위 3단계 하락 / 최종점수 -0.001 / 성장성 +0.002
1756,1212,UCNMtO5tEQAW-EsD73i9aj_g,Young,음악·보이스형,애니송커버,1110.0,318.2,0.0494119327022344,0.5175561507475736,0.2880129589632829,0.4726686568828749,0.7807775377969762,0.4203721168874098,0.95984,제외,False,,뚜렷한 강점 신호 부족,한국 타깃 적합성 낮음,"최종=0.518, 채널력=0.288, 성장성=0.473, 팬밀도=0.781, 라이브=0.420, 실전성=0.960, 운영제외리스크=0.120, 검증필요리스크=0.202",순위 5단계 하락 / 최종점수 -0.001 / 성장성 +0.000
1757,1237,UCTDSs9WMveL4b8CmwvR4uzA,栗子睡眠 ASMR,음악·보이스형,ASMR,4660.0,1447.7,0.0580545809798684,0.5138312045956521,0.2678320734341252,0.2901341551584458,0.8407127429805615,0.707169210267042,0.95568,제외,False,,팬밀도 상위권 / 라이브친화도 상위권 / 성장성 신뢰도 양호,한국 타깃 적합성 낮음,"최종=0.514, 채널력=0.268, 성장성=0.290, 팬밀도=0.841, 라이브=0.707, 실전성=0.956, 운영제외리스크=0.136, 검증필요리스크=0.214",순위 10단계 상승 / 최종점수 -0.000 / 성장성 -0.001
1758,1249,UCFnHgcXR1G6bsN6hzE4U4bA,PRISM,음악·보이스형,보컬로이드JPOP커버,1730.0,1116.4,0.0572332375525981,0.5127975054323961,0.2302510799136068,0.4565113922968893,0.8374730021598272,0.4203721168874098,0.95984,제외,False,,팬밀도 상위권,한국 타깃 적합성 낮음,"최종=0.513, 채널력=0.230, 성장성=0.457, 팬밀도=0.837, 라이브=0.420, 실전성=0.960, 운영제외리스크=0.120, 검증필요리스크=0.202",순위 7단계 상승 / 최종점수 -0.000 / 성장성 +0.000
1759,1269,UCHYrmYUlFYalniRSkCPttDg,sunnybr's piano,음악·보이스형,커버,2540.0,716.6,0.0418974451683671,0.5108123371966174,0.3687904967602591,0.4715042372881355,0.7219222462203023,0.3960583153347732,0.95312,제외,False,,뚜렷한 강점 신호 부족,한국 타깃 적합성 낮음 / 성장성 신뢰도 낮음,"최종=0.511, 채널력=0.369, 성장성=0.472, 팬밀도=0.722, 라이브=0.396, 실전성=0.953, 운영제외리스크=0.120, 검증필요리스크=0.286",순위 3단계 하락 / 최종점수 -0.001 / 성장성 -0.000
1760,1285,UCtup7usUjs_RshOX5LniH-g,Cosmograph,음악·보이스형,성우,128000.0,12872.4,0.0539525631817886,0.5086321976199397,0.4901592872570194,0.3529264754778189,0.8110151187904968,0.311066767704646,0.95088,제외,False,,팬밀도 상위권 / 성장성 신뢰도 양호,한국 타깃 적합성 낮음 / 수집 영상 수 부족,"최종=0.509, 채널력=0.490, 성장성=0.353, 팬밀도=0.811, 라이브=0.311, 실전성=0.951, 운영제외리스크=0.120, 검증필요리스크=0.314",순위 3단계 하락 / 최종점수 -0.002 / 성장성 -0.000
1761,1308,UCD8tgPMrmrazb4zeMlrZZMw,ppuppu asmr,음악·보이스형,ASMR보이스,42600.0,3335.6,0.0373403022882288,0.504737355075594,0.407626889848812,0.5,0.6652267818574514,0.3960583153347732,0.94416,제외,False,,뚜렷한 강점 신호 부족,한국 타깃 적합성 낮음 / 성장성 신뢰도 낮음,"최종=0.505, 채널력=0.408, 성장성=0.500, 팬밀도=0.665, 라이브=0.396, 실전성=0.944, 운영제외리스크=0.120, 검증필요리스크=0.398",순위 4단계 상승 / 최종점수 -0.000
1762,1312,UCN6UXZR4H0nG0xRSwxBIrjA,Shua ASMR,음악·보이스형,ASMR보이스,2300.0,4396.5,0.0295159450337678,0.5042006753050245,0.5043466522678186,0.4127171177753449,0.5340172786177105,0.4203721168874098,0.9688,제외,False,,성장성 신뢰도 양호,한국 타깃 적합성 낮음,"최종=0.504, 채널력=0.504, 성장성=0.413, 팬밀도=0.534, 라이브=0.420, 실전성=0.969, 운영제외리스크=0.120, 검증필요리스크=0.090",순위 3단계 하락 / 최종점수 -0.001 / 성장성 -0.000
1763,1326,UCKByjDvvgYUO55mzcSJNdyA,secret music village,음악·보이스형,JPOP커버,4420.0,6110.6,0.0495346847836625,0.5021111572906463,0.3362985961123109,0.4153049992883263,0.781317494600432,0.4203721168874098,0.95088,제외,False,,성장성 신뢰도 양호,한국 타깃 적합성 낮음 / 수집 영상 수 부족,"최종=0.502, 채널력=0.336, 성장성=0.415, 팬밀도=0.781, 라이브=0.420, 실전성=0.951, 운영제외리스크=0.120, 검증필요리스크=0.314",순위 12단계 상승 / 최종점수 +0.001 / 성장성 +0.001
1764,1335,UCUolLwg5QiDXwAT0Ng7fTgw,ImaginaryFantasyAI,창작·비주얼형,코스프레,10600.0,323600.1,0.0224807365075539,0.5008124790496761,0.7249055075593952,0.5,0.402267818574514,0.3960583153347732,0.75312,제외,False,,뚜렷한 강점 신호 부족,한국 타깃 적합성 낮음 / 성장성 신뢰도 낮음,"최종=0.501, 채널력=0.725, 성장성=0.500, 팬밀도=0.402, 라이브=0.396, 실전성=0.753, 운영제외리스크=0.120, 검증필요리스크=0.286",순위 6단계 상승 / 최종점수 -0.000
1765,1350,UCpzQmbQyW5N2Rh-GRJUmdEA,Midnight Chef NAM,음악·보이스형,애니송커버,7090.0,6600.6,0.0192107363610455,0.4994469157667387,0.5880129589632829,0.5,0.3342332613390928,0.3960583153347732,0.9688,제외,False,,성장성 신뢰도 양호,한국 타깃 적합성 낮음,"최종=0.499, 채널력=0.588, 성장성=0.500, 팬밀도=0.334, 라이브=0.396, 실전성=0.969, 운영제외리스크=0.120, 검증필요리스크=0.090",순위 18단계 하락 / 최종점수 -0.002
1766,1353,UCWp3uQq-3c91HTv8khgSJ6Q,popstory,,음악기타,40600.0,21477.3,0.0131359306924593,0.498872657616573,0.8157532397408207,0.4465189999895301,0.1927645788336933,0.4203721168874098,0.96152,제외,False,,성장성 신뢰도 양호,한국 타깃 적합성 낮음 / 상위 세그먼트 불명확,"최종=0.499, 채널력=0.816, 성장성=0.447, 팬밀도=0.193, 라이브=0.420, 실전성=0.962, 운영제외리스크=0.120, 검증필요리스크=0.181",순위 25단계 상승 / 최종점수 +0.004 / 성장성 +0.001
1767,1355,UCe7NidSvGNk8P3m5pI7oMVw,Rang ASMR,음악·보이스형,ASMR,372000.0,269949.2,0.029046185972911,0.4987253030896512,0.6375674946004319,0.4928760593220339,0.5221382289416847,0.3960583153347732,0.8351999999999999,제외,False,,뚜렷한 강점 신호 부족,한국 타깃 적합성 낮음 / 수집 영상 수 부족 / 성장성 신뢰도 낮음,"최종=0.499, 채널력=0.638, 성장성=0.493, 팬밀도=0.522, 라이브=0.396, 실전성=0.835, 운영제외리스크=0.120, 검증필요리스크=0.510",순위 15단계 하락 / 최종점수 -0.003 / 성장성 -0.000
1768,1376,UCgr_2yzDXL34EwXMEHEYVSg,ASMR Crush on 9,음악·보이스형,ASMR,722000.0,41233.6,0.0292673945362014,0.494956575096405,0.5796571274298057,0.4456423060151566,0.5259179265658748,0.4203721168874098,0.85088,제외,False,,성장성 신뢰도 양호,한국 타깃 적합성 낮음 / 수집 영상 수 부족,"최종=0.495, 채널력=0.580, 성장성=0.446, 팬밀도=0.526, 라이브=0.420, 실전성=0.851, 운영제외리스크=0.120, 검증필요리스크=0.314",순위 10단계 하락 / 최종점수 -0.002 / 성장성 +0.002
1769,1382,UCfI_oXvfAjmOA4WtDIVJLJg,soul voice,음악·보이스형,성우더빙,20800.0,108909.6,0.0146784940058197,0.4943100540743859,0.8745275377969762,0.3253908093073902,0.2300215982721382,0.4203721168874098,0.9688,제외,False,,성장성 신뢰도 양호,한국 타깃 적합성 낮음,"최종=0.494, 채널력=0.875, 성장성=0.325, 팬밀도=0.230, 라이브=0.420, 실전성=0.969, 운영제외리스크=0.120, 검증필요리스크=0.090",순위 7단계 하락 / 최종점수 -0.001 / 성장성 +0.000
1770,1401,UC6OZjiz6dWGLPaN06Nnt8Bg,Roe,음악·보이스형,커버,1510.0,1249.7,0.027553198962968,0.4900715553574698,0.4719357451403887,0.4928760593220339,0.4973002159827214,0.3960583153347732,0.95312,제외,False,,뚜렷한 강점 신호 부족,한국 타깃 적합성 낮음 / 성장성 신뢰도 낮음,"최종=0.490, 채널력=0.472, 성장성=0.493, 팬밀도=0.497, 라이브=0.396, 실전성=0.953, 운영제외리스크=0.120, 검증필요리스크=0.286",순위 8단계 하락 / 최종점수 -0.002 / 성장성 -0.000
1771,1408,UCTwsfRMcTjyXGfoQJMwvyzA,GIFT ON,,커버기타,8320.0,89655.9,0.0074867006837703,0.4888933273905081,0.7561015118790497,0.5502346364083202,0.0750539956803455,0.4203721168874098,0.96152,제외,False,,성장성 신뢰도 양호,한국 타깃 적합성 낮음 / 상위 세그먼트 불명확,"최종=0.489, 채널력=0.756, 성장성=0.550, 팬밀도=0.075, 라이브=0.420, 실전성=0.962, 운영제외리스크=0.120, 검증필요리스크=0.181",순위 5단계 하락 / 최종점수 -0.001 / 성장성 +0.000
1772,1410,UCk9VXgJ2G9ij6hXPotxAwXw,인생아트 人生アート,,음악기타,20600.0,21819.9,0.0160071272841725,0.4886781393564448,0.7849892008639309,0.4715042372881355,0.2624190064794816,0.3960583153347732,0.94168,제외,False,,뚜렷한 강점 신호 부족,한국 타깃 적합성 낮음 / 상위 세그먼트 불명확 / 성장성 신뢰도 낮음,"최종=0.489, 채널력=0.785, 성장성=0.472, 팬밀도=0.262, 라이브=0.396, 실전성=0.942, 운영제외리스크=0.136, 검증필요리스크=0.389",순위 3단계 하락 / 최종점수 -0.001 / 성장성 -0.000
1773,1413,UC3zpkhD5ZexYr9VK7B6DCBA,poco,음악·보이스형,애니송커버,3420.0,664.8,0.0384651707554813,0.4883460844968336,0.3050080993520518,0.4715042372881355,0.683585313174946,0.3960583153347732,0.95312,제외,False,,뚜렷한 강점 신호 부족,한국 타깃 적합성 낮음 / 성장성 신뢰도 낮음,"최종=0.488, 채널력=0.305, 성장성=0.472, 팬밀도=0.684, 라이브=0.396, 실전성=0.953, 운영제외리스크=0.120, 검증필요리스크=0.286",최종점수 -0.000 / 성장성 -0.000
1774,1416,UCW5tANh-dh7Va593JF8d1Mg,Dance with Miku,게임 실황형,붕괴스타레일,36300.0,6714.9,0.0294637796019682,0.4878808868306428,0.4581128509719222,0.429039975970048,0.531317494600432,0.4203721168874098,0.95984,제외,False,,성장성 신뢰도 양호,한국 타깃 적합성 낮음,"최종=0.488, 채널력=0.458, 성장성=0.429, 팬밀도=0.531, 라이브=0.420, 실전성=0.960, 운영제외리스크=0.120, 검증필요리스크=0.202",순위 12단계 상승 / 최종점수 +0.001 / 성장성 +0.000
1775,1423,UCb8y6iB74iTHjqgfYt418Rg,Remi Foods,음악·보이스형,ASMR보이스,2220.0,3791.2,0.0293122638932783,0.486483105399568,0.4163201943844491,0.5,0.5275377969762419,0.3960583153347732,0.95312,제외,False,,뚜렷한 강점 신호 부족,한국 타깃 적합성 낮음 / 성장성 신뢰도 낮음,"최종=0.486, 채널력=0.416, 성장성=0.500, 팬밀도=0.528, 라이브=0.396, 실전성=0.953, 운영제외리스크=0.120, 검증필요리스크=0.286",순위 9단계 하락 / 최종점수 -0.002
1776,1425,UCPVr_jRMfjfXNGro9IZtsgA,C A T,음악·보이스형,보컬로이드JPOP커버,20100.0,2937.8,0.027422551484548,0.4862137950799868,0.4848407127429806,0.4715042372881355,0.494060475161987,0.3960583153347732,0.95312,제외,False,,뚜렷한 강점 신호 부족,한국 타깃 적합성 낮음 / 성장성 신뢰도 낮음,"최종=0.486, 채널력=0.485, 성장성=0.472, 팬밀도=0.494, 라이브=0.396, 실전성=0.953, 운영제외리스크=0.120, 검증필요리스크=0.286",순위 13단계 하락 / 최종점수 -0.002 / 성장성 -0.000
1777,1435,UCFrSDQjPZ0TQWm1qH4LYfmg,Midnight Bambi,음악·보이스형,애니송커버,6290.0,1622.9,0.0392517613753877,0.4853036447625183,0.2473677105831533,0.4947297269917879,0.6927645788336934,0.4203721168874098,0.95088,제외,False,,성장성 신뢰도 양호,한국 타깃 적합성 낮음 / 수집 영상 수 부족,"최종=0.485, 채널력=0.247, 성장성=0.495, 팬밀도=0.693, 라이브=0.420, 실전성=0.951, 운영제외리스크=0.120, 검증필요리스크=0.314",순위 38단계 하락 / 최종점수 -0.005 / 성장성 -0.000
1778,1448,UC7moMn0_Ft5jA4jUuWMeWNw,아자몽(アザモン),버츄얼 퍼포먼스형,버튜버,1920.0,6059.8,0.0370748515329875,0.4839812850971922,0.3358936285097192,0.5,0.6625269978401728,0.3960583153347732,0.94,제외,False,,뚜렷한 강점 신호 부족,한국 타깃 적합성 낮음 / 성장성 신뢰도 낮음,"최종=0.484, 채널력=0.336, 성장성=0.500, 팬밀도=0.663, 라이브=0.396, 실전성=0.940, 운영제외리스크=0.136, 검증필요리스크=0.410",순위 4단계 상승 / 최종점수 -0.000
1779,1456,UCgTnzCb-ZpWeNvobv_ixtgw,hia,음악·보이스형,ASMR,42100.0,30077.3,0.0058832969535476,0.4830237553205788,0.6806560475161987,0.5757162773495631,0.0539956803455723,0.4203721168874098,0.9688,제외,False,,성장성 상위권,한국 타깃 적합성 낮음,"최종=0.483, 채널력=0.681, 성장성=0.576, 팬밀도=0.054, 라이브=0.420, 실전성=0.969, 운영제외리스크=0.120, 검증필요리스크=0.090",순위 9단계 상승 / 최종점수 -0.000 / 성장성 +0.000
1780,1464,UCy_jPlehgo8lDooUtflmDaQ,Jpop_g1,,음악기타,1540.0,13881.4,0.0300614866211513,0.4824669485961123,0.4609611231101512,0.5,0.5480561555075594,0.3960583153347732,0.93688,제외,False,,뚜렷한 강점 신호 부족,한국 타깃 적합성 낮음 / 상위 세그먼트 불명확 / 성장성 신뢰도 낮음,"최종=0.482, 채널력=0.461, 성장성=0.500, 팬밀도=0.548, 라이브=0.396, 실전성=0.937, 운영제외리스크=0.120, 검증필요리스크=0.489",순위 7단계 하락 / 최종점수 -0.001
1781,1471,UCIPxAVHnP7J_ZrvFKYLtXNg,K-POP Fans Area,음악·보이스형,애니송커버,4550.0,17324.3,0.0308402095028892,0.4807078246431699,0.5368520518358532,0.4085331663989284,0.5642548596112311,0.4203721168874098,0.75984,제외,False,,성장성 신뢰도 양호,한국 타깃 적합성 낮음,"최종=0.481, 채널력=0.537, 성장성=0.409, 팬밀도=0.564, 라이브=0.420, 실전성=0.760, 운영제외리스크=0.120, 검증필요리스크=0.202",순위 10단계 상승 / 최종점수 -0.000 / 성장성 +0.001
1782,1492,UCnLjmhBjFzCRHA7jYhhhp8Q,Xingchen,음악·보이스형,보컬로이드JPOP커버,1170.0,588.1,0.0351074027413119,0.4774044591792655,0.2341657667386608,0.5,0.6339092872570194,0.3960583153347732,0.95984,제외,False,,뚜렷한 강점 신호 부족,한국 타깃 적합성 낮음,"최종=0.477, 채널력=0.234, 성장성=0.500, 팬밀도=0.634, 라이브=0.396, 실전성=0.960, 운영제외리스크=0.120, 검증필요리스크=0.202",순위 5단계 하락 / 최종점수 -0.001
1783,1508,UCAPz0O516pT6ZPB25_n9HAg,Nunbusim ASMR,음악·보이스형,ASMR,50800.0,17293.9,0.0180892002856062,0.4744923158677333,0.499419546436285,0.558447366005322,0.310475161987041,0.4203721168874098,0.95088,제외,False,,뚜렷한 강점 신호 부족,한국 타깃 적합성 낮음 / 수집 영상 수 부족,"최종=0.474, 채널력=0.499, 성장성=0.558, 팬밀도=0.310, 라이브=0.420, 실전성=0.951, 운영제외리스크=0.120, 검증필요리스크=0.314",순위 3단계 상승 / 최종점수 -0.000 / 성장성 +0.000
1784,1515,UCs5L-TaUWh5IbjZB-iDLvyA,Fear,버츄얼 퍼포먼스형,버튜버,1840.0,8547.0,0.0194190916782766,0.4732587533477322,0.5457343412526998,0.5,0.3380129589632829,0.3960583153347732,0.95312,제외,False,,뚜렷한 강점 신호 부족,한국 타깃 적합성 낮음 / 성장성 신뢰도 낮음,"최종=0.473, 채널력=0.546, 성장성=0.500, 팬밀도=0.338, 라이브=0.396, 실전성=0.953, 운영제외리스크=0.120, 검증필요리스크=0.286",순위 3단계 하락 / 최종점수 -0.001
1785,1531,UCWfYe8BpSDPyO4-5OgsWhwg,Record Shop,음악·보이스형,애니송커버,40800.0,22809.7,0.0209452715476569,0.4698521835343028,0.5913741900647949,0.474234903259423,0.370950323974082,0.4203721168874098,0.93584,제외,False,,뚜렷한 강점 신호 부족,상업/판매/브랜드 채널 의심 / 한국 타깃 적합성 낮음,"최종=0.470, 채널력=0.591, 성장성=0.474, 팬밀도=0.371, 라이브=0.420, 실전성=0.936, 운영제외리스크=0.240, 검증필요리스크=0.202",순위 3단계 하락 / 최종점수 -0.001 / 성장성 -0.000
1786,1534,UCbY3T1RqE5yhuK9DgO3IKiA,Kpop Fact,음악·보이스형,애니송커버,28600.0,1359.0,0.0326397436774335,0.4693695091722127,0.3636744060475162,0.3900376012720142,0.5912526997840173,0.4203721168874098,0.95984,제외,False,,성장성 신뢰도 양호,한국 타깃 적합성 낮음,"최종=0.469, 채널력=0.364, 성장성=0.390, 팬밀도=0.591, 라이브=0.420, 실전성=0.960, 운영제외리스크=0.120, 검증필요리스크=0.202",순위 28단계 하락 / 최종점수 -0.006 / 성장성 +0.000
1787,1536,UCIxx6LoqhswQTZgoPSNe56Q,Ken Bass,음악·보이스형,애니송커버,15200.0,2443413.3,0.0160524207855802,0.4692546336933045,0.6469897408207342,0.5,0.2645788336933045,0.3960583153347732,0.94416,제외,False,,뚜렷한 강점 신호 부족,한국 타깃 적합성 낮음 / 성장성 신뢰도 낮음,"최종=0.469, 채널력=0.647, 성장성=0.500, 팬밀도=0.265, 라이브=0.396, 실전성=0.944, 운영제외리스크=0.120, 검증필요리스크=0.398",최종점수 -0.001
1788,1547,UCnhGZe7Pr_5wU9NQWsJLlPA,K-culture,음악·보이스형,애니송커버,5060.0,27849.4,0.0162786187171401,0.4668839399721877,0.5379724622030237,0.4970661531108629,0.269438444924406,0.4203721168874098,0.95984,제외,False,,성장성 신뢰도 양호,한국 타깃 적합성 낮음,"최종=0.467, 채널력=0.538, 성장성=0.497, 팬밀도=0.269, 라이브=0.420, 실전성=0.960, 운영제외리스크=0.120, 검증필요리스크=0.202",순위 4단계 상승 / 최종점수 -0.000 / 성장성 +0.001
1789,1549,UC0KWiWxCzSJ7TAzGblcpILA,Bvibvi Piano,음악·보이스형,보컬로이드JPOP커버,2440.0,742.2,0.0254961470109432,0.4660122714541664,0.3680075593952484,0.4415760271941409,0.4600431965442764,0.4203721168874098,0.9688,제외,False,,뚜렷한 강점 신호 부족,한국 타깃 적합성 낮음,"최종=0.466, 채널력=0.368, 성장성=0.442, 팬밀도=0.460, 라이브=0.420, 실전성=0.969, 운영제외리스크=0.120, 검증필요리스크=0.090",순위 8단계 하락 / 최종점수 -0.003 / 성장성 -0.001
1790,1553,UCroQKeAtEXkPaCFg2-rJYQw,AniSamba! | アニサンバ!,음악·보이스형,애니송커버,1470.0,660.7,0.0276418041174822,0.4655547066954643,0.333585313174946,0.5,0.5005399568034558,0.3960583153347732,0.95568,제외,False,,뚜렷한 강점 신호 부족,한국 타깃 적합성 낮음,"최종=0.466, 채널력=0.334, 성장성=0.500, 팬밀도=0.501, 라이브=0.396, 실전성=0.956, 운영제외리스크=0.136, 검증필요리스크=0.214",순위 18단계 하락 / 최종점수 -0.005
1791,1555,UCYS-mP5glUcytkNY59CcJiQ,ADPtype,음악·보이스형,애니송커버,1410.0,260089.1,0.0111725159108747,0.4649435770999188,0.514835313174946,0.6050448787367467,0.146328293736501,0.4203721168874098,0.95984,제외,False,,성장성 상위권 / 성장성 신뢰도 양호,한국 타깃 적합성 낮음,"최종=0.465, 채널력=0.515, 성장성=0.605, 팬밀도=0.146, 라이브=0.420, 실전성=0.960, 운영제외리스크=0.120, 검증필요리스크=0.202",순위 2단계 상승 / 최종점수 -0.001 / 성장성 +0.001
1792,1567,UC8Mw7sMgiJOkZI85rh02twQ,H,음악·보이스형,커버,2650.0,73502.6,0.0190313351918918,0.4629349792656588,0.5502294816414687,0.5,0.3326133909287257,0.3960583153347732,0.94416,제외,False,,뚜렷한 강점 신호 부족,한국 타깃 적합성 낮음 / 성장성 신뢰도 낮음,"최종=0.463, 채널력=0.550, 성장성=0.500, 팬밀도=0.333, 라이브=0.396, 실전성=0.944, 운영제외리스크=0.120, 검증필요리스크=0.398",순위 2단계 하락 / 최종점수 -0.002
1793,1572,UCHbY840XmjsE2ThF3FIyKSA,Candy Jam ASMR,음악·보이스형,ASMR,92100.0,39439.2,0.0207159359073612,0.462094820731906,0.5550890928725702,0.4929820694310544,0.3623110151187905,0.4203721168874098,0.9352,제외,False,,뚜렷한 강점 신호 부족,한국 타깃 적합성 낮음 / 수집 영상 수 부족 / 성장성 신뢰도 낮음,"최종=0.462, 채널력=0.555, 성장성=0.493, 팬밀도=0.362, 라이브=0.420, 실전성=0.935, 운영제외리스크=0.120, 검증필요리스크=0.510",순위 4단계 하락 / 최종점수 -0.002 / 성장성 -0.000
1794,1576,UCjTMa2nKR4g5IMj1hkDtUXg,Meow Nhi Nhi,음악·보이스형,ASMR보이스,99900.0,5601987.0,0.0125289920628787,0.4608859022531505,0.6886474082073434,0.429379933858208,0.177645788336933,0.4203721168874098,0.95984,제외,False,,성장성 신뢰도 양호,한국 타깃 적합성 낮음,"최종=0.461, 채널력=0.689, 성장성=0.429, 팬밀도=0.178, 라이브=0.420, 실전성=0.960, 운영제외리스크=0.120, 검증필요리스크=0.202",순위 1단계 하락 / 최종점수 -0.001 / 성장성 -0.000
1795,1587,UCml_Dsx3APj2SoQ0fJ4symA,Behind the Character,창작·비주얼형,코스프레,1040.0,3588.1,0.0172145918795368,0.4577328354211663,0.5237580993520519,0.5,0.2894168466522678,0.3960583153347732,0.95312,제외,False,,뚜렷한 강점 신호 부족,한국 타깃 적합성 낮음 / 성장성 신뢰도 낮음,"최종=0.458, 채널력=0.524, 성장성=0.500, 팬밀도=0.289, 라이브=0.396, 실전성=0.953, 운영제외리스크=0.120, 검증필요리스크=0.286",순위 5단계 상승 / 최종점수 -0.001
1796,1592,UCNcWt_LxVO_Hqo-0HcMGb_Q,TREE WAVE,음악·보이스형,애니송커버,3720.0,3659.4,0.0273498875291805,0.4562019717434571,0.2895113390928725,0.5150797377305618,0.4924406047516199,0.4203721168874098,0.95088,제외,False,,성장성 신뢰도 양호,한국 타깃 적합성 낮음 / 수집 영상 수 부족,"최종=0.456, 채널력=0.290, 성장성=0.515, 팬밀도=0.492, 라이브=0.420, 실전성=0.951, 운영제외리스크=0.120, 검증필요리스크=0.314",순위 13단계 하락 / 최종점수 -0.005 / 성장성 +0.001
1797,1595,UC8UnZtejBXNfGCNy-kJ4mdQ,Zara Imran Edits💖,음악·보이스형,ASMR보이스,13400.0,21475.6,0.0118127031927252,0.4547724844637298,0.7044816414686825,0.3720969206176819,0.1609071274298056,0.4203721168874098,0.9688,제외,False,,성장성 신뢰도 양호,한국 타깃 적합성 낮음,"최종=0.455, 채널력=0.704, 성장성=0.372, 팬밀도=0.161, 라이브=0.420, 실전성=0.969, 운영제외리스크=0.120, 검증필요리스크=0.090",순위 9단계 하락 / 최종점수 -0.004 / 성장성 +0.002
1798,1597,UCYjmovn5kWoiNA2HDTQIiIQ,Iroa ASMR,음악·보이스형,ASMR보이스,3210.0,754.2,0.0338766113400309,0.4546434025917926,0.2344627429805615,0.5,0.6106911447084233,0.3960583153347732,0.94416,제외,False,,뚜렷한 강점 신호 부족,한국 타깃 적합성 낮음 / 성장성 신뢰도 낮음,"최종=0.455, 채널력=0.234, 성장성=0.500, 팬밀도=0.611, 라이브=0.396, 실전성=0.944, 운영제외리스크=0.120, 검증필요리스크=0.398",순위 1단계 상승 / 최종점수 -0.001
1799,1601,UCVppF4ZoggUMIptLjcNrVbA,jumsu,게임 실황형,발로란트,5950.0,9174.7,0.0278428688356015,0.4534245587007944,0.383895788336933,0.4220919080579854,0.5037796976241901,0.4203721168874098,0.95088,제외,False,,성장성 신뢰도 양호,한국 타깃 적합성 낮음 / 수집 영상 수 부족,"최종=0.453, 채널력=0.384, 성장성=0.422, 팬밀도=0.504, 라이브=0.420, 실전성=0.951, 운영제외리스크=0.120, 검증필요리스크=0.314",순위 1단계 상승 / 최종점수 -0.001 / 성장성 +0.001
1800,1621,UCcXSYTDImw7ALJ-6cniAwvg,iii.coconut,음악·보이스형,ASMR보이스,1960.0,9532.4,0.022273967972286,0.4471685105831532,0.4132289416846652,0.5,0.3979481641468682,0.3960583153347732,0.94416,제외,False,,뚜렷한 강점 신호 부족,한국 타깃 적합성 낮음 / 성장성 신뢰도 낮음,"최종=0.447, 채널력=0.413, 성장성=0.500, 팬밀도=0.398, 라이브=0.396, 실전성=0.944, 운영제외리스크=0.120, 검증필요리스크=0.398",최종점수 -0.000
1801,1627,UCtRlMZIFYt3BOq31t0xvq8g,Sān-Z - Topic,음악·보이스형,애니송커버,43800.0,9275.2,0.0149438422777357,0.4440443205183584,0.5610151187904968,0.5,0.2359611231101512,0.3960583153347732,0.94416,제외,False,,뚜렷한 강점 신호 부족,한국 타깃 적합성 낮음 / 성장성 신뢰도 낮음,"최종=0.444, 채널력=0.561, 성장성=0.500, 팬밀도=0.236, 라이브=0.396, 실전성=0.944, 운영제외리스크=0.120, 검증필요리스크=0.398",순위 3단계 상승 / 최종점수 -0.000
1802,1631,UCh1l-XohhJxYhUe0zKdJJqg,123 GO LIKE! Korean,창작·비주얼형,일러스트리깅,198000.0,1477.5,0.0068757191495426,0.4429289399962297,0.5479211663066954,0.3596123588431327,0.0626349892008639,0.738474168723263,0.9688,제외,False,,라이브친화도 상위권 / 성장성 신뢰도 양호,한국 타깃 적합성 낮음,"최종=0.443, 채널력=0.548, 성장성=0.360, 팬밀도=0.063, 라이브=0.738, 실전성=0.969, 운영제외리스크=0.120, 검증필요리스크=0.090",순위 1단계 상승 / 최종점수 -0.001 / 성장성 +0.000
1803,1632,UCcF7U5hVj9S-R2nZiS9KUDg,ASMR ZUZU,음악·보이스형,ASMR,1390.0,1290.6,0.0312958700831274,0.4426567996659836,0.2973677105831533,0.3258462490552285,0.5718142548596112,0.4203721168874098,0.9688,제외,False,,성장성 신뢰도 양호,한국 타깃 적합성 낮음,"최종=0.443, 채널력=0.297, 성장성=0.326, 팬밀도=0.572, 라이브=0.420, 실전성=0.969, 운영제외리스크=0.120, 검증필요리스크=0.090",순위 69단계 하락 / 최종점수 -0.022 / 성장성 +0.000
1804,1652,UCRyqCoAolEgAsFna4CXPA2A,Hinaru,음악·보이스형,애니송커버,1010.0,1150.9,0.0339828005360791,0.4390818475161986,0.1583288336933045,0.5,0.6160907127429806,0.3960583153347732,0.94416,제외,False,,뚜렷한 강점 신호 부족,한국 타깃 적합성 낮음 / 성장성 신뢰도 낮음,"최종=0.439, 채널력=0.158, 성장성=0.500, 팬밀도=0.616, 라이브=0.396, 실전성=0.944, 운영제외리스크=0.120, 검증필요리스크=0.398",순위 1단계 하락 / 최종점수 -0.001
1805,1658,UCKazh_8KKpau7ddjXAXFlnw,KACHU ASMR,음악·보이스형,ASMR,14000.0,49829.5,0.0173332108215921,0.4385375010799136,0.525310475161987,0.5,0.2926565874730021,0.3960583153347732,0.9352,제외,False,,뚜렷한 강점 신호 부족,한국 타깃 적합성 낮음 / 수집 영상 수 부족 / 성장성 신뢰도 낮음,"최종=0.439, 채널력=0.525, 성장성=0.500, 팬밀도=0.293, 라이브=0.396, 실전성=0.935, 운영제외리스크=0.120, 검증필요리스크=0.510",순위 4단계 하락 / 최종점수 -0.001
1806,1660,UCJTGd4drapVRCjhy5Yf6RRw,Seliban,창작·비주얼형,코스프레,20600.0,920.9,0.0176655408915214,0.4378708651718709,0.468682505399568,0.435884533898305,0.3012958963282937,0.3960583153347732,0.95984,제외,False,,뚜렷한 강점 신호 부족,한국 타깃 적합성 낮음,"최종=0.438, 채널력=0.469, 성장성=0.436, 팬밀도=0.301, 라이브=0.396, 실전성=0.960, 운영제외리스크=0.120, 검증필요리스크=0.202",순위 4단계 하락 / 최종점수 -0.001 / 성장성 -0.000
1807,1675,UCNlWu3Fn_v20IzksttzVDHw,justhaiper,창작·비주얼형,코스프레,91400.0,302159.2,0.0163509186052079,0.4331989005454478,0.9402942764578832,0.0440677966101694,0.2710583153347732,0.3960583153347732,0.96672,제외,False,,성장성 신뢰도 양호,한국 타깃 적합성 낮음,"최종=0.433, 채널력=0.940, 성장성=0.044, 팬밀도=0.271, 라이브=0.396, 실전성=0.967, 운영제외리스크=0.128, 검증필요리스크=0.096",순위 3단계 하락 / 최종점수 -0.001 / 성장성 -0.000
1808,1676,UCWHAhG_UokohL0kxjtOBYPA,akaBack,음악·보이스형,애니송커버,3280.0,20748.0,0.0142263520071822,0.4330086833693304,0.5302915766738661,0.5,0.2165226781857451,0.3960583153347732,0.94416,제외,False,,뚜렷한 강점 신호 부족,한국 타깃 적합성 낮음 / 성장성 신뢰도 낮음,"최종=0.433, 채널력=0.530, 성장성=0.500, 팬밀도=0.217, 라이브=0.396, 실전성=0.944, 운영제외리스크=0.120, 검증필요리스크=0.398",순위 1단계 하락 / 최종점수 +0.000
1809,1699,UCzgu5igAyozksIjwJMID-ZQ,Candy SHORTS,음악·보이스형,ASMR,840000.0,409727.6,0.0153388877742404,0.4277977261602194,0.6963687904967603,0.496979570305083,0.2446004319654427,0.4203721168874098,0.80688,제외,False,,뚜렷한 강점 신호 부족,리믹스/쇼츠/플레이리스트/재업로드성 채널 의심 / 한국 타깃 적합성 낮음,"최종=0.428, 채널력=0.696, 성장성=0.497, 팬밀도=0.245, 라이브=0.420, 실전성=0.807, 운영제외리스크=0.340, 검증필요리스크=0.314",순위 16단계 하락 / 최종점수 -0.004 / 성장성 -0.000
1810,1701,UC-HFbDnOvEK587ORx5S80hQ,HH,음악·보이스형,애니송커버,19400.0,1965.3,0.0208636670724078,0.4264414756829722,0.3453158747300215,0.425939487221425,0.3687904967602591,0.4203721168874098,0.95984,제외,False,,뚜렷한 강점 신호 부족,한국 타깃 적합성 낮음,"최종=0.426, 채널력=0.345, 성장성=0.426, 팬밀도=0.369, 라이브=0.420, 실전성=0.960, 운영제외리스크=0.120, 검증필요리스크=0.202",순위 3단계 하락 / 최종점수 -0.001 / 성장성 +0.000
1811,1704,UCjdfxCeAhDSWBqdgkkiKITg,Bunny EATING,음악·보이스형,ASMR,236000.0,28349.8,0.016071104742537,0.4251285749517361,0.5524433045356372,0.3761239161124903,0.2651187904967602,0.4203721168874098,0.95088,제외,False,,성장성 신뢰도 양호,한국 타깃 적합성 낮음 / 수집 영상 수 부족,"최종=0.425, 채널력=0.552, 성장성=0.376, 팬밀도=0.265, 라이브=0.420, 실전성=0.951, 운영제외리스크=0.120, 검증필요리스크=0.314",순위 2단계 하락 / 최종점수 +0.000 / 성장성 -0.000
1812,1706,UCi0frS11BIFmHCSx02FVHoA,AIMOECH,창작·비주얼형,코스프레,11500.0,131815.2,0.0002762509644945,0.4246999688435772,0.703091252699784,0.435884533898305,0.0070194384449244,0.3960583153347732,0.95984,제외,False,,뚜렷한 강점 신호 부족,한국 타깃 적합성 낮음,"최종=0.425, 채널력=0.703, 성장성=0.436, 팬밀도=0.007, 라이브=0.396, 실전성=0.960, 운영제외리스크=0.120, 검증필요리스크=0.202",순위 2단계 하락 / 최종점수 -0.000 / 성장성 -0.000
1813,1707,UCxC1iSg6YIYiA1csnAvPzEQ,Seoul Line4,음악·보이스형,ASMR보이스,4330.0,2201.3,0.0085143543939103,0.4245905637364865,0.4832883369330453,0.4843425292514863,0.1020518358531317,0.4203721168874098,0.9688,제외,False,,성장성 신뢰도 양호,한국 타깃 적합성 낮음,"최종=0.425, 채널력=0.483, 성장성=0.484, 팬밀도=0.102, 라이브=0.420, 실전성=0.969, 운영제외리스크=0.120, 검증필요리스크=0.090",순위 7단계 하락 / 최종점수 -0.002 / 성장성 -0.001
1814,1715,UC4fFg_eKTD5372zz84eJUAw,ASMR KING 👑,음악·보이스형,ASMR,4060.0,4969.9,0.0290486479894368,0.4208493437419921,0.6225836933045356,0.0440677966101694,0.5226781857451404,0.3960583153347732,0.9688,제외,False,,성장성 신뢰도 양호,한국 타깃 적합성 낮음,"최종=0.421, 채널력=0.623, 성장성=0.044, 팬밀도=0.523, 라이브=0.396, 실전성=0.969, 운영제외리스크=0.120, 검증필요리스크=0.090",순위 5단계 하락 / 최종점수 -0.002 / 성장성 -0.000
1815,1725,UCtw6Qwx296E2N78PQidUjYw,The I's story,음악·보이스형,커버,2250.0,2250.1,0.0151382582081635,0.4181163006579179,0.338633909287257,0.5028530090001961,0.2397408207343412,0.4203721168874098,0.95984,제외,False,,성장성 신뢰도 양호,한국 타깃 적합성 낮음,"최종=0.418, 채널력=0.339, 성장성=0.503, 팬밀도=0.240, 라이브=0.420, 실전성=0.960, 운영제외리스크=0.120, 검증필요리스크=0.202",순위 6단계 하락 / 최종점수 -0.002 / 성장성 -0.000
1816,1729,UCp26AquzZbrUYux3b2ljfig,Fantasypage,창작·비주얼형,코스프레,13900.0,27230.8,0.0151445415393099,0.4158312199559122,0.5361366090712743,0.4952242048885898,0.2402807775377969,0.4203721168874098,0.7441599999999999,제외,False,,뚜렷한 강점 신호 부족,한국 타깃 적합성 낮음 / 성장성 신뢰도 낮음,"최종=0.416, 채널력=0.536, 성장성=0.495, 팬밀도=0.240, 라이브=0.420, 실전성=0.744, 운영제외리스크=0.120, 검증필요리스크=0.398",순위 1단계 상승 / 최종점수 -0.000 / 성장성 +0.000
1817,1731,UCUXUs91IpIImnOLQ_ZyAeSA,Flow Music Recorder,음악·보이스형,보컬로이드JPOP커버,10400.0,311.6,0.0081196906340001,0.4145472155375165,0.4025377969762418,0.5221023239435325,0.0890928725701943,0.4203721168874098,0.9688,제외,False,,뚜렷한 강점 신호 부족,한국 타깃 적합성 낮음,"최종=0.415, 채널력=0.403, 성장성=0.522, 팬밀도=0.089, 라이브=0.420, 실전성=0.969, 운영제외리스크=0.120, 검증필요리스크=0.090",순위 25단계 하락 / 최종점수 -0.010 / 성장성 +0.000
1818,1738,UCRqRlzl3fTevgH_Ssix5hnw,kusyo,음악·보이스형,커버,15100.0,1846.5,0.0152309094989767,0.4104978842332613,0.4025917926565875,0.5,0.2419006479481641,0.3960583153347732,0.94416,제외,False,,뚜렷한 강점 신호 부족,한국 타깃 적합성 낮음 / 성장성 신뢰도 낮음,"최종=0.410, 채널력=0.403, 성장성=0.500, 팬밀도=0.242, 라이브=0.396, 실전성=0.944, 운영제외리스크=0.120, 검증필요리스크=0.398",순위 1단계 하락 / 최종점수 -0.001
1819,1747,UC8RNVzpXNCIiVnlj9Bcee0A,Myers,창작·비주얼형,코스프레,2340.0,1049.2,0.0147293824133391,0.4054388468937754,0.3153212742980561,0.5085287318264999,0.2327213822894168,0.4203721168874098,0.95312,제외,False,,뚜렷한 강점 신호 부족,한국 타깃 적합성 낮음 / 성장성 신뢰도 낮음,"최종=0.405, 채널력=0.315, 성장성=0.509, 팬밀도=0.233, 라이브=0.420, 실전성=0.953, 운영제외리스크=0.120, 검증필요리스크=0.286",순위 3단계 상승 / 최종점수 +0.000 / 성장성 -0.000
1820,1750,UC-vaGSnPdS6hfSQyjj8oDdw,ONNA,음악·보이스형,ASMR,100000.0,8702.5,0.0143141088463965,0.4032927870059641,0.5669006479481642,0.2879537740352577,0.2176025917926566,0.4203721168874098,0.95984,제외,False,,성장성 신뢰도 양호,한국 타깃 적합성 낮음,"최종=0.403, 채널력=0.567, 성장성=0.288, 팬밀도=0.218, 라이브=0.420, 실전성=0.960, 운영제외리스크=0.120, 검증필요리스크=0.202",순위 16단계 상승 / 최종점수 +0.006 / 성장성 -0.000
1821,1755,UCMRMvhK7Sc3ht1fsW3w2d1w, veraa asmr,음악·보이스형,ASMR,24200.0,1565.7,0.0221272992490306,0.4005092412418166,0.2906722462203023,0.3924788103758911,0.3941684665226782,0.4203721168874098,0.95088,제외,False,,성장성 신뢰도 양호,한국 타깃 적합성 낮음 / 수집 영상 수 부족,"최종=0.401, 채널력=0.291, 성장성=0.392, 팬밀도=0.394, 라이브=0.420, 실전성=0.951, 운영제외리스크=0.120, 검증필요리스크=0.314",순위 38단계 상승 / 최종점수 +0.017 / 성장성 +0.000
1822,1756,UCBU0COcFrSzjJWonz1AGpWg,Room 4O4,음악·보이스형,애니송커버,3480.0,625.1,0.0123689527216886,0.4004164207343412,0.37877969762419,0.5,0.1738660907127429,0.3960583153347732,0.95312,제외,False,,뚜렷한 강점 신호 부족,한국 타깃 적합성 낮음 / 성장성 신뢰도 낮음,"최종=0.400, 채널력=0.379, 성장성=0.500, 팬밀도=0.174, 라이브=0.396, 실전성=0.953, 운영제외리스크=0.120, 검증필요리스크=0.286",순위 1단계 하락 / 최종점수 -0.001
1823,1758,UCoG1o0carnmSSFo7DJMV9AA,gangsigi,음악·보이스형,애니송커버,1060.0,442.2,0.0269860260040347,0.3997829814254859,0.1076673866090712,0.5,0.488120950323974,0.3960583153347732,0.94416,제외,False,,뚜렷한 강점 신호 부족,한국 타깃 적합성 낮음 / 성장성 신뢰도 낮음,"최종=0.400, 채널력=0.108, 성장성=0.500, 팬밀도=0.488, 라이브=0.396, 실전성=0.944, 운영제외리스크=0.120, 검증필요리스크=0.398",순위 5단계 하락 / 최종점수 -0.003
1824,1761,UCWsk8pnAGKAX3mVHf0QiupA,펀앤팝ファンポップ,음악·보이스형,보컬로이드JPOP커버,2450.0,24717.0,0.0043892171431715,0.3993200954643628,0.4936420086393088,0.5,0.0394168466522678,0.3960583153347732,0.95568,제외,False,,성장성 신뢰도 양호,한국 타깃 적합성 낮음,"최종=0.399, 채널력=0.494, 성장성=0.500, 팬밀도=0.039, 라이브=0.396, 실전성=0.956, 운영제외리스크=0.136, 검증필요리스크=0.214",순위 1단계 하락 / 최종점수 +0.000
1825,1763,UC81ww2samgPyBR7_KikzBtA,KaranEating,음악·보이스형,ASMR보이스,173000.0,39529.0,0.0002889445614083,0.3983855466045,0.607761879049676,0.4029323508180569,0.0080993520518358,0.4203721168874098,0.95984,제외,False,,성장성 신뢰도 양호,한국 타깃 적합성 낮음,"최종=0.398, 채널력=0.608, 성장성=0.403, 팬밀도=0.008, 라이브=0.420, 실전성=0.960, 운영제외리스크=0.120, 검증필요리스크=0.202",순위 1단계 하락 / 최종점수 -0.000 / 성장성 -0.000
1826,1767,UCvNYiaBsfUxamFsAON50Nqg,Bites ASMR,음악·보이스형,ASMR,6170.0,2555.7,0.0092318576055095,0.395922818209715,0.604670626349892,0.339220853425499,0.1123110151187904,0.3070734541831007,0.9688,제외,False,,성장성 신뢰도 양호,한국 타깃 적합성 낮음,"최종=0.396, 채널력=0.605, 성장성=0.339, 팬밀도=0.112, 라이브=0.307, 실전성=0.969, 운영제외리스크=0.120, 검증필요리스크=0.090",순위 7단계 상승 / 최종점수 +0.002 / 성장성 -0.000
1827,1768,UCs4BnKNSwT2ype3RjGpOyGw,ILNOTE,,서브컬쳐게임,6570.0,30673.3,0.0112119939604873,0.3958980570932714,0.5162661987041037,0.3858609651060946,0.1474082073434125,0.4203721168874098,0.95256,제외,False,,성장성 신뢰도 양호,한국 타깃 적합성 낮음 / 상위 세그먼트 불명확,"최종=0.396, 채널력=0.516, 성장성=0.386, 팬밀도=0.147, 라이브=0.420, 실전성=0.953, 운영제외리스크=0.120, 검증필요리스크=0.293",순위 42단계 상승 / 최종점수 +0.025 / 성장성 -0.114
1828,1769,UCEJ-f4hrXfRtwOlsI_J3dCA,PENUP,창작·비주얼형,일러스트리깅,14200.0,431.7,0.0130237207259587,0.3957579199110331,0.4209773218142548,0.3620229204024819,0.1889848812095032,0.4203721168874098,0.9688,제외,False,,성장성 신뢰도 양호,한국 타깃 적합성 낮음,"최종=0.396, 채널력=0.421, 성장성=0.362, 팬밀도=0.189, 라이브=0.420, 실전성=0.969, 운영제외리스크=0.120, 검증필요리스크=0.090",순위 2단계 하락 / 최종점수 -0.001 / 성장성 -0.000
1829,1773,UCze07yPlnaT9OeEW0OkHFtQ,sechan,음악·보이스형,보컬로이드JPOP커버,1960.0,2409.5,0.0177633276505403,0.3944166207343412,0.2668601511879049,0.5,0.3045356371490281,0.3960583153347732,0.94416,제외,False,,뚜렷한 강점 신호 부족,한국 타깃 적합성 낮음 / 성장성 신뢰도 낮음,"최종=0.394, 채널력=0.267, 성장성=0.500, 팬밀도=0.305, 라이브=0.396, 실전성=0.944, 운영제외리스크=0.120, 검증필요리스크=0.398",순위 4단계 하락 / 최종점수 -0.001
1830,1781,UCdU7uGDZr4LnH7xWFZMsDBg,bjy,음악·보이스형,ASMR보이스,1230.0,8016.333333333333,0.0102564143311172,0.3906900881400829,0.3989470842332613,0.4423636816648241,0.1317494600431965,0.4203721168874098,0.95984,제외,False,,성장성 신뢰도 양호,한국 타깃 적합성 낮음,"최종=0.391, 채널력=0.399, 성장성=0.442, 팬밀도=0.132, 라이브=0.420, 실전성=0.960, 운영제외리스크=0.120, 검증필요리스크=0.202",순위 3단계 하락 / 최종점수 +0.001 / 성장성 +0.001
1831,1796,UCoN42uWnbk4Q72cL7lTYhYg,Sea_HanSe,,음악기타,4550.0,1072.4,0.0133420722483865,0.3820648175293565,0.3118520518358531,0.4588849938156548,0.1960043196544276,0.4203721168874098,0.95256,제외,False,,성장성 신뢰도 양호,한국 타깃 적합성 낮음 / 상위 세그먼트 불명확,"최종=0.382, 채널력=0.312, 성장성=0.459, 팬밀도=0.196, 라이브=0.420, 실전성=0.953, 운영제외리스크=0.120, 검증필요리스크=0.293",순위 3단계 상승 / 최종점수 +0.002 / 성장성 -0.000
1832,1797,UC8mzWTtWCvyn5HMMv-DVhOg,Pika⚡️pika⚡️,,서브컬쳐게임,1440.0,1392.4,0.0145435706494724,0.3820404836626568,0.3084368250539956,0.4036846391389966,0.2235421166306695,0.4203721168874098,0.96152,제외,False,,성장성 신뢰도 양호,한국 타깃 적합성 낮음 / 상위 세그먼트 불명확,"최종=0.382, 채널력=0.308, 성장성=0.404, 팬밀도=0.224, 라이브=0.420, 실전성=0.962, 운영제외리스크=0.120, 검증필요리스크=0.181",순위 4단계 상승 / 최종점수 +0.006 / 성장성 +0.000
1833,1800,UCYtY8BQYmC12oSe9xAHr2-A,Hajwa,음악·보이스형,애니송커버,1370.0,1220.4,0.0185837740975567,0.3803399468682505,0.1855966522678185,0.5,0.3218142548596112,0.3960583153347732,0.94416,제외,False,,뚜렷한 강점 신호 부족,한국 타깃 적합성 낮음 / 성장성 신뢰도 낮음,"최종=0.380, 채널력=0.186, 성장성=0.500, 팬밀도=0.322, 라이브=0.396, 실전성=0.944, 운영제외리스크=0.120, 검증필요리스크=0.398",순위 4단계 하락 / 최종점수 -0.002
1834,1803,UCwqI8VbPKHI7fxPxQbAx15g,黑狗흑구,음악·보이스형,성우,1180.0,4407.1,0.0148313108949109,0.3768560151187904,0.2766063714902807,0.5,0.2348812095032397,0.3960583153347732,0.94,제외,False,,뚜렷한 강점 신호 부족,한국 타깃 적합성 낮음 / 성장성 신뢰도 낮음,"최종=0.377, 채널력=0.277, 성장성=0.500, 팬밀도=0.235, 라이브=0.396, 실전성=0.940, 운영제외리스크=0.136, 검증필요리스크=0.410",순위 1단계 하락 / 최종점수 +0.001
1835,1805,UCsdB5CIjdlix3E5gtsRkEQw,The Natsu,,기타 연주,2160.0,1092.2,0.0111045650169724,0.3751106830581722,0.313944384449244,0.4994044904204194,0.1452483801295896,0.4203721168874098,0.94584,제외,False,,뚜렷한 강점 신호 부족,한국 타깃 적합성 낮음 / 상위 세그먼트 불명확 / 성장성 신뢰도 낮음,"최종=0.375, 채널력=0.314, 성장성=0.499, 팬밀도=0.145, 라이브=0.420, 실전성=0.946, 운영제외리스크=0.120, 검증필요리스크=0.377",순위 2단계 하락 / 최종점수 -0.001 / 성장성 -0.000
1836,1816,UCFkZEA8uYrHFTL9bQLBbT_g,ASMR Ting Asian 舔耳朵,음악·보이스형,ASMR보이스,2260.0,100.5,0.0,0.3638755981102994,0.3164281857451403,0.4923158115337705,0.0026997840172786,0.4203721168874098,0.96464,제외,False,,성장성 신뢰도 양호,한국 타깃 적합성 낮음,"최종=0.364, 채널력=0.316, 성장성=0.492, 팬밀도=0.003, 라이브=0.420, 실전성=0.965, 운영제외리스크=0.136, 검증필요리스크=0.102",순위 2단계 하락 / 최종점수 -0.000 / 성장성 +0.000
1837,1821,UCOECeYNTJyIKaY2b616eK4Q,SamTok,음악·보이스형,애니송커버,1950.0,561.2,0.0126919576038121,0.3597684025917927,0.231938444924406,0.5,0.1819654427645788,0.3960583153347732,0.94416,제외,False,,뚜렷한 강점 신호 부족,한국 타깃 적합성 낮음 / 성장성 신뢰도 낮음,"최종=0.360, 채널력=0.232, 성장성=0.500, 팬밀도=0.182, 라이브=0.396, 실전성=0.944, 운영제외리스크=0.120, 검증필요리스크=0.398",순위 1단계 하락 / 최종점수 -0.001
1838,1822,UCTNahY7wHFGpEulutE5pNkg,Lucyma,,커버기타,1070.0,1685.9,0.015597682122091,0.359058471274298,0.1948299136069114,0.5,0.2532397408207343,0.3960583153347732,0.93688,제외,False,,뚜렷한 강점 신호 부족,한국 타깃 적합성 낮음 / 상위 세그먼트 불명확 / 성장성 신뢰도 낮음,"최종=0.359, 채널력=0.195, 성장성=0.500, 팬밀도=0.253, 라이브=0.396, 실전성=0.937, 운영제외리스크=0.120, 검증필요리스크=0.489",순위 1단계 하락 / 최종점수 -0.000
1839,1826,UCbln7xUpX1e3m7f78L1SjkA,JWT,음악·보이스형,애니송커버,1920.0,856.0,0.0025435418022863,0.355713525101585,0.3635799136069114,0.4715042372881355,0.0221382289416846,0.3960583153347732,0.95312,제외,False,,뚜렷한 강점 신호 부족,한국 타깃 적합성 낮음 / 성장성 신뢰도 낮음,"최종=0.356, 채널력=0.364, 성장성=0.472, 팬밀도=0.022, 라이브=0.396, 실전성=0.953, 운영제외리스크=0.120, 검증필요리스크=0.286",순위 1단계 하락 / 최종점수 -0.000 / 성장성 -0.000
1840,1827,UCfsDoyHDpBXGn6O_hk5wpCA,pino_miya.6.25,음악·보이스형,일렉기타연주,1200.0,681.4,0.013204501771512,0.3554841713063864,0.0918601511879049,0.5448576488508664,0.1943844492440604,0.4203721168874098,0.95088,제외,False,,성장성 신뢰도 양호,한국 타깃 적합성 낮음 / 수집 영상 수 부족,"최종=0.355, 채널력=0.092, 성장성=0.545, 팬밀도=0.194, 라이브=0.420, 실전성=0.951, 운영제외리스크=0.120, 검증필요리스크=0.314",순위 1단계 하락 / 최종점수 -0.000 / 성장성 +0.001
1841,1829,UCX2wKnVjhabbBRv19U5PfQw,KOKO Snep,음악·보이스형,ASMR,1190.0,1940.7,0.0043952372865305,0.3468361971952555,0.1691279697624189,0.5745976055505454,0.0399568034557235,0.4203721168874098,0.95088,제외,False,,성장성 상위권 / 성장성 신뢰도 양호,한국 타깃 적합성 낮음 / 수집 영상 수 부족,"최종=0.347, 채널력=0.169, 성장성=0.575, 팬밀도=0.040, 라이브=0.420, 실전성=0.951, 운영제외리스크=0.120, 검증필요리스크=0.314",순위 1단계 하락 / 최종점수 -0.000 / 성장성 -0.000
1842,1830,UCZGtGUjjCFxNUNGwkrA9ewQ,Vivid Voyages,창작·비주얼형,코스프레,1670.0,3477.3,0.0051463539884623,0.3465499853588018,0.3218547516198703,0.4188748866344853,0.0480561555075593,0.4203721168874098,0.95776,제외,False,,성장성 신뢰도 양호,한국 타깃 적합성 낮음,"최종=0.347, 채널력=0.322, 성장성=0.419, 팬밀도=0.048, 라이브=0.420, 실전성=0.958, 운영제외리스크=0.128, 검증필요리스크=0.208",최종점수 +0.000 / 성장성 +0.000
1843,1835,UCaktUEdbrkEgmsmcZ5NEf1w,Zona Motor,음악·보이스형,ASMR보이스,1150.0,5.4,0.0,0.3341144819233443,0.2576403887688984,0.4928760593220339,0.0026997840172786,0.3960583153347732,0.95312,제외,False,,뚜렷한 강점 신호 부족,한국 타깃 적합성 낮음 / 성장성 신뢰도 낮음,"최종=0.334, 채널력=0.258, 성장성=0.493, 팬밀도=0.003, 라이브=0.396, 실전성=0.953, 운영제외리스크=0.120, 검증필요리스크=0.286",순위 1단계 상승 / 최종점수 -0.000 / 성장성 -0.000
1844,1837,UCqWxTGsrJxSooV7PFWHw9Rg,xesii.,버츄얼 퍼포먼스형,버튜버,1800.0,853.8,0.0046587366754073,0.3318585753779697,0.2449244060475161,0.5,0.0421166306695464,0.3960583153347732,0.94416,제외,False,,뚜렷한 강점 신호 부족,한국 타깃 적합성 낮음 / 성장성 신뢰도 낮음,"최종=0.332, 채널력=0.245, 성장성=0.500, 팬밀도=0.042, 라이브=0.396, 실전성=0.944, 운영제외리스크=0.120, 검증필요리스크=0.398",순위 1단계 상승 / 최종점수 -0.001
1845,1838,UCYfREO8U5P0NwcKcE1vQlVg,001 CLUB,음악·보이스형,애니송커버,6690.0,128.0,0.0007462686567164,0.3278612751619871,0.2580723542116631,0.5,0.0107991360691144,0.3960583153347732,0.94416,제외,False,,뚜렷한 강점 신호 부족,한국 타깃 적합성 낮음 / 성장성 신뢰도 낮음,"최종=0.328, 채널력=0.258, 성장성=0.500, 팬밀도=0.011, 라이브=0.396, 실전성=0.944, 운영제외리스크=0.120, 검증필요리스크=0.398",순위 1단계 상승 / 최종점수 +0.000
1846,1840,UCA3lHO38Fg0J5rMlvkdtC_w,202psj,버츄얼 퍼포먼스형,버튜버,2470.0,10.9,0.0058823529411764,0.323264082937365,0.1945194384449244,0.5,0.0534557235421166,0.3960583153347732,0.94416,제외,False,,뚜렷한 강점 신호 부족,한국 타깃 적합성 낮음 / 성장성 신뢰도 낮음,"최종=0.323, 채널력=0.195, 성장성=0.500, 팬밀도=0.053, 라이브=0.396, 실전성=0.944, 운영제외리스크=0.120, 검증필요리스크=0.398",최종점수 -0.001
1847,1843,UCRGkQeqgNYfDof-vGZO6GyQ,ASMR FUFU,음악·보이스형,ASMR,5670.0,442.2,0.0032922185203588,0.3166252335112125,0.386541576673866,0.2328898688511323,0.0280777537796976,0.4203721168874098,0.9688,제외,False,,성장성 신뢰도 양호,한국 타깃 적합성 낮음,"최종=0.317, 채널력=0.387, 성장성=0.233, 팬밀도=0.028, 라이브=0.420, 실전성=0.969, 운영제외리스크=0.120, 검증필요리스크=0.090",최종점수 -0.001 / 성장성 +0.000
1848,1844,UCXKGMoEggVMRok84-lgk-Uw,Bakddang,음악·보이스형,ASMR보이스,1260.0,5480.9,0.0063920780552746,0.3150006973276713,0.2976916846652267,0.3219014830508474,0.0588552915766738,0.3960583153347732,0.95984,제외,False,,뚜렷한 강점 신호 부족,한국 타깃 적합성 낮음,"최종=0.315, 채널력=0.298, 성장성=0.322, 팬밀도=0.059, 라이브=0.396, 실전성=0.960, 운영제외리스크=0.120, 검증필요리스크=0.202",순위 1단계 상승 / 최종점수 -0.000 / 성장성 -0.000
1849,1848,UCg-81T-639f48lpy0UIXf3g,AI M/V,음악·보이스형,일렉기타연주,1520.0,2024.2,0.011333914007747,0.2925939805615551,0.1901322894168466,0.5,0.1517278617710583,0.3960583153347732,0.8952,제외,False,,뚜렷한 강점 신호 부족,AI/뉴스/자동생성성 채널 의심 / 한국 타깃 적합성 낮음 / 수집 영상 수 부족 / 성장성 신뢰도 낮음,"최종=0.293, 채널력=0.190, 성장성=0.500, 팬밀도=0.152, 라이브=0.396, 실전성=0.895, 운영제외리스크=0.320, 검증필요리스크=0.510",최종점수 -0.001
1850,1850,UCS78q0J1eBPlB7P_H7l_8qA,Only Remix Shorts,음악·보이스형,ASMR보이스,5630.0,18389.2,0.0116246053295336,0.2528861852106746,0.4772273218142548,0.0440677966101694,0.1565874730021598,0.3960583153347732,0.91584,제외,False,,성장성 신뢰도 양호,리믹스/쇼츠/플레이리스트/재업로드성 채널 의심 / 한국 타깃 적합성 낮음,"최종=0.253, 채널력=0.477, 성장성=0.044, 팬밀도=0.157, 라이브=0.396, 실전성=0.916, 운영제외리스크=0.340, 검증필요리스크=0.202",최종점수 -0.001 / 성장성 -0.000
1851,1851,UCUgw2RaM0DtA5gtRk7XiI5A,Cat’s Table,음악·보이스형,ASMR보이스,10000.0,2997.8,0.006325895959935,0.2497218439579748,0.3556560475161986,0.0440677966101694,0.0577753779697624,0.3960583153347732,0.95984,제외,False,,성장성 신뢰도 양호,한국 타깃 적합성 낮음,"최종=0.250, 채널력=0.356, 성장성=0.044, 팬밀도=0.058, 라이브=0.396, 실전성=0.960, 운영제외리스크=0.120, 검증필요리스크=0.202",최종점수 -0.000 / 성장성 -0.000
1852,1852,UCBqg6g3c536RGvhLSS-K5xg,WNN Live AI (ワールド・ニュース・ネットワーク AI),창작·비주얼형,일러스트리깅,6950.0,9625.0,0.0006087765082022,0.2115060547571109,0.4377294816414687,0.0440677966101694,0.0091792656587473,0.3960583153347732,0.91568,제외,False,,성장성 신뢰도 양호,AI/뉴스/자동생성성 채널 의심 / 한국 타깃 적합성 낮음,"최종=0.212, 채널력=0.438, 성장성=0.044, 팬밀도=0.009, 라이브=0.396, 실전성=0.916, 운영제외리스크=0.336, 검증필요리스크=0.214",최종점수 +0.000 / 성장성 -0.000
